-- MySQL dump 10.13  Distrib 5.5.29, for Win64 (x86)
--
-- Host: localhost    Database: migration
-- ------------------------------------------------------
-- Server version	5.5.29

/*!40101 SET @OLD_CHARACTER_SET_CLIENT=@@CHARACTER_SET_CLIENT */;
/*!40101 SET @OLD_CHARACTER_SET_RESULTS=@@CHARACTER_SET_RESULTS */;
/*!40101 SET @OLD_COLLATION_CONNECTION=@@COLLATION_CONNECTION */;
/*!40101 SET NAMES utf8 */;
/*!40103 SET @OLD_TIME_ZONE=@@TIME_ZONE */;
/*!40103 SET TIME_ZONE='+00:00' */;
/*!40014 SET @OLD_UNIQUE_CHECKS=@@UNIQUE_CHECKS, UNIQUE_CHECKS=0 */;
/*!40014 SET @OLD_FOREIGN_KEY_CHECKS=@@FOREIGN_KEY_CHECKS, FOREIGN_KEY_CHECKS=0 */;
/*!40101 SET @OLD_SQL_MODE=@@SQL_MODE, SQL_MODE='NO_AUTO_VALUE_ON_ZERO' */;
/*!40111 SET @OLD_SQL_NOTES=@@SQL_NOTES, SQL_NOTES=0 */;

--
-- Table structure for table `accounts`
--

DROP TABLE IF EXISTS `accounts`;
/*!40101 SET @saved_cs_client     = @@character_set_client */;
/*!40101 SET character_set_client = utf8 */;
CREATE TABLE `accounts` (
  `ID` int(11) NOT NULL AUTO_INCREMENT,
  `LAST_UPDATED_BY` int(11) NOT NULL,
  `LAST_UPDATED_TIMESTAMP` datetime NOT NULL,
  `CREDIT` decimal(19,2) NOT NULL,
  `DEBIT` decimal(19,2) NOT NULL,
  `ENTITY_ID` int(11) NOT NULL,
  `NOTES` varchar(255) NOT NULL,
  `REF` varchar(255) NOT NULL,
  `TIMESTAMP` datetime NOT NULL,
  `COA_ID` int(11) NOT NULL,
  PRIMARY KEY (`ID`),
  KEY `FKAF43ABE6130C277C` (`COA_ID`),
  CONSTRAINT `FKAF43ABE6130C277C` FOREIGN KEY (`COA_ID`) REFERENCES `coa` (`ID`)
) ENGINE=InnoDB AUTO_INCREMENT=377 DEFAULT CHARSET=utf8;
/*!40101 SET character_set_client = @saved_cs_client */;

--
-- Dumping data for table `accounts`
--

LOCK TABLES `accounts` WRITE;
/*!40000 ALTER TABLE `accounts` DISABLE KEYS */;
INSERT INTO `accounts` VALUES (1,2,'2014-01-27 16:05:18',0.00,25272.00,1,'pembelian','','2014-01-27 16:05:18',543),(2,2,'2014-01-27 16:05:18',0.00,25272.00,2,'pembelian','','2014-01-27 16:05:18',543),(3,2,'2014-01-27 16:05:18',0.00,37908.00,3,'pembelian','','2014-01-27 16:05:18',543),(4,2,'2014-01-27 16:05:18',0.00,25272.00,4,'pembelian','','2014-01-27 16:05:18',543),(5,2,'2014-01-27 16:05:18',0.00,244000.00,5,'pembelian','','2014-01-27 16:05:18',543),(6,2,'2014-01-27 16:05:18',0.00,35640.00,6,'pembelian','','2014-01-27 16:05:18',543),(7,2,'2014-01-27 16:25:06',0.00,17725.00,7,'pembelian','','2014-01-27 16:25:06',543),(8,2,'2014-01-27 16:25:06',0.00,1636550.00,8,'pembelian','','2014-01-27 16:25:06',543),(9,2,'2014-01-27 16:25:06',0.00,6360.00,9,'pembelian','','2014-01-27 16:25:06',543),(10,2,'2014-01-27 16:25:06',0.00,4180.00,10,'pembelian','','2014-01-27 16:25:06',543),(11,2,'2014-01-27 16:25:06',0.00,5600.00,11,'pembelian','','2014-01-27 16:25:06',543),(12,2,'2014-01-27 16:25:06',0.00,23700.00,12,'pembelian','','2014-01-27 16:25:06',543),(13,2,'2014-01-27 16:25:06',0.00,0.00,13,'pembelian','','2014-01-27 16:25:06',543),(14,2,'2014-01-27 16:44:46',0.00,62724.00,14,'pembelian','','2014-01-27 16:44:46',543),(15,2,'2014-01-27 16:44:46',0.00,24540.00,15,'pembelian','','2014-01-27 16:44:46',543),(16,2,'2014-01-27 16:44:46',0.00,12000.00,16,'pembelian','','2014-01-27 16:44:46',543),(17,2,'2014-01-27 16:44:46',0.00,12000.00,17,'pembelian','','2014-01-27 16:44:46',543),(18,2,'2014-01-27 16:44:46',0.00,0.00,18,'pembelian','','2014-01-27 16:44:46',543),(19,2,'2014-01-27 17:00:22',0.00,9816.00,19,'pembelian','','2014-01-27 17:00:22',543),(20,2,'2014-01-27 17:00:22',0.00,70000.00,20,'pembelian','','2014-01-27 17:00:22',543),(21,2,'2014-01-27 17:00:22',0.00,0.00,21,'pembelian','','2014-01-27 17:00:22',543),(22,2,'2014-01-27 17:10:35',0.00,0.00,22,'pembelian','','2014-01-27 17:10:35',543),(23,2,'2014-01-27 17:13:57',0.00,24000.00,23,'pembelian','','2014-01-27 17:13:57',543),(24,2,'2014-01-27 18:07:17',0.00,52800.00,24,'pembelian','','2014-01-27 18:07:17',543),(25,2,'2014-01-27 18:07:17',0.00,49500.00,25,'pembelian','','2014-01-27 18:07:17',543),(26,2,'2014-01-27 18:07:17',0.00,49500.00,26,'pembelian','','2014-01-27 18:07:17',543),(27,2,'2014-01-27 18:07:17',0.00,10000.00,27,'pembelian','','2014-01-27 18:07:17',543),(28,2,'2014-01-27 18:07:17',0.00,10000.00,28,'pembelian','','2014-01-27 18:07:17',543),(29,2,'2014-01-27 18:07:17',0.00,10000.00,29,'pembelian','','2014-01-27 18:07:17',543),(30,2,'2014-01-27 18:07:17',0.00,63000.00,30,'pembelian','','2014-01-27 18:07:17',543),(31,2,'2014-01-27 18:07:17',0.00,180000.00,31,'pembelian','','2014-01-27 18:07:17',543),(32,2,'2014-01-27 18:07:17',0.00,65000.00,32,'pembelian','','2014-01-27 18:07:17',543),(33,2,'2014-01-27 18:07:17',0.00,65000.00,33,'pembelian','','2014-01-27 18:07:17',543),(34,2,'2014-01-27 18:07:17',0.00,0.00,34,'pembelian','','2014-01-27 18:07:17',543),(35,2,'2014-01-27 18:44:06',0.00,118800.00,35,'pembelian','','2014-01-27 18:44:06',543),(36,2,'2014-01-27 18:44:06',0.00,59400.00,36,'pembelian','','2014-01-27 18:44:06',543),(37,2,'2014-01-27 18:44:06',0.00,292500.00,37,'pembelian','','2014-01-27 18:44:06',543),(38,2,'2014-01-27 18:44:06',0.00,59400.00,38,'pembelian','','2014-01-27 18:44:06',543),(39,2,'2014-01-27 18:44:06',0.00,111243.00,39,'pembelian','','2014-01-27 18:44:06',543),(40,2,'2014-01-27 18:44:06',0.00,28272.00,40,'pembelian','','2014-01-27 18:44:06',543),(41,2,'2014-01-27 18:44:06',0.00,132804.00,41,'pembelian','','2014-01-27 18:44:06',543),(42,2,'2014-01-27 18:44:06',0.00,150000.00,42,'pembelian','','2014-01-27 18:44:06',543),(43,2,'2014-01-27 18:44:06',0.00,120000.00,43,'pembelian','','2014-01-27 18:44:06',543),(44,2,'2014-01-27 18:44:06',0.00,25000.00,44,'pembelian','','2014-01-27 18:44:06',543),(45,2,'2014-01-27 18:44:06',0.00,60000.00,45,'pembelian','','2014-01-27 18:44:06',543),(46,2,'2014-01-27 18:44:06',0.00,26274.00,46,'pembelian','','2014-01-27 18:44:06',543),(47,2,'2014-01-27 18:44:06',0.00,50904.00,47,'pembelian','','2014-01-27 18:44:06',543),(48,2,'2014-01-27 18:44:06',0.00,26274.00,48,'pembelian','','2014-01-27 18:44:06',543),(49,2,'2014-01-27 18:44:06',0.00,0.00,49,'pembelian','','2014-01-27 18:44:06',543),(50,2,'2014-01-28 14:12:27',0.00,88344.00,50,'pembelian','','2014-01-28 14:12:27',543),(51,2,'2014-01-28 14:12:27',0.00,87144.00,51,'pembelian','','2014-01-28 14:12:27',543),(52,2,'2014-01-28 14:12:27',0.00,72250.00,52,'pembelian','','2014-01-28 14:12:27',543),(53,2,'2014-01-28 14:12:27',0.00,65025.00,53,'pembelian','','2014-01-28 14:12:27',543),(54,2,'2014-01-28 14:12:27',0.00,54000.00,54,'pembelian','','2014-01-28 14:12:27',543),(55,2,'2014-01-28 14:12:27',0.00,96000.00,55,'pembelian','','2014-01-28 14:12:27',543),(56,2,'2014-01-28 14:12:27',0.00,96000.00,56,'pembelian','','2014-01-28 14:12:27',543),(57,2,'2014-01-28 14:12:27',0.00,96000.00,57,'pembelian','','2014-01-28 14:12:27',543),(58,2,'2014-01-28 14:12:27',0.00,96000.00,58,'pembelian','','2014-01-28 14:12:27',543),(59,2,'2014-01-28 14:12:27',0.00,96000.00,59,'pembelian','','2014-01-28 14:12:27',543),(60,2,'2014-01-28 14:12:27',0.00,88000.00,60,'pembelian','','2014-01-28 14:12:27',543),(61,2,'2014-01-28 14:12:27',0.00,81000.00,61,'pembelian','','2014-01-28 14:12:27',543),(62,2,'2014-01-28 14:12:27',0.00,72250.00,62,'pembelian','','2014-01-28 14:12:27',543),(63,2,'2014-01-28 14:29:39',0.00,59250.00,63,'pembelian','','2014-01-28 14:29:39',543),(64,2,'2014-01-28 14:29:39',0.00,72750.00,64,'pembelian','','2014-01-28 14:29:39',543),(65,2,'2014-01-28 14:29:39',0.00,72750.00,65,'pembelian','','2014-01-28 14:29:39',543),(66,2,'2014-01-28 14:29:39',0.00,83106.00,66,'pembelian','','2014-01-28 14:29:39',543),(67,2,'2014-01-28 14:29:39',0.00,95250.00,67,'pembelian','','2014-01-28 14:29:39',543),(68,2,'2014-01-28 14:29:39',0.00,112344.00,68,'pembelian','','2014-01-28 14:29:39',543),(69,2,'2014-01-28 14:29:39',0.00,80000.00,69,'pembelian','','2014-01-28 14:29:39',543),(70,2,'2014-01-28 14:29:39',0.00,97875.00,70,'pembelian','','2014-01-28 14:29:39',543),(71,2,'2014-01-28 14:29:39',0.00,0.00,71,'pembelian','','2014-01-28 14:29:39',543),(72,2,'2014-01-28 14:33:10',0.00,65318.00,72,'pembelian','','2014-01-28 14:33:10',543),(73,2,'2014-01-28 14:48:30',0.00,66144.00,73,'pembelian','','2014-01-28 14:48:30',543),(74,2,'2014-01-28 14:48:30',0.00,69744.00,74,'pembelian','','2014-01-28 14:48:30',543),(75,2,'2014-01-28 14:48:30',0.00,69744.00,75,'pembelian','','2014-01-28 14:48:30',543),(76,2,'2014-01-28 14:48:30',0.00,158700.00,76,'pembelian','','2014-01-28 14:48:30',543),(77,2,'2014-01-28 14:48:30',0.00,93735.00,77,'pembelian','','2014-01-28 14:48:30',543),(78,2,'2014-01-28 14:48:30',0.00,77250.00,78,'pembelian','','2014-01-28 14:48:30',543),(79,2,'2014-01-28 14:48:30',0.00,33600.00,79,'pembelian','','2014-01-28 14:48:30',543),(80,2,'2014-01-28 14:48:30',0.00,33600.00,80,'pembelian','','2014-01-28 14:48:30',543),(81,2,'2014-01-28 14:48:30',0.00,0.00,81,'pembelian','','2014-01-28 14:48:30',543),(82,2,'2014-01-28 15:03:25',0.00,63000.00,82,'pembelian','','2014-01-28 15:03:25',543),(83,2,'2014-01-28 15:03:25',0.00,48000.00,83,'pembelian','','2014-01-28 15:03:25',543),(84,2,'2014-01-28 15:03:25',0.00,100000.00,84,'pembelian','','2014-01-28 15:03:25',543),(85,2,'2014-01-28 15:03:25',0.00,30000.00,85,'pembelian','','2014-01-28 15:03:25',543),(86,2,'2014-01-28 15:03:25',0.00,54000.00,86,'pembelian','','2014-01-28 15:03:25',543),(87,2,'2014-01-28 15:03:25',0.00,55000.00,87,'pembelian','','2014-01-28 15:03:25',543),(88,2,'2014-01-28 15:03:25',0.00,86000.00,88,'pembelian','','2014-01-28 15:03:25',543),(89,2,'2014-01-28 15:12:22',0.00,98000.00,89,'pembelian','','2014-01-28 15:12:22',543),(90,2,'2014-01-28 15:12:22',0.00,72000.00,90,'pembelian','','2014-01-28 15:12:22',543),(91,2,'2014-01-28 15:12:22',0.00,72000.00,91,'pembelian','','2014-01-28 15:12:22',543),(92,2,'2014-01-28 15:40:30',0.00,112344.00,92,'pembelian','','2014-01-28 15:40:30',543),(93,2,'2014-01-28 15:40:30',0.00,112344.00,93,'pembelian','','2014-01-28 15:40:30',543),(94,2,'2014-01-28 15:40:30',0.00,24000.00,94,'pembelian','','2014-01-28 15:40:30',543),(95,2,'2014-01-28 15:40:30',0.00,12000.00,95,'pembelian','','2014-01-28 15:40:30',543),(96,2,'2014-01-28 15:40:30',0.00,75000.00,96,'pembelian','','2014-01-28 15:40:30',543),(97,2,'2014-01-28 15:40:30',0.00,73500.00,97,'pembelian','','2014-01-28 15:40:30',543),(98,2,'2014-01-28 15:40:30',0.00,25500.00,98,'pembelian','','2014-01-28 15:40:30',543),(99,2,'2014-01-28 15:40:30',0.00,15300.00,99,'pembelian','','2014-01-28 15:40:30',543),(100,2,'2014-01-28 15:40:30',0.00,13500.00,100,'pembelian','','2014-01-28 15:40:30',543),(101,2,'2014-01-28 15:40:30',0.00,27000.00,101,'pembelian','','2014-01-28 15:40:30',543),(102,2,'2014-01-28 15:40:30',0.00,0.00,102,'pembelian','','2014-01-28 15:40:30',543),(103,2,'2014-01-28 15:43:35',0.00,25500.00,103,'pembelian','','2014-01-28 15:43:35',543),(104,2,'2014-01-28 15:43:35',0.00,0.00,104,'pembelian','','2014-01-28 15:43:35',543),(105,4,'2014-01-30 12:36:17',0.00,10000.00,105,'pembelian','','2014-01-30 12:36:17',543),(106,4,'2014-01-30 12:36:17',0.00,12000.00,106,'pembelian','','2014-01-30 12:36:17',543),(107,4,'2014-01-30 12:36:17',0.00,7500.00,107,'pembelian','','2014-01-30 12:36:17',543),(108,4,'2014-01-30 12:36:17',0.00,7500.00,108,'pembelian','','2014-01-30 12:36:17',543),(109,4,'2014-01-30 12:36:17',0.00,6000.00,109,'pembelian','','2014-01-30 12:36:17',543),(110,4,'2014-01-30 12:36:17',0.00,10000.00,110,'pembelian','','2014-01-30 12:36:17',543),(111,4,'2014-01-30 12:36:17',0.00,6000.00,111,'pembelian','','2014-01-30 12:36:17',543),(112,4,'2014-01-30 12:36:17',0.00,11400.00,112,'pembelian','','2014-01-30 12:36:17',543),(113,4,'2014-01-30 12:36:17',0.00,18000.00,113,'pembelian','','2014-01-30 12:36:17',543),(114,4,'2014-01-30 12:36:17',0.00,6000.00,114,'pembelian','','2014-01-30 12:36:17',543),(115,4,'2014-01-30 12:36:17',0.00,12000.00,115,'pembelian','','2014-01-30 12:36:17',543),(116,4,'2014-01-30 12:36:17',0.00,0.00,116,'pembelian','','2014-01-30 12:36:17',543),(117,4,'2014-01-30 12:57:33',0.00,18500.00,117,'pembelian','','2014-01-30 12:57:33',543),(118,4,'2014-01-30 12:57:33',0.00,18000.00,118,'pembelian','','2014-01-30 12:57:33',543),(119,4,'2014-01-30 12:57:33',0.00,12000.00,119,'pembelian','','2014-01-30 12:57:33',543),(120,4,'2014-01-30 12:57:33',0.00,14000.00,120,'pembelian','','2014-01-30 12:57:33',543),(121,4,'2014-01-30 12:57:33',0.00,7500.00,121,'pembelian','','2014-01-30 12:57:33',543),(122,4,'2014-01-30 12:57:33',0.00,13000.00,122,'pembelian','','2014-01-30 12:57:33',543),(123,4,'2014-01-30 13:21:52',0.00,15000.00,123,'pembelian','','2014-01-30 13:21:52',543),(124,4,'2014-01-30 13:21:52',0.00,30000.00,124,'pembelian','','2014-01-30 13:21:52',543),(125,4,'2014-01-30 13:21:52',0.00,16800.00,125,'pembelian','','2014-01-30 13:21:52',543),(126,4,'2014-01-30 13:21:52',0.00,14000.00,126,'pembelian','','2014-01-30 13:21:52',543),(127,4,'2014-01-30 13:21:52',0.00,21000.00,127,'pembelian','','2014-01-30 13:21:52',543),(128,4,'2014-01-30 13:21:52',0.00,12000.00,128,'pembelian','','2014-01-30 13:21:52',543),(129,4,'2014-01-30 13:21:52',0.00,12000.00,129,'pembelian','','2014-01-30 13:21:52',543),(130,4,'2014-01-30 13:21:52',0.00,12000.00,130,'pembelian','','2014-01-30 13:21:52',543),(131,4,'2014-01-30 13:21:52',0.00,42000.00,131,'pembelian','','2014-01-30 13:21:52',543),(132,4,'2014-01-30 13:21:52',0.00,20000.00,132,'pembelian','','2014-01-30 13:21:52',543),(133,4,'2014-01-30 13:21:52',0.00,27000.00,133,'pembelian','','2014-01-30 13:21:52',543),(134,4,'2014-01-30 13:21:52',0.00,24000.00,134,'pembelian','','2014-01-30 13:21:52',543),(135,4,'2014-01-30 13:21:52',0.00,8000.00,135,'pembelian','','2014-01-30 13:21:52',543),(136,4,'2014-01-30 13:21:52',0.00,7800.00,136,'pembelian','','2014-01-30 13:21:52',543),(137,4,'2014-01-30 13:21:52',0.00,76800.00,137,'pembelian','','2014-01-30 13:21:52',543),(138,4,'2014-01-30 13:21:52',0.00,45000.00,138,'pembelian','','2014-01-30 13:21:52',543),(139,4,'2014-01-30 13:21:52',0.00,33000.00,139,'pembelian','','2014-01-30 13:21:52',543),(140,4,'2014-01-30 13:21:52',0.00,0.00,140,'pembelian','','2014-01-30 13:21:52',543),(141,1,'2014-01-30 15:15:29',0.00,341000.00,141,'pembelian','','2014-01-30 15:15:29',543),(142,1,'2014-01-30 15:15:29',0.00,350000.00,142,'pembelian','','2014-01-30 15:15:29',543),(143,1,'2014-01-30 15:15:29',0.00,180000.00,143,'pembelian','','2014-01-30 15:15:29',543),(144,1,'2014-01-30 15:15:29',0.00,210000.00,144,'pembelian','','2014-01-30 15:15:29',543),(145,1,'2014-01-30 15:15:29',0.00,300000.00,145,'pembelian','','2014-01-30 15:15:29',543),(146,1,'2014-01-30 15:15:29',0.00,120000.00,146,'pembelian','','2014-01-30 15:15:29',543),(147,1,'2014-01-30 15:15:29',0.00,180000.00,147,'pembelian','','2014-01-30 15:15:29',543),(148,1,'2014-01-30 15:15:29',0.00,150000.00,148,'pembelian','','2014-01-30 15:15:29',543),(149,1,'2014-01-30 15:15:29',0.00,300000.00,149,'pembelian','','2014-01-30 15:15:29',543),(150,1,'2014-01-30 15:18:22',0.00,150000.00,150,'pembelian','','2014-01-30 15:18:22',543),(151,1,'2014-01-30 15:18:22',0.00,192000.00,151,'pembelian','','2014-01-30 15:18:22',543),(152,2,'2014-01-30 16:26:53',0.00,20000.00,152,'pembelian','','2014-01-30 16:26:53',543),(153,2,'2014-01-30 16:26:53',0.00,84000.00,153,'pembelian','','2014-01-30 16:26:53',543),(154,2,'2014-01-30 16:26:53',0.00,46200.00,154,'pembelian','','2014-01-30 16:26:53',543),(155,2,'2014-01-30 16:26:53',0.00,28200.00,155,'pembelian','','2014-01-30 16:26:53',543),(156,2,'2014-01-30 16:26:53',0.00,27000.00,156,'pembelian','','2014-01-30 16:26:53',543),(157,2,'2014-01-30 16:26:53',0.00,23400.00,157,'pembelian','','2014-01-30 16:26:53',543),(158,2,'2014-01-30 16:26:53',0.00,7500.00,158,'pembelian','','2014-01-30 16:26:53',543),(159,2,'2014-01-30 16:26:53',0.00,7500.00,159,'pembelian','','2014-01-30 16:26:53',543),(160,2,'2014-01-30 16:26:53',0.00,3000.00,160,'pembelian','','2014-01-30 16:26:53',543),(161,2,'2014-01-30 16:26:53',0.00,4500.00,161,'pembelian','','2014-01-30 16:26:53',543),(162,2,'2014-01-30 16:26:53',0.00,13500.00,162,'pembelian','','2014-01-30 16:26:53',543),(163,2,'2014-01-30 16:26:53',0.00,24000.00,163,'pembelian','','2014-01-30 16:26:53',543),(164,2,'2014-01-30 16:26:53',0.00,19200.00,164,'pembelian','','2014-01-30 16:26:53',543),(165,2,'2014-01-30 16:26:53',0.00,30000.00,165,'pembelian','','2014-01-30 16:26:53',543),(166,2,'2014-01-30 16:26:53',0.00,24000.00,166,'pembelian','','2014-01-30 16:26:53',543),(167,2,'2014-01-30 16:26:53',0.00,19500.00,167,'pembelian','','2014-01-30 16:26:53',543),(168,2,'2014-01-30 16:26:53',0.00,12000.00,168,'pembelian','','2014-01-30 16:26:53',543),(169,2,'2014-01-30 16:26:53',0.00,25800.00,169,'pembelian','','2014-01-30 16:26:53',543),(170,2,'2014-01-30 16:26:53',0.00,30000.00,170,'pembelian','','2014-01-30 16:26:53',543),(171,2,'2014-01-30 16:26:53',0.00,16000.00,171,'pembelian','','2014-01-30 16:26:53',543),(172,2,'2014-01-30 16:26:53',0.00,22500.00,172,'pembelian','','2014-01-30 16:26:53',543),(173,2,'2014-01-30 16:26:53',0.00,21000.00,173,'pembelian','','2014-01-30 16:26:53',543),(174,2,'2014-01-30 16:26:53',0.00,12000.00,174,'pembelian','','2014-01-30 16:26:53',543),(175,2,'2014-01-30 16:26:53',0.00,19500.00,175,'pembelian','','2014-01-30 16:26:53',543),(176,2,'2014-01-30 16:26:53',0.00,49500.00,176,'pembelian','','2014-01-30 16:26:53',543),(177,2,'2014-01-30 16:26:53',0.00,10500.00,177,'pembelian','','2014-01-30 16:26:53',543),(178,2,'2014-01-30 16:26:53',0.00,18000.00,178,'pembelian','','2014-01-30 16:26:53',543),(179,2,'2014-01-30 16:26:53',0.00,15000.00,179,'pembelian','','2014-01-30 16:26:53',543),(180,2,'2014-01-30 17:31:19',0.00,9000.00,180,'pembelian','','2014-01-30 17:31:19',543),(181,2,'2014-01-30 17:31:19',0.00,22500.00,181,'pembelian','','2014-01-30 17:31:19',543),(182,2,'2014-01-30 17:31:19',0.00,13500.00,182,'pembelian','','2014-01-30 17:31:19',543),(183,2,'2014-01-30 17:31:19',0.00,16500.00,183,'pembelian','','2014-01-30 17:31:19',543),(184,2,'2014-01-30 17:31:19',0.00,21000.00,184,'pembelian','','2014-01-30 17:31:19',543),(185,2,'2014-01-30 17:31:19',0.00,12000.00,185,'pembelian','','2014-01-30 17:31:19',543),(186,2,'2014-01-30 17:31:19',0.00,15000.00,186,'pembelian','','2014-01-30 17:31:19',543),(187,2,'2014-01-30 17:31:19',0.00,6000.00,187,'pembelian','','2014-01-30 17:31:19',543),(188,2,'2014-01-30 17:31:19',0.00,6000.00,188,'pembelian','','2014-01-30 17:31:19',543),(189,2,'2014-01-30 17:31:19',0.00,30000.00,189,'pembelian','','2014-01-30 17:31:19',543),(190,2,'2014-01-30 17:31:19',0.00,44000.00,190,'pembelian','','2014-01-30 17:31:19',543),(191,2,'2014-01-30 17:31:19',0.00,45000.00,191,'pembelian','','2014-01-30 17:31:19',543),(192,2,'2014-01-30 17:31:19',0.00,600000.00,192,'pembelian','','2014-01-30 17:31:19',543),(193,2,'2014-01-30 17:31:19',0.00,90000.00,193,'pembelian','','2014-01-30 17:31:19',543),(194,2,'2014-01-30 17:31:19',0.00,80000.00,194,'pembelian','','2014-01-30 17:31:19',543),(195,2,'2014-01-30 17:31:19',0.00,105000.00,195,'pembelian','','2014-01-30 17:31:19',543),(196,2,'2014-01-30 17:31:19',0.00,90000.00,196,'pembelian','','2014-01-30 17:31:19',543),(197,2,'2014-01-30 17:31:19',0.00,75000.00,197,'pembelian','','2014-01-30 17:31:19',543),(198,2,'2014-01-30 17:31:19',0.00,57600.00,198,'pembelian','','2014-01-30 17:31:19',543),(199,2,'2014-01-30 17:31:19',0.00,144000.00,199,'pembelian','','2014-01-30 17:31:19',543),(200,2,'2014-01-30 17:31:19',0.00,62400.00,200,'pembelian','','2014-01-30 17:31:19',543),(201,2,'2014-01-30 17:31:19',0.00,105000.00,201,'pembelian','','2014-01-30 17:31:19',543),(202,2,'2014-01-30 17:31:19',0.00,33000.00,202,'pembelian','','2014-01-30 17:31:19',543),(203,2,'2014-01-30 17:31:19',0.00,33000.00,203,'pembelian','','2014-01-30 17:31:19',543),(204,2,'2014-01-30 17:31:19',0.00,11000.00,204,'pembelian','','2014-01-30 17:31:19',543),(205,2,'2014-01-30 17:31:19',0.00,22000.00,205,'pembelian','','2014-01-30 17:31:19',543),(206,2,'2014-01-30 17:31:19',0.00,45600.00,206,'pembelian','','2014-01-30 17:31:19',543),(207,2,'2014-01-30 17:31:19',0.00,24000.00,207,'pembelian','','2014-01-30 17:31:19',543),(208,2,'2014-01-30 17:31:19',0.00,54000.00,208,'pembelian','','2014-01-30 17:31:19',543),(209,2,'2014-01-30 17:31:19',0.00,54000.00,209,'pembelian','','2014-01-30 17:31:19',543),(210,2,'2014-01-30 17:31:19',0.00,42000.00,210,'pembelian','','2014-01-30 17:31:19',543),(211,2,'2014-01-30 17:31:19',0.00,33000.00,211,'pembelian','','2014-01-30 17:31:19',543),(212,2,'2014-01-30 17:31:19',0.00,70000.00,212,'pembelian','','2014-01-30 17:31:19',543),(213,2,'2014-01-30 17:31:19',0.00,40000.00,213,'pembelian','','2014-01-30 17:31:19',543),(214,2,'2014-01-30 17:31:19',0.00,45000.00,214,'pembelian','','2014-01-30 17:31:19',543),(215,2,'2014-01-30 17:31:19',0.00,45000.00,215,'pembelian','','2014-01-30 17:31:19',543),(216,2,'2014-01-30 17:31:19',0.00,48000.00,216,'pembelian','','2014-01-30 17:31:19',543),(217,2,'2014-01-30 17:31:19',0.00,133000.00,217,'pembelian','','2014-01-30 17:31:19',543),(218,2,'2014-01-30 17:31:19',0.00,84000.00,218,'pembelian','','2014-01-30 17:31:19',543),(219,2,'2014-01-30 17:31:19',0.00,90000.00,219,'pembelian','','2014-01-30 17:31:19',543),(220,2,'2014-01-30 17:31:19',0.00,60000.00,220,'pembelian','','2014-01-30 17:31:19',543),(221,2,'2014-01-30 17:31:19',0.00,70000.00,221,'pembelian','','2014-01-30 17:31:19',543),(222,2,'2014-01-30 17:31:19',0.00,350000.00,222,'pembelian','','2014-01-30 17:31:19',543),(223,2,'2014-01-30 17:31:19',0.00,72000.00,223,'pembelian','','2014-01-30 17:31:19',543),(224,2,'2014-01-30 17:31:19',0.00,66000.00,224,'pembelian','','2014-01-30 17:31:19',543),(225,2,'2014-01-30 17:31:19',0.00,79500.00,225,'pembelian','','2014-01-30 17:31:19',543),(226,2,'2014-01-30 17:44:34',0.00,116400.00,226,'pembelian','','2014-01-30 17:44:34',543),(227,2,'2014-01-30 17:44:34',0.00,93000.00,227,'pembelian','','2014-01-30 17:44:34',543),(228,2,'2014-01-30 17:44:34',0.00,24000.00,228,'pembelian','','2014-01-30 17:44:34',543),(229,2,'2014-01-30 17:44:34',0.00,21000.00,229,'pembelian','','2014-01-30 17:44:34',543),(230,2,'2014-01-30 17:44:34',0.00,10800.00,230,'pembelian','','2014-01-30 17:44:34',543),(231,2,'2014-01-30 17:44:34',0.00,18000.00,231,'pembelian','','2014-01-30 17:44:34',543),(232,2,'2014-01-30 17:44:34',0.00,0.00,232,'pembelian','','2014-01-30 17:44:34',543),(233,2,'2014-01-30 17:54:09',0.00,14400.00,233,'pembelian','','2014-01-30 17:54:09',543),(234,4,'2014-01-30 18:09:46',0.00,63000.00,234,'pembelian','','2014-01-30 18:09:46',543),(235,4,'2014-01-30 18:09:46',0.00,33600.00,235,'pembelian','','2014-01-30 18:09:46',543),(236,4,'2014-01-30 18:09:46',0.00,25200.00,236,'pembelian','','2014-01-30 18:09:46',543),(237,4,'2014-01-30 18:09:46',0.00,24500.00,237,'pembelian','','2014-01-30 18:09:46',543),(238,4,'2014-01-30 18:33:00',0.00,84000.00,238,'pembelian','','2014-01-30 18:33:00',543),(239,4,'2014-01-30 18:33:00',0.00,28000.00,239,'pembelian','','2014-01-30 18:33:00',543),(240,4,'2014-01-30 18:33:00',0.00,8400.00,240,'pembelian','','2014-01-30 18:33:00',543),(241,4,'2014-01-30 18:33:00',0.00,18900.00,241,'pembelian','','2014-01-30 18:33:00',543),(242,4,'2014-01-30 18:33:00',0.00,18900.00,242,'pembelian','','2014-01-30 18:33:00',543),(243,4,'2014-01-30 18:33:00',0.00,19600.00,243,'pembelian','','2014-01-30 18:33:00',543),(244,4,'2014-01-30 18:33:00',0.00,12600.00,244,'pembelian','','2014-01-30 18:33:00',543),(245,4,'2014-01-31 07:06:48',0.00,34650.00,245,'pembelian','','2014-01-31 07:06:48',543),(246,4,'2014-01-31 07:11:59',0.00,0.00,246,'pembelian','','2014-01-31 07:11:59',543),(247,4,'2014-02-01 07:24:07',0.00,21700.00,247,'pembelian','','2014-02-01 07:24:07',543),(248,4,'2014-02-01 08:05:41',0.00,52500.00,248,'pembelian','','2014-02-01 08:05:41',543),(249,4,'2014-02-01 08:21:31',0.00,46200.00,249,'pembelian','','2014-02-01 08:21:31',543),(250,4,'2014-02-01 08:21:31',0.00,30800.00,250,'pembelian','','2014-02-01 08:21:31',543),(251,4,'2014-02-01 10:46:53',0.00,37800.00,251,'pembelian','','2014-02-01 10:46:53',543),(252,4,'2014-02-01 10:46:53',0.00,29400.00,252,'pembelian','','2014-02-01 10:46:53',543),(253,4,'2014-02-01 10:46:53',0.00,21000.00,253,'pembelian','','2014-02-01 10:46:53',543),(254,4,'2014-02-01 10:46:53',0.00,21000.00,254,'pembelian','','2014-02-01 10:46:53',543),(255,4,'2014-02-01 10:46:53',0.00,19250.00,255,'pembelian','','2014-02-01 10:46:53',543),(256,4,'2014-02-01 10:46:53',0.00,19250.00,256,'pembelian','','2014-02-01 10:46:53',543),(257,4,'2014-02-01 10:46:53',0.00,29750.00,257,'pembelian','','2014-02-01 10:46:53',543),(258,4,'2014-02-01 10:46:53',0.00,10500.00,258,'pembelian','','2014-02-01 10:46:53',543),(259,4,'2014-02-01 10:46:53',0.00,12600.00,259,'pembelian','','2014-02-01 10:46:53',543),(260,4,'2014-02-01 10:46:53',0.00,25200.00,260,'pembelian','','2014-02-01 10:46:53',543),(261,4,'2014-02-01 10:46:53',0.00,21000.00,261,'pembelian','','2014-02-01 10:46:53',543),(262,4,'2014-02-01 10:46:53',0.00,21000.00,262,'pembelian','','2014-02-01 10:46:53',543),(263,4,'2014-02-01 10:46:53',0.00,25200.00,263,'pembelian','','2014-02-01 10:46:53',543),(264,4,'2014-02-01 10:46:53',0.00,21000.00,264,'pembelian','','2014-02-01 10:46:53',543),(265,4,'2014-02-01 10:46:53',0.00,50400.00,265,'pembelian','','2014-02-01 10:46:53',543),(266,4,'2014-02-01 10:46:53',0.00,12600.00,266,'pembelian','','2014-02-01 10:46:53',543),(267,4,'2014-02-01 10:46:53',0.00,31500.00,267,'pembelian','','2014-02-01 10:46:53',543),(268,4,'2014-02-01 10:46:53',0.00,25200.00,268,'pembelian','','2014-02-01 10:46:53',543),(269,4,'2014-02-01 10:46:53',0.00,50400.00,269,'pembelian','','2014-02-01 10:46:53',543),(270,4,'2014-02-01 10:46:53',0.00,50400.00,270,'pembelian','','2014-02-01 10:46:53',543),(271,4,'2014-02-01 10:46:53',0.00,31500.00,271,'pembelian','','2014-02-01 10:46:53',543),(272,4,'2014-02-01 10:46:53',0.00,12600.00,272,'pembelian','','2014-02-01 10:46:53',543),(273,4,'2014-02-01 10:46:53',0.00,12950.00,273,'pembelian','','2014-02-01 10:46:53',543),(274,4,'2014-02-01 10:46:53',0.00,7000.00,274,'pembelian','','2014-02-01 10:46:53',543),(275,5,'2014-02-01 12:35:04',0.00,25200.00,275,'pembelian','','2014-02-01 12:35:04',543),(276,5,'2014-02-01 12:35:04',0.00,21000.00,276,'pembelian','','2014-02-01 12:35:04',543),(277,5,'2014-02-01 12:58:58',0.00,19600.00,277,'pembelian','','2014-02-01 12:58:58',543),(278,5,'2014-02-01 12:58:58',0.00,35000.00,278,'pembelian','','2014-02-01 12:58:58',543),(279,5,'2014-02-01 12:58:58',0.00,10500.00,279,'pembelian','','2014-02-01 12:58:58',543),(280,5,'2014-02-01 12:58:58',0.00,21000.00,280,'pembelian','','2014-02-01 12:58:58',543),(281,5,'2014-02-01 12:58:58',0.00,25200.00,281,'pembelian','','2014-02-01 12:58:58',543),(282,5,'2014-02-01 13:54:16',0.00,7350.00,282,'pembelian','','2014-02-01 13:54:16',543),(283,5,'2014-02-01 13:54:16',0.00,12600.00,283,'pembelian','','2014-02-01 13:54:16',543),(284,5,'2014-02-01 13:54:16',0.00,12600.00,284,'pembelian','','2014-02-01 13:54:16',543),(285,5,'2014-02-01 13:54:16',0.00,16800.00,285,'pembelian','','2014-02-01 13:54:16',543),(286,5,'2014-02-01 13:54:16',0.00,38850.00,286,'pembelian','','2014-02-01 13:54:16',543),(287,5,'2014-02-01 13:54:16',0.00,38850.00,287,'pembelian','','2014-02-01 13:54:16',543),(288,5,'2014-02-01 13:54:16',0.00,38850.00,288,'pembelian','','2014-02-01 13:54:16',543),(289,5,'2014-02-01 13:54:16',0.00,38850.00,289,'pembelian','','2014-02-01 13:54:16',543),(290,5,'2014-02-01 13:54:16',0.00,38850.00,290,'pembelian','','2014-02-01 13:54:16',543),(291,5,'2014-02-01 13:54:16',0.00,7000.00,291,'pembelian','','2014-02-01 13:54:16',543),(292,5,'2014-02-01 13:54:16',0.00,14000.00,292,'pembelian','','2014-02-01 13:54:16',543),(293,5,'2014-02-01 13:54:16',0.00,100800.00,293,'pembelian','','2014-02-01 13:54:16',543),(294,5,'2014-02-01 13:54:16',0.00,18900.00,294,'pembelian','','2014-02-01 13:54:16',543),(295,5,'2014-02-01 13:54:16',0.00,27300.00,295,'pembelian','','2014-02-01 13:54:16',543),(296,5,'2014-02-01 13:54:16',0.00,25200.00,296,'pembelian','','2014-02-01 13:54:16',543),(297,5,'2014-02-01 13:54:16',0.00,14000.00,297,'pembelian','','2014-02-01 13:54:16',543),(298,5,'2014-02-01 13:54:16',0.00,16800.00,298,'pembelian','','2014-02-01 13:54:16',543),(299,5,'2014-02-01 13:54:16',0.00,15400.00,299,'pembelian','','2014-02-01 13:54:16',543),(300,5,'2014-02-01 13:54:16',0.00,15750.00,300,'pembelian','','2014-02-01 13:54:16',543),(301,5,'2014-02-01 13:54:16',0.00,9450.00,301,'pembelian','','2014-02-01 13:54:16',543),(302,5,'2014-02-01 13:54:16',0.00,24500.00,302,'pembelian','','2014-02-01 13:54:16',543),(303,5,'2014-02-01 14:04:48',0.00,28350.00,303,'pembelian','','2014-02-01 14:04:48',543),(304,5,'2014-02-01 14:04:48',0.00,28350.00,304,'pembelian','','2014-02-01 14:04:48',543),(305,5,'2014-02-01 14:10:33',0.00,29400.00,305,'pembelian','','2014-02-01 14:10:33',543),(306,5,'2014-02-01 14:27:18',0.00,24150.00,306,'pembelian','','2014-02-01 14:27:18',543),(307,5,'2014-02-01 14:27:18',0.00,21000.00,307,'pembelian','','2014-02-01 14:27:18',543),(308,5,'2014-02-01 14:27:18',0.00,84000.00,308,'pembelian','','2014-02-01 14:27:18',543),(309,5,'2014-02-01 14:27:18',0.00,17850.00,309,'pembelian','','2014-02-01 14:27:18',543),(310,5,'2014-02-01 14:27:18',0.00,29400.00,310,'pembelian','','2014-02-01 14:27:18',543),(311,5,'2014-02-01 14:27:18',0.00,14700.00,311,'pembelian','','2014-02-01 14:27:18',543),(312,5,'2014-02-01 14:49:16',0.00,25200.00,312,'pembelian','','2014-02-01 14:49:16',543),(313,5,'2014-02-01 14:49:16',0.00,19600.00,313,'pembelian','','2014-02-01 14:49:16',543),(314,5,'2014-02-01 15:58:14',0.00,45500.00,314,'pembelian','','2014-02-01 15:58:14',543),(315,5,'2014-02-01 15:58:14',0.00,63700.00,315,'pembelian','','2014-02-01 15:58:14',543),(316,5,'2014-02-01 15:58:14',0.00,100100.00,316,'pembelian','','2014-02-01 15:58:14',543),(317,5,'2014-02-01 15:58:14',0.00,19600.00,317,'pembelian','','2014-02-01 15:58:14',543),(318,5,'2014-02-01 15:58:14',0.00,14700.00,318,'pembelian','','2014-02-01 15:58:14',543),(319,5,'2014-02-01 15:58:14',0.00,2450.00,319,'pembelian','','2014-02-01 15:58:14',543),(320,5,'2014-02-01 15:58:14',0.00,9800.00,320,'pembelian','','2014-02-01 15:58:14',543),(321,5,'2014-02-01 15:58:14',0.00,27940.00,321,'pembelian','','2014-02-01 15:58:14',543),(322,5,'2014-02-01 16:07:19',0.00,14700.00,322,'pembelian','','2014-02-01 16:07:19',543),(323,5,'2014-02-01 16:07:19',0.00,7350.00,323,'pembelian','','2014-02-01 16:07:19',543),(324,5,'2014-02-01 16:07:19',0.00,2540.00,324,'pembelian','','2014-02-01 16:07:19',543),(325,5,'2014-02-01 16:14:47',0.00,19950.00,325,'pembelian','','2014-02-01 16:14:47',543),(326,5,'2014-02-01 16:28:59',0.00,33600.00,326,'pembelian','','2014-02-01 16:28:59',543),(327,5,'2014-02-01 16:54:54',0.00,43750.00,327,'pembelian','','2014-02-01 16:54:54',543),(328,5,'2014-02-01 16:54:54',0.00,37800.00,328,'pembelian','','2014-02-01 16:54:54',543),(329,5,'2014-02-01 16:54:54',0.00,19250.00,329,'pembelian','','2014-02-01 16:54:54',543),(330,5,'2014-02-01 16:54:54',0.00,34650.00,330,'pembelian','','2014-02-01 16:54:54',543),(331,5,'2014-02-01 16:54:54',0.00,42000.00,331,'pembelian','','2014-02-01 16:54:54',543),(332,5,'2014-02-01 16:54:54',0.00,42000.00,332,'pembelian','','2014-02-01 16:54:54',543),(333,5,'2014-02-01 17:15:51',0.00,33600.00,333,'pembelian','','2014-02-01 17:15:51',543),(334,5,'2014-02-01 17:15:51',0.00,11550.00,334,'pembelian','','2014-02-01 17:15:51',543),(335,5,'2014-02-01 17:15:51',0.00,11550.00,335,'pembelian','','2014-02-01 17:15:51',543),(336,5,'2014-02-01 17:15:51',0.00,11550.00,336,'pembelian','','2014-02-01 17:15:51',543),(337,5,'2014-02-01 17:15:51',0.00,11550.00,337,'pembelian','','2014-02-01 17:15:51',543),(338,5,'2014-02-01 17:15:51',0.00,42000.00,338,'pembelian','','2014-02-01 17:15:51',543),(339,5,'2014-02-01 17:15:51',0.00,42000.00,339,'pembelian','','2014-02-01 17:15:51',543),(340,5,'2014-02-01 17:15:51',0.00,84000.00,340,'pembelian','','2014-02-01 17:15:51',543),(341,5,'2014-02-01 17:46:22',0.00,29400.00,341,'pembelian','','2014-02-01 17:46:22',543),(342,5,'2014-02-01 17:46:22',0.00,11550.00,342,'pembelian','','2014-02-01 17:46:22',543),(343,5,'2014-02-01 17:46:22',0.00,50400.00,343,'pembelian','','2014-02-01 17:46:22',543),(344,5,'2014-02-01 17:46:22',0.00,25200.00,344,'pembelian','','2014-02-01 17:46:22',543),(345,5,'2014-02-01 17:46:22',0.00,25200.00,345,'pembelian','','2014-02-01 17:46:22',543),(346,5,'2014-02-01 17:46:22',0.00,14000.00,346,'pembelian','','2014-02-01 17:46:22',543),(347,5,'2014-02-01 17:46:22',0.00,11200.00,347,'pembelian','','2014-02-01 17:46:22',543),(348,5,'2014-02-01 17:46:22',0.00,11200.00,348,'pembelian','','2014-02-01 17:46:22',543),(349,5,'2014-02-01 17:46:22',0.00,33600.00,349,'pembelian','','2014-02-01 17:46:22',543),(350,5,'2014-02-01 17:46:22',0.00,27300.00,350,'pembelian','','2014-02-01 17:46:22',543),(351,5,'2014-02-01 17:46:22',0.00,27300.00,351,'pembelian','','2014-02-01 17:46:22',543),(352,5,'2014-02-01 17:46:22',0.00,11550.00,352,'pembelian','','2014-02-01 17:46:22',543),(353,5,'2014-02-01 17:46:22',0.00,7700.00,353,'pembelian','','2014-02-01 17:46:22',543),(354,5,'2014-02-01 17:46:22',0.00,31500.00,354,'pembelian','','2014-02-01 17:46:22',543),(355,5,'2014-02-01 17:46:22',0.00,3850.00,355,'pembelian','','2014-02-01 17:46:22',543),(356,5,'2014-02-01 18:06:34',0.00,23100.00,356,'pembelian','','2014-02-01 18:06:34',543),(357,4,'2014-02-01 18:40:48',0.00,14700.00,357,'pembelian','','2014-02-01 18:40:48',543),(358,5,'2014-01-30 18:51:07',2000.00,0.00,1,'Penjualan','','2014-01-30 18:51:07',410),(359,5,'2014-01-30 18:53:10',7000.00,0.00,2,'Penjualan','','2014-01-30 18:53:10',410),(360,4,'2014-02-01 07:41:02',55500.00,0.00,3,'Penjualan','','2014-02-01 07:41:02',410),(361,4,'2014-02-01 10:49:19',6000.00,0.00,4,'Penjualan','','2014-02-01 10:49:19',410),(362,4,'2014-02-01 10:56:07',20000.00,0.00,5,'Penjualan','','2014-02-01 10:56:07',410),(363,4,'2014-02-01 10:56:07',15000.00,0.00,6,'Penjualan','','2014-02-01 10:56:07',410),(364,4,'2014-02-01 11:00:10',6000.00,0.00,7,'Penjualan','','2014-02-01 11:00:10',410),(365,4,'2014-02-01 11:00:10',5500.00,0.00,8,'Penjualan','','2014-02-01 11:00:10',410),(366,5,'2014-02-01 12:36:14',3500.00,0.00,9,'Penjualan','','2014-02-01 12:36:14',410),(367,5,'2014-02-01 12:38:30',12000.00,0.00,10,'Penjualan','','2014-02-01 12:38:30',410),(368,5,'2014-02-01 13:02:05',6000.00,0.00,11,'Penjualan','','2014-02-01 13:02:05',410),(369,5,'2014-02-01 13:02:05',3500.00,0.00,12,'Penjualan','','2014-02-01 13:02:05',410),(370,5,'2014-02-01 13:02:05',3000.00,0.00,13,'Penjualan','','2014-02-01 13:02:05',410),(371,5,'2014-02-01 13:02:05',4000.00,0.00,14,'Penjualan','','2014-02-01 13:02:05',410),(372,5,'2014-02-01 13:02:05',12500.00,0.00,15,'Penjualan','','2014-02-01 13:02:05',410),(373,5,'2014-02-01 14:53:16',28000.00,0.00,16,'Penjualan','','2014-02-01 14:53:16',410),(374,5,'2014-02-01 15:03:06',4000.00,0.00,17,'Penjualan','','2014-02-01 15:03:06',410),(375,5,'2014-02-01 15:04:28',7000.00,0.00,18,'Penjualan','','2014-02-01 15:04:28',410),(376,5,'2014-02-01 16:15:21',9500.00,0.00,19,'Penjualan','','2014-02-01 16:15:21',410);
/*!40000 ALTER TABLE `accounts` ENABLE KEYS */;
UNLOCK TABLES;

--
-- Table structure for table `activity_logs`
--

DROP TABLE IF EXISTS `activity_logs`;
/*!40101 SET @saved_cs_client     = @@character_set_client */;
/*!40101 SET character_set_client = utf8 */;
CREATE TABLE `activity_logs` (
  `ID` int(11) NOT NULL AUTO_INCREMENT,
  `ACTION_TIMESTAMP` datetime NOT NULL,
  `ACTION_TYPE` varchar(255) NOT NULL,
  `ENTITY_CLASS` varchar(255) NOT NULL,
  `ENTITY_ID` int(11) NOT NULL,
  `PERMISSION_CODE` varchar(255) NOT NULL,
  `PERMISSION_NAME` varchar(255) NOT NULL,
  `USER_ID` int(11) NOT NULL,
  `USER_LOGIN_ID` varchar(255) NOT NULL,
  `USER_NAME` varchar(255) NOT NULL,
  PRIMARY KEY (`ID`)
) ENGINE=InnoDB AUTO_INCREMENT=19 DEFAULT CHARSET=utf8;
/*!40101 SET character_set_client = @saved_cs_client */;

--
-- Dumping data for table `activity_logs`
--

LOCK TABLES `activity_logs` WRITE;
/*!40000 ALTER TABLE `activity_logs` DISABLE KEYS */;
INSERT INTO `activity_logs` VALUES (1,'2014-02-21 09:59:14','UPDATE','com.ganesha.model.Role',1,'RoleForm','Role Form',1,'admin','Administrator'),(2,'2014-02-21 10:33:13','TRANSACTION','com.ganesha.minimarket.model.SaleHeader',1,'PenjualanForm','Penjualan Form',1,'admin','Administrator'),(3,'2014-02-21 10:33:42','TRANSACTION','com.ganesha.minimarket.model.SaleHeader',2,'PenjualanForm','Penjualan Form',1,'admin','Administrator'),(4,'2014-02-21 10:35:14','TRANSACTION','com.ganesha.minimarket.model.SaleHeader',3,'PenjualanForm','Penjualan Form',1,'admin','Administrator'),(5,'2014-02-21 10:35:46','TRANSACTION','com.ganesha.minimarket.model.SaleHeader',4,'PenjualanForm','Penjualan Form',1,'admin','Administrator'),(6,'2014-02-21 10:36:21','TRANSACTION','com.ganesha.minimarket.model.SaleHeader',5,'PenjualanForm','Penjualan Form',1,'admin','Administrator'),(7,'2014-02-21 10:37:02','TRANSACTION','com.ganesha.minimarket.model.SaleHeader',6,'PenjualanForm','Penjualan Form',1,'admin','Administrator'),(8,'2014-02-21 10:37:27','TRANSACTION','com.ganesha.minimarket.model.SaleHeader',7,'PenjualanForm','Penjualan Form',1,'admin','Administrator'),(9,'2014-02-21 10:37:42','TRANSACTION','com.ganesha.minimarket.model.SaleHeader',8,'PenjualanForm','Penjualan Form',1,'admin','Administrator'),(10,'2014-02-21 10:38:41','TRANSACTION','com.ganesha.minimarket.model.SaleHeader',9,'PenjualanForm','Penjualan Form',1,'admin','Administrator'),(11,'2014-02-21 10:39:06','TRANSACTION','com.ganesha.minimarket.model.SaleHeader',10,'PenjualanForm','Penjualan Form',1,'admin','Administrator'),(12,'2014-02-21 10:39:32','TRANSACTION','com.ganesha.minimarket.model.SaleHeader',11,'PenjualanForm','Penjualan Form',1,'admin','Administrator'),(13,'2014-02-21 10:39:50','TRANSACTION','com.ganesha.minimarket.model.SaleHeader',12,'PenjualanForm','Penjualan Form',1,'admin','Administrator'),(14,'2014-02-21 10:40:06','TRANSACTION','com.ganesha.minimarket.model.SaleHeader',13,'PenjualanForm','Penjualan Form',1,'admin','Administrator'),(15,'2014-02-21 16:26:25','CREATE','com.ganesha.model.Role',11,'RoleForm','Role Form',1,'admin','Administrator'),(16,'2014-02-21 16:49:02','CREATE','com.ganesha.model.User',6,'UserForm','User Form',1,'admin','Administrator'),(17,'2014-02-21 16:49:36','UPDATE','com.ganesha.model.User',6,'ChangePasswordForm','Change Password Form',6,'robert','Robert Julius'),(18,'2014-02-21 16:50:40','UPDATE','com.ganesha.model.Role',1,'RoleForm','Role Form',1,'admin','Administrator');
/*!40000 ALTER TABLE `activity_logs` ENABLE KEYS */;
UNLOCK TABLES;

--
-- Table structure for table `coa`
--

DROP TABLE IF EXISTS `coa`;
/*!40101 SET @saved_cs_client     = @@character_set_client */;
/*!40101 SET character_set_client = utf8 */;
CREATE TABLE `coa` (
  `ID` int(11) NOT NULL AUTO_INCREMENT,
  `LAST_UPDATED_BY` int(11) NOT NULL,
  `LAST_UPDATED_TIMESTAMP` datetime NOT NULL,
  `DELETED` bit(1) NOT NULL,
  `DISABLED` bit(1) NOT NULL,
  `NAME` varchar(255) NOT NULL,
  `COA_GROUP_ID` int(11) NOT NULL,
  PRIMARY KEY (`ID`),
  UNIQUE KEY `NAME` (`NAME`),
  KEY `FK10555FD9557CD` (`COA_GROUP_ID`),
  CONSTRAINT `FK10555FD9557CD` FOREIGN KEY (`COA_GROUP_ID`) REFERENCES `coa_groups` (`ID`)
) ENGINE=InnoDB AUTO_INCREMENT=600 DEFAULT CHARSET=utf8;
/*!40101 SET character_set_client = @saved_cs_client */;

--
-- Dumping data for table `coa`
--

LOCK TABLES `coa` WRITE;
/*!40000 ALTER TABLE `coa` DISABLE KEYS */;
INSERT INTO `coa` VALUES (110,0,'2014-01-01 22:08:37','\0','\0','KAS KECIL',0),(111,0,'2014-01-01 22:08:37','\0','\0','KAS BESAR',0),(120,0,'2014-01-01 22:08:37','\0','\0','PIUTANG USAHA',0),(121,0,'2014-01-01 22:08:37','\0','\0','PIUTANG LANGGANAN',0),(122,0,'2014-01-01 22:08:37','\0','\0','PIUTANG KARYAWAN',0),(129,0,'2014-01-01 22:08:37','\0','\0','PIUTANG LAIN-LAIN',0),(130,0,'2014-01-01 22:08:37','\0','\0','PERSEDIAAN BARANG',0),(139,0,'2014-01-01 22:08:37','\0','\0','PERSEDIAAN LAIN-LAIN',0),(140,0,'2014-01-01 22:08:37','\0','\0','PERALATAN TOKO',0),(141,0,'2014-01-01 22:08:37','\0','\0','AKUMULASI PENYUSUTAN PERALATAN TOKO',0),(150,0,'2014-01-01 22:08:37','\0','\0','PERLENGKAPAN TOKO',0),(159,0,'2014-01-01 22:08:37','\0','\0','AKUMULASI PENYUSUTAN PERLENGKAPAN TOKO',0),(210,0,'2014-01-01 22:08:37','\0','\0','HUTANG USAHA',1),(211,0,'2014-01-01 22:08:37','\0','\0','HUTANG GAJI',1),(212,0,'2014-01-01 22:08:37','\0','\0','PAJAK PENJUALAN',1),(219,0,'2014-01-01 22:08:37','\0','\0','HUTANG LAIN-LAIN',1),(310,0,'2014-01-01 22:08:37','\0','\0','MODAL',2),(311,0,'2014-01-01 22:08:37','\0','\0','LABA TAHUN BERJALAN',2),(312,0,'2014-01-01 22:08:37','\0','\0','IKHTISAR LABA-RUGI',2),(410,0,'2014-01-01 22:08:37','\0','\0','PENJUALAN',3),(412,0,'2014-01-01 22:08:37','\0','\0','RETUR PEMBELIAN',3),(413,0,'2014-01-01 22:08:37','\0','\0','DISKON PEMBELIAN',3),(419,0,'2014-01-01 22:08:37','\0','\0','PENDAPATAN LAIN-LAIN',3),(510,0,'2014-01-01 22:08:37','\0','\0','BIAYA TELEPON',4),(511,0,'2014-01-01 22:08:37','\0','\0','BIAYA LISTRIK',4),(512,0,'2014-01-01 22:08:37','\0','\0','BIAYA PDAM',4),(519,0,'2014-01-01 22:08:37','\0','\0','BEBAN OPERASIONAL LAIN-LAIN',4),(521,0,'2014-01-01 22:08:37','\0','\0','IURAN WARGA',4),(522,0,'2014-01-01 22:08:37','\0','\0','UANG KEAMANAN',4),(523,0,'2014-01-01 22:08:37','\0','\0','UANG KEBERSIHAN',4),(529,0,'2014-01-01 22:08:37','\0','\0','BEBAN LINGKUNGAN LAIN-LAIN',4),(531,0,'2014-01-01 22:08:37','\0','\0','GAJI KARYAWAN',4),(532,0,'2014-01-01 22:08:37','\0','\0','THR DAN BONUS KARYAWAN',4),(533,0,'2014-01-01 22:08:37','\0','\0','KESEHATAN KARYAWAN',4),(539,0,'2014-01-01 22:08:37','\0','\0','BEBAN KARYAWAN LAIN-LAIN',4),(541,0,'2014-01-01 22:08:37','\0','\0','ONGKOS KIRIM PEMBELIAN',4),(542,0,'2014-01-01 22:08:37','\0','\0','PAJAK PEMBELIAN',4),(543,0,'2014-01-01 22:08:37','\0','\0','PEMBELIAN',4),(551,0,'2014-01-01 22:08:37','\0','\0','PENYUSUTAN PERALATAN TOKO',4),(552,0,'2014-01-01 22:08:37','\0','\0','PENYUSUTAN PERLENGKAPAN TOKO',4),(560,0,'2014-01-01 22:08:37','\0','\0','BEBAN SEWA',4),(571,0,'2014-01-01 22:08:37','\0','\0','RETUR PENJUALAN',4),(572,0,'2014-01-01 22:08:37','\0','\0','DISKON PENJUALAN',4),(579,0,'2014-01-01 22:08:37','\0','\0','BEBAN PENJUALAN LAIN-LAIN',4),(599,0,'2014-01-01 22:08:37','\0','\0','BEBAN LAIN-LAIN',4);
/*!40000 ALTER TABLE `coa` ENABLE KEYS */;
UNLOCK TABLES;

--
-- Table structure for table `coa_contributions`
--

DROP TABLE IF EXISTS `coa_contributions`;
/*!40101 SET @saved_cs_client     = @@character_set_client */;
/*!40101 SET character_set_client = utf8 */;
CREATE TABLE `coa_contributions` (
  `ID` int(11) NOT NULL AUTO_INCREMENT,
  `LAST_UPDATED_BY` int(11) NOT NULL,
  `LAST_UPDATED_TIMESTAMP` datetime NOT NULL,
  `DELETED` bit(1) NOT NULL,
  `DISABLED` bit(1) NOT NULL,
  `NAME` varchar(255) NOT NULL,
  PRIMARY KEY (`ID`),
  UNIQUE KEY `NAME` (`NAME`)
) ENGINE=InnoDB AUTO_INCREMENT=2 DEFAULT CHARSET=utf8;
/*!40101 SET character_set_client = @saved_cs_client */;

--
-- Dumping data for table `coa_contributions`
--

LOCK TABLES `coa_contributions` WRITE;
/*!40000 ALTER TABLE `coa_contributions` DISABLE KEYS */;
INSERT INTO `coa_contributions` VALUES (0,0,'2014-02-21 09:18:27','\0','\0','NERACA / RIIL'),(1,0,'2014-02-21 09:18:27','\0','\0','RUGI-LABA / NOMINAL');
/*!40000 ALTER TABLE `coa_contributions` ENABLE KEYS */;
UNLOCK TABLES;

--
-- Table structure for table `coa_groups`
--

DROP TABLE IF EXISTS `coa_groups`;
/*!40101 SET @saved_cs_client     = @@character_set_client */;
/*!40101 SET character_set_client = utf8 */;
CREATE TABLE `coa_groups` (
  `ID` int(11) NOT NULL AUTO_INCREMENT,
  `LAST_UPDATED_BY` int(11) NOT NULL,
  `LAST_UPDATED_TIMESTAMP` datetime NOT NULL,
  `DELETED` bit(1) NOT NULL,
  `DISABLED` bit(1) NOT NULL,
  `NAME` varchar(255) NOT NULL,
  `COA_CONTRIBUTION_ID` int(11) NOT NULL,
  PRIMARY KEY (`ID`),
  UNIQUE KEY `NAME` (`NAME`),
  KEY `FK2FC40BFE3BBC35E7` (`COA_CONTRIBUTION_ID`),
  CONSTRAINT `FK2FC40BFE3BBC35E7` FOREIGN KEY (`COA_CONTRIBUTION_ID`) REFERENCES `coa_contributions` (`ID`)
) ENGINE=InnoDB AUTO_INCREMENT=5 DEFAULT CHARSET=utf8;
/*!40101 SET character_set_client = @saved_cs_client */;

--
-- Dumping data for table `coa_groups`
--

LOCK TABLES `coa_groups` WRITE;
/*!40000 ALTER TABLE `coa_groups` DISABLE KEYS */;
INSERT INTO `coa_groups` VALUES (0,0,'2014-02-21 09:18:53','\0','\0','AKTIVA',0),(1,0,'2014-02-21 09:18:53','\0','\0','HUTANG',0),(2,0,'2014-02-21 09:18:53','\0','\0','MODAL',0),(3,0,'2014-02-21 09:18:53','\0','\0','PENDAPATAN',1),(4,0,'2014-02-21 09:18:53','\0','\0','BEBAN',1);
/*!40000 ALTER TABLE `coa_groups` ENABLE KEYS */;
UNLOCK TABLES;

--
-- Table structure for table `companies`
--

DROP TABLE IF EXISTS `companies`;
/*!40101 SET @saved_cs_client     = @@character_set_client */;
/*!40101 SET character_set_client = utf8 */;
CREATE TABLE `companies` (
  `ID` int(11) NOT NULL AUTO_INCREMENT,
  `LAST_UPDATED_BY` int(11) NOT NULL,
  `LAST_UPDATED_TIMESTAMP` datetime NOT NULL,
  `DELETED` bit(1) NOT NULL,
  `DISABLED` bit(1) NOT NULL,
  `ADDRESS` varchar(255) NOT NULL,
  `FAX` varchar(255) DEFAULT NULL,
  `NAME` varchar(255) NOT NULL,
  `PHONE_1` varchar(255) DEFAULT NULL,
  `PHONE_2` varchar(255) DEFAULT NULL,
  PRIMARY KEY (`ID`),
  UNIQUE KEY `NAME` (`NAME`)
) ENGINE=InnoDB AUTO_INCREMENT=2 DEFAULT CHARSET=utf8;
/*!40101 SET character_set_client = @saved_cs_client */;

--
-- Dumping data for table `companies`
--

LOCK TABLES `companies` WRITE;
/*!40000 ALTER TABLE `companies` DISABLE KEYS */;
INSERT INTO `companies` VALUES (1,0,'2014-01-01 18:43:02','\0','\0','Mini Market SPBU 24-307-24 KM. 30','08127849981','Minimarket KK','0711515904',NULL);
/*!40000 ALTER TABLE `companies` ENABLE KEYS */;
UNLOCK TABLES;

--
-- Table structure for table `customers`
--

DROP TABLE IF EXISTS `customers`;
/*!40101 SET @saved_cs_client     = @@character_set_client */;
/*!40101 SET character_set_client = utf8 */;
CREATE TABLE `customers` (
  `ID` int(11) NOT NULL AUTO_INCREMENT,
  `LAST_UPDATED_BY` int(11) NOT NULL,
  `LAST_UPDATED_TIMESTAMP` datetime NOT NULL,
  `DELETED` bit(1) NOT NULL,
  `DISABLED` bit(1) NOT NULL,
  `ADDRESS` varchar(255) DEFAULT NULL,
  `CODE` varchar(255) NOT NULL,
  `DESCRIPTION` varchar(255) DEFAULT NULL,
  `EMAIL` varchar(255) DEFAULT NULL,
  `NAME` varchar(255) NOT NULL,
  `PHONE` varchar(255) DEFAULT NULL,
  PRIMARY KEY (`ID`),
  UNIQUE KEY `CODE` (`CODE`),
  UNIQUE KEY `NAME` (`NAME`)
) ENGINE=InnoDB DEFAULT CHARSET=utf8;
/*!40101 SET character_set_client = @saved_cs_client */;

--
-- Dumping data for table `customers`
--

LOCK TABLES `customers` WRITE;
/*!40000 ALTER TABLE `customers` DISABLE KEYS */;
INSERT INTO `customers` VALUES (0,1,'2014-01-18 22:29:05','\0','\0','Umum','CUST-0001','UNTUK SEMUA CUSTOMER YANG TIDAK ADA NAMA','-','UMUM','-');
/*!40000 ALTER TABLE `customers` ENABLE KEYS */;
UNLOCK TABLES;

--
-- Table structure for table `discount`
--

DROP TABLE IF EXISTS `discount`;
/*!40101 SET @saved_cs_client     = @@character_set_client */;
/*!40101 SET character_set_client = utf8 */;
CREATE TABLE `discount` (
  `ID` int(11) NOT NULL AUTO_INCREMENT,
  `LAST_UPDATED_BY` int(11) NOT NULL,
  `LAST_UPDATED_TIMESTAMP` datetime NOT NULL,
  `DELETED` bit(1) NOT NULL,
  `DISABLED` bit(1) NOT NULL,
  `DISCOUNT_PERCENT` decimal(19,2) DEFAULT NULL,
  `QUANTITY` int(11) NOT NULL,
  `ITEM_ID` int(11) NOT NULL,
  PRIMARY KEY (`ID`),
  KEY `FK3EEE6541EC3CEFBA` (`ITEM_ID`),
  CONSTRAINT `FK3EEE6541EC3CEFBA` FOREIGN KEY (`ITEM_ID`) REFERENCES `items` (`ID`)
) ENGINE=InnoDB DEFAULT CHARSET=utf8;
/*!40101 SET character_set_client = @saved_cs_client */;

--
-- Dumping data for table `discount`
--

LOCK TABLES `discount` WRITE;
/*!40000 ALTER TABLE `discount` DISABLE KEYS */;
/*!40000 ALTER TABLE `discount` ENABLE KEYS */;
UNLOCK TABLES;

--
-- Table structure for table `item_groups`
--

DROP TABLE IF EXISTS `item_groups`;
/*!40101 SET @saved_cs_client     = @@character_set_client */;
/*!40101 SET character_set_client = utf8 */;
CREATE TABLE `item_groups` (
  `ID` int(11) NOT NULL AUTO_INCREMENT,
  `LAST_UPDATED_BY` int(11) NOT NULL,
  `LAST_UPDATED_TIMESTAMP` datetime NOT NULL,
  `DELETED` bit(1) NOT NULL,
  `DISABLED` bit(1) NOT NULL,
  `NAME` varchar(255) NOT NULL,
  PRIMARY KEY (`ID`),
  UNIQUE KEY `NAME` (`NAME`)
) ENGINE=InnoDB DEFAULT CHARSET=utf8;
/*!40101 SET character_set_client = @saved_cs_client */;

--
-- Dumping data for table `item_groups`
--

LOCK TABLES `item_groups` WRITE;
/*!40000 ALTER TABLE `item_groups` DISABLE KEYS */;
/*!40000 ALTER TABLE `item_groups` ENABLE KEYS */;
UNLOCK TABLES;

--
-- Table structure for table `item_stocks`
--

DROP TABLE IF EXISTS `item_stocks`;
/*!40101 SET @saved_cs_client     = @@character_set_client */;
/*!40101 SET character_set_client = utf8 */;
CREATE TABLE `item_stocks` (
  `ID` int(11) NOT NULL AUTO_INCREMENT,
  `QUANTITY` int(11) NOT NULL,
  `ITEM_ID` int(11) NOT NULL,
  `PURCHASE_DETAIL_ID` int(11) NOT NULL,
  PRIMARY KEY (`ID`),
  KEY `FK6535EC9779CC59D` (`PURCHASE_DETAIL_ID`),
  KEY `FK6535EC9EC3CEFBA` (`ITEM_ID`),
  CONSTRAINT `FK6535EC9EC3CEFBA` FOREIGN KEY (`ITEM_ID`) REFERENCES `items` (`ID`),
  CONSTRAINT `FK6535EC9779CC59D` FOREIGN KEY (`PURCHASE_DETAIL_ID`) REFERENCES `purchase_details` (`ID`)
) ENGINE=InnoDB AUTO_INCREMENT=358 DEFAULT CHARSET=utf8;
/*!40101 SET character_set_client = @saved_cs_client */;

--
-- Dumping data for table `item_stocks`
--

LOCK TABLES `item_stocks` WRITE;
/*!40000 ALTER TABLE `item_stocks` DISABLE KEYS */;
INSERT INTO `item_stocks` VALUES (1,6,1,1),(2,6,2,2),(3,9,3,3),(4,6,4,4),(5,61,5,5),(6,40,6,6),(7,5,7,7),(8,5,8,8),(9,10,9,9),(10,10,10,10),(11,1,11,11),(12,3,12,12),(13,3,13,13),(14,6,14,14),(15,12,15,15),(16,6,16,16),(17,6,17,17),(18,12,18,18),(19,12,19,19),(20,20,20,20),(21,0,21,21),(22,-12,18,22),(23,12,18,23),(24,11,22,24),(25,36,23,25),(26,36,24,26),(27,2,25,27),(28,2,26,28),(29,2,27,29),(30,14,28,30),(31,30,29,31),(32,10,30,32),(33,10,31,33),(34,10,32,34),(35,12,33,35),(36,6,34,36),(37,59,35,37),(38,6,36,38),(39,33,37,39),(40,8,38,40),(41,21,39,41),(42,48,40,42),(43,24,41,43),(44,4,42,44),(45,23,43,45),(46,6,44,46),(47,12,45,47),(48,6,46,48),(49,7,47,49),(50,12,48,50),(51,12,49,51),(52,10,50,52),(53,9,51,53),(54,12,52,54),(55,12,53,55),(56,12,54,56),(57,12,55,57),(58,12,56,58),(59,12,57,59),(60,11,58,60),(61,18,59,61),(62,10,60,62),(63,10,61,63),(64,15,62,64),(65,15,63,65),(66,18,64,66),(67,15,65,67),(68,12,66,68),(69,10,67,69),(70,9,68,70),(71,0,69,71),(72,11,70,72),(73,12,71,73),(74,12,72,74),(75,12,73,75),(76,12,74,76),(77,15,75,77),(78,15,76,78),(79,7,77,79),(80,7,78,80),(81,7,79,81),(82,40,80,82),(83,22,81,83),(84,25,82,84),(85,12,83,85),(86,11,84,86),(87,25,85,87),(88,40,86,88),(89,7,74,89),(90,24,87,90),(91,24,88,91),(92,11,89,92),(93,12,90,93),(94,5,91,94),(95,3,92,95),(96,15,93,96),(97,15,94,97),(98,3,95,98),(99,18,96,99),(100,3,97,100),(101,18,98,101),(102,0,99,102),(103,3,99,103),(104,3,100,104),(105,4,101,105),(106,6,102,106),(107,3,103,107),(108,3,104,108),(109,3,105,109),(110,5,106,110),(111,3,107,111),(112,3,108,112),(113,10,109,113),(114,3,110,114),(115,3,111,115),(116,0,112,116),(117,5,113,117),(118,9,114,118),(119,6,115,119),(120,7,116,120),(121,5,117,121),(122,1,118,122),(123,5,119,123),(124,12,120,124),(125,12,121,125),(126,7,122,126),(127,6,123,127),(128,4,124,128),(129,4,125,129),(130,4,126,130),(131,6,127,131),(132,10,128,132),(133,6,129,133),(134,6,130,134),(135,1,131,135),(136,1,132,136),(137,6,133,137),(138,3,134,138),(139,6,135,139),(140,3,136,140),(141,31,137,141),(142,48,138,142),(143,30,139,143),(144,30,140,144),(145,40,141,145),(146,20,142,146),(147,19,143,147),(148,20,144,148),(149,40,145,149),(150,25,146,150),(151,24,147,151),(152,10,148,152),(153,6,149,153),(154,6,150,154),(155,6,151,155),(156,6,152,156),(157,3,153,157),(158,5,154,158),(159,5,155,159),(160,2,156,160),(161,3,157,161),(162,3,158,162),(163,6,159,163),(164,4,160,164),(165,5,161,165),(166,5,162,166),(167,3,163,167),(168,6,164,168),(169,6,165,169),(170,3,166,170),(171,1,167,171),(172,3,168,172),(173,6,169,173),(174,3,170,174),(175,3,171,175),(176,3,172,176),(177,3,173,177),(178,3,174,178),(179,3,175,179),(180,3,176,180),(181,3,177,181),(182,3,178,182),(183,3,179,183),(184,3,180,184),(185,3,181,185),(186,3,182,186),(187,4,183,187),(188,4,184,188),(189,5,185,189),(190,11,186,190),(191,10,187,191),(192,79,188,192),(193,30,189,193),(194,40,190,194),(195,10,191,195),(196,15,192,196),(197,50,193,197),(198,47,194,198),(199,48,195,199),(200,24,196,200),(201,15,197,201),(202,6,198,202),(203,6,199,203),(204,2,200,204),(205,4,201,205),(206,12,202,206),(207,6,203,207),(208,12,204,208),(209,12,205,209),(210,12,206,210),(211,6,207,211),(212,20,208,212),(213,10,209,213),(214,10,210,214),(215,10,211,215),(216,6,212,216),(217,19,213,217),(218,20,214,218),(219,6,215,219),(220,20,216,220),(221,20,217,221),(222,50,218,222),(223,20,219,223),(224,6,220,224),(225,29,221,225),(226,24,222,226),(227,6,223,227),(228,6,224,228),(229,6,225,229),(230,12,226,230),(231,12,227,231),(232,12,228,232),(233,16,229,233),(234,6,230,234),(235,6,231,235),(236,12,232,236),(237,10,233,237),(238,29,234,238),(239,4,235,239),(240,4,236,240),(241,2,237,241),(242,2,238,242),(243,8,239,243),(244,6,240,244),(245,3,254,245),(246,0,255,246),(247,2,256,247),(248,6,257,248),(249,12,258,249),(250,11,259,250),(251,6,260,251),(252,12,261,252),(253,12,262,253),(254,12,263,254),(255,11,264,255),(256,11,265,256),(257,17,266,257),(258,5,267,258),(259,6,268,259),(260,12,269,260),(261,12,270,261),(262,12,271,262),(263,12,272,263),(264,10,273,264),(265,24,274,265),(266,6,275,266),(267,18,276,267),(268,12,277,268),(269,24,278,269),(270,24,279,270),(271,18,280,271),(272,2,281,272),(273,1,282,273),(274,2,283,274),(275,4,285,275),(276,2,286,276),(277,2,287,277),(278,5,288,278),(279,1,289,279),(280,2,290,280),(281,6,291,281),(282,3,292,282),(283,2,293,283),(284,3,294,284),(285,2,295,285),(286,3,296,286),(287,3,297,287),(288,3,298,288),(289,3,299,289),(290,3,300,290),(291,2,301,291),(292,4,302,292),(293,24,303,293),(294,3,304,294),(295,6,305,295),(296,2,306,296),(297,2,307,297),(298,2,308,298),(299,2,309,299),(300,3,310,300),(301,3,311,301),(302,2,312,302),(303,3,313,303),(304,3,314,304),(305,6,315,305),(306,3,316,306),(307,3,317,307),(308,6,318,308),(309,3,319,309),(310,6,320,310),(311,3,321,311),(312,6,322,312),(313,2,323,313),(314,10,326,314),(315,14,327,315),(316,22,328,316),(317,8,329,317),(318,6,330,318),(319,1,331,319),(320,4,332,320),(321,11,333,321),(322,6,334,322),(323,3,335,323),(324,1,336,324),(325,2,337,325),(326,6,338,326),(327,5,339,327),(328,12,340,328),(329,11,341,329),(330,9,342,330),(331,6,343,331),(332,6,344,332),(333,12,345,333),(334,3,346,334),(335,3,347,335),(336,3,348,336),(337,3,349,337),(338,20,350,338),(339,20,351,339),(340,24,352,340),(341,12,353,341),(342,3,354,342),(343,12,355,343),(344,6,356,344),(345,6,357,345),(346,10,358,346),(347,8,359,347),(348,8,360,348),(349,24,361,349),(350,6,362,350),(351,6,363,351),(352,3,364,352),(353,2,365,353),(354,6,366,354),(355,1,367,355),(356,3,370,356),(357,6,86,357);
/*!40000 ALTER TABLE `item_stocks` ENABLE KEYS */;
UNLOCK TABLES;

--
-- Table structure for table `items`
--

DROP TABLE IF EXISTS `items`;
/*!40101 SET @saved_cs_client     = @@character_set_client */;
/*!40101 SET character_set_client = utf8 */;
CREATE TABLE `items` (
  `ID` int(11) NOT NULL AUTO_INCREMENT,
  `LAST_UPDATED_BY` int(11) NOT NULL,
  `LAST_UPDATED_TIMESTAMP` datetime NOT NULL,
  `DELETED` bit(1) NOT NULL,
  `DISABLED` bit(1) NOT NULL,
  `BARCODE` varchar(255) DEFAULT NULL,
  `CODE` varchar(255) NOT NULL,
  `HPP` decimal(19,2) NOT NULL,
  `MINIMUM_STOCK` int(11) NOT NULL,
  `NAME` varchar(255) NOT NULL,
  `SELL_PRICE` decimal(19,2) NOT NULL,
  `UNIT` varchar(255) NOT NULL,
  PRIMARY KEY (`ID`),
  UNIQUE KEY `CODE` (`CODE`),
  UNIQUE KEY `NAME` (`NAME`)
) ENGINE=InnoDB AUTO_INCREMENT=372 DEFAULT CHARSET=utf8;
/*!40101 SET character_set_client = @saved_cs_client */;

--
-- Dumping data for table `items`
--

LOCK TABLES `items` WRITE;
/*!40000 ALTER TABLE `items` DISABLE KEYS */;
INSERT INTO `items` VALUES (1,4,'2014-02-01 07:26:28','\0','\0','8998685182307','0000000001',0.00,0,'FROZZ TROPICAL MANGO 15 GR',7000.00,'PCS'),(2,2,'2014-01-27 15:50:57','\0','\0','8998685056301','0000000002',0.00,0,'FROZZ LIME 15 GR',7000.00,'PCS'),(3,2,'2014-01-27 15:52:36','\0','\0','8998685052303','0000000003',0.00,0,'FROZZ BARLEY MINT 15 GR',7000.00,'PCS'),(4,2,'2014-01-27 15:53:55','\0','\0','8998685054307','0000000004',0.00,0,'FROZZ ORANGE MINT 15 GR',7000.00,'PCS'),(5,1,'2014-01-30 14:34:45','\0','\0','8991212826668','0000000005',0.00,0,'PARFUM WARNA WARNI',9000.00,'BOTOL'),(6,2,'2014-01-27 16:02:01','\0','\0','8998685021002','0000000006',0.00,0,'NANO NANO KULIT JERUK',2000.00,'BKS'),(7,2,'2014-01-27 16:08:41','\0','\0','8852008940244','0000000007',0.00,0,'LOTTE FUSEN NO MI STRAW 15 GR',5000.00,'PCS'),(8,2,'2014-01-27 16:11:34','\0','\0','8852008940213','0000000008',0.00,0,'LOTTE FUSEN NO MI BLUBER 15 GR',5000.00,'pcs'),(9,2,'2014-01-27 16:13:54','\0','\0','8998685011003','0000000009',0.00,0,'HEXOX MINT 12,5 GR',2000.00,'PCS'),(10,2,'2014-01-27 16:15:57','\0','\0','8998685013007','0000000010',0.00,0,'HEXOX BARLEY MINT 12,5 GR',2000.00,'PCS'),(11,2,'2014-01-27 16:20:19','\0','\0','95506302','0000000011',0.00,0,'STREPSIL O\'COOL 15,6 GR',6500.00,'BKS'),(12,2,'2014-01-27 16:22:31','\0','\0','8993560151041','0000000012',0.00,0,'STREPSIL SUGAR FREE',9000.00,'BKS'),(13,2,'2014-01-27 16:24:10','\0','\0','95506296','0000000013',0.00,0,'STREPSIL ORIGINAL',6500.00,'BKS'),(14,2,'2014-01-27 16:30:10','\0','\0','50819317','0000000014',0.00,0,'FISHERMAN\'S FRIEND 25 GR',14000.00,'BKS'),(15,2,'2014-01-27 16:33:01','\0','\0','8992696420014','0000000015',0.00,0,'FOX\'S BERRIES 38 GR',4000.00,'PCS'),(16,2,'2014-01-27 17:24:48','\0','\0','8991102303101','0000000016',0.00,0,'TANGO WAFER STRAWBERY 2@19 GR ',2500.00,'BKS'),(17,2,'2014-01-27 16:39:43','\0','\0','8991102300520','0000000017',0.00,0,'TANGO WAFER VANILA 19 GR',2500.00,'BKS'),(18,2,'2014-01-27 17:25:30','\0','\0','8991102300322','0000000018',0.00,0,'TANGO WAFER COKLAT 2@19 GR',2500.00,'BKS'),(19,2,'2014-01-27 16:49:01','\0','\0','89926581','0000000019',0.00,0,'POLO PEPPERMINT 24 GR ',2000.00,'BKS'),(20,2,'2014-01-27 16:55:13','\0','\0','8991102385176','0000000020',0.00,0,'TANGGO WAFFLE CRUNCHOX 70GR',5000.00,'PCS'),(21,2,'2014-01-27 16:59:38','\0','\0','8991102386272','0000000021',0.00,0,'TANGO WAFFLE CRUNCHMILK 70 GR ',3150.00,'BKS'),(22,2,'2014-01-27 17:35:31','\0','\0','8991102384841','0000000022',0.00,0,'TANGO WAFER CHOCOLATE 114 GR',6000.00,'BKS'),(23,2,'2014-01-27 17:44:56','\0','\0','8992760121014','0000000023',0.00,0,'OREO KRIM VANILA 29,4 GR',2000.00,'BKS'),(24,2,'2014-01-27 17:47:12','\0','\0','7622300442477','0000000024',0.00,0,'OREO ICE CREAM 29,4 GR',2000.00,'BKS'),(25,2,'2014-01-27 17:49:45','\0','\0','7622300442507','0000000025',0.00,0,'OREO ICE CREAM 137 GR',7500.00,'BKS'),(26,2,'2014-01-27 17:52:07','\0','\0','7622300136055','0000000026',0.00,0,'OREO STRAWBERRY CREME 137 GR',7500.00,'BKS'),(27,2,'2014-01-27 17:53:22','\0','\0','7622300484071','0000000027',0.00,0,'OREO GOLDEN 137 GR',7500.00,'BKS'),(28,2,'2014-01-27 17:55:12','\0','\0','8888166996076','0000000028',0.00,0,'BISKUIT KELAPA IJO 220 G',6500.00,'BKS'),(29,2,'2014-01-27 18:00:12','\0','\0','8888166336568','0000000029',0.00,0,'CRISPY CRACKERS 225 GR',8500.00,'BKS'),(30,2,'2014-01-27 18:02:28','\0','\0','8888166336827','0000000030',0.00,0,'BIG ROYAL STRAWBERRY 200 GR',8500.00,'BKS'),(31,2,'2014-01-27 18:03:54','\0','\0','8888166603509','0000000031',0.00,0,'BIG ROYAL COCONUT 200 GR',8500.00,'BKS'),(32,2,'2014-01-27 18:06:21','\0','\0','8888166989306','0000000032',0.00,0,'BIG ROYAL CHOCOLATE 200 GR',8500.00,'BKS'),(33,2,'2014-01-27 18:09:50','\0','\0','8992761136031','0000000033',0.00,0,'SPRITE 1,5 L',15000.00,'BTL'),(34,2,'2014-01-27 18:12:39','\0','\0','8992761136055','0000000034',0.00,0,'FANTA STROBERI 1,5 L',15000.00,'BTL'),(35,2,'2014-01-27 18:15:41','\0','\0','8992761166038','0000000035',0.00,0,'PULPY ORANGE 350 ML',7000.00,'BTL'),(36,2,'2014-01-27 18:18:25','\0','\0','8992761136017','0000000036',0.00,0,'COCA COLA 1,5 L',15000.00,'BTL'),(37,2,'2014-01-27 18:20:07','\0','\0','8992761111540','0000000037',0.00,0,'FANTA STROBERI 250 ML',5500.00,'KALENG'),(38,2,'2014-01-27 18:24:27','\0','\0','8992761111533','0000000038',0.00,0,'SPRITE 250 ML',5500.00,'KALENG'),(39,2,'2014-01-27 18:26:49','\0','\0','8992696404441','0000000039',0.00,0,'NESTLE BEAR BRAND 185 ML',7000.00,'KALENG'),(40,2,'2014-01-27 18:28:56','\0','\0','8888640059839','0000000040',0.00,0,'DAY DAY SARANG WALET 320 ML',6000.00,'KALENG'),(41,2,'2014-01-27 18:31:39','\0','\0','738989886017','0000000041',0.00,0,'BIR BINTANG ZERO 330 ML',7000.00,'KALENG'),(42,2,'2014-01-27 18:33:50','\0','\0','8999988888828','0000000042',0.00,0,'LARUTAN PENYEGAR STROBERI 320 ML',6000.00,'KALENG'),(43,2,'2014-01-27 18:35:16','\0','\0','8995227500124','0000000043',0.00,0,'LARUTAN CAP KAKI TIGA 200 ML',3000.00,'BTL'),(44,2,'2014-01-27 18:37:20','\0','\0','8997009510130','0000000044',0.00,0,'YOU C1000 APPLE 140 ML',7000.00,'BTL'),(45,2,'2014-01-27 18:39:20','\0','\0','8997009510017','0000000045',0.00,0,'YOU C1000 LEMON 140 ML',7000.00,'BTL'),(46,2,'2014-01-27 18:40:47','\0','\0','8997009510055','0000000046',0.00,0,'YOU C1000 ORANGE 140 ML',7000.00,'BTL'),(47,2,'2014-01-27 18:42:43','\0','\0','8992858527308','0000000047',0.00,0,'HYDRO COCO ORIGINAL 250 ML',6000.00,'BTL'),(48,2,'2014-01-28 13:48:45','\0','\0','8888166604797','0000000048',0.00,0,'KHONG GUAN CREAM CRACKERS 275 GR',11000.00,'BKS'),(49,2,'2014-01-28 13:51:26','\0','\0','8888166604827','0000000049',0.00,0,'KHONG GUAN SUGAR PUFF 275 GR',10000.00,'BKS'),(50,2,'2014-01-28 13:52:49','\0','\0','8888166607958','0000000050',0.00,0,'KHONG GUAN SALTCHEESE COMBERRY 190 GR',10000.00,'BKS'),(51,2,'2014-01-28 13:56:20','\0','\0','8888166607408','0000000051',0.00,0,'KHONG GUAN SALTCHEESE COMBOCIZ 190 GR',10000.00,'BKS'),(52,2,'2014-01-28 13:59:09','\0','\0','8991102820288','0000000052',0.00,0,'OT OOPS HOTSA 100 GR',6000.00,'PCS'),(53,2,'2014-01-28 14:01:11','\0','\0','8991102300544','0000000053',0.00,0,'OT TANGO SUSU VANILLA 171 GR',10000.00,'KOTAK'),(54,2,'2014-01-28 14:04:00','\0','\0','8991102383745','0000000054',0.00,0,'OT TANGO COCOPANDAN 171 GR',10000.00,'BKS'),(55,2,'2014-01-28 14:05:09','\0','\0','8991102303309','0000000055',0.00,0,'OT TANGO STRAWBERRY 171 GR',10000.00,'BKS'),(56,2,'2014-01-28 14:13:31','\0','\0','8991102384964','0000000056',0.00,0,'OT TANGO VANILLA BLACK 171 gr',10000.00,'BKS'),(57,2,'2014-01-28 14:07:09','\0','\0','8991102303002','0000000057',0.00,0,'OT TANGO CAPPUCCINO 171 gr',10000.00,'BKS'),(58,2,'2014-01-28 14:08:17','\0','\0','8991102300421','0000000058',0.00,0,'OT TANGO CHOCOLATE 171 GR',10000.00,'BKS'),(59,2,'2014-01-28 14:09:27','\0','\0','8991102383417','0000000059',0.00,0,'OT TANGO CRUNCH CAKE 80 GR',6000.00,'KOTAK'),(60,2,'2014-01-28 14:11:24','\0','\0','8888166607392','0000000060',0.00,0,'KHONG GUAN SALTCHEESE COMBO 190 GR',10000.00,'BKS'),(61,2,'2014-01-28 14:14:24','\0','\0','8888166605329','0000000061',0.00,0,'KHONG GUAN MARIE SUSU 160 GR',8000.00,'BKS'),(62,2,'2014-01-28 14:15:48','\0','\0','8888166607637','0000000062',0.00,0,'KHONG GUAN SUPERCO SARIKAYA 138 GR',6500.00,'BKS'),(63,2,'2014-01-28 14:17:35','\0','\0','8888166606166','0000000063',0.00,0,'KHONG GUAN SUPERCO KRIM COKLAT 138 GR',6500.00,'bks'),(64,2,'2014-01-28 14:19:13','\0','\0','8888166330306','0000000064',0.00,0,'NISSIN LEMONIA 130 GR',6500.00,'BKS'),(65,2,'2014-01-28 14:20:29','\0','\0','8888166606173','0000000065',0.00,0,'KHONG GUAN MILK SHORT CAKE 225 GR',8500.00,'BKS'),(66,2,'2014-01-28 14:22:07','\0','\0','8888166607866','0000000066',0.00,0,'KHONG GUAN CREAM WAFERS 240 GR',12500.00,'BKS'),(67,2,'2014-01-28 14:23:30','\0','\0','8888166994713','0000000067',0.00,0,'NISSIN BISKUIT KELAPA 300 GR',9500.00,'BKS'),(68,2,'2014-01-28 14:30:22','\0','\0','8888166989399','0000000068',0.00,0,'KHONG GUAN ASSORTED BISCUITS red 300 GR',14500.00,'BKS'),(69,2,'2014-01-28 14:28:42','\0','\0','8888166603455','0000000069',0.00,0,'KHONG GUAN ASSORTED BISCUITS green 300 GR',14500.00,'BKS'),(70,2,'2014-01-28 14:32:09','\0','\0','8888166989832','0000000070',0.00,0,'MONDE GENJI SOFT PIE STROBERI 105 GR',7500.00,'BKS'),(71,2,'2014-01-28 14:36:20','\0','\0','8888166842557','0000000071',0.00,0,'MONDE GENJI ORIGINAL 70 GR',7000.00,'BKS'),(72,2,'2014-01-28 14:38:11','\0','\0','8888166842571','0000000072',0.00,0,'MONDE GENJI LEMON PIE 85 GR',7500.00,'BKS'),(73,2,'2014-01-28 14:39:34','\0','\0','8888166842649','0000000073',0.00,0,'MONDE GENJI STRAWBERRY PIE 85 GR',7500.00,'BKS'),(74,2,'2014-01-28 14:41:17','\0','\0','8888166607132','0000000074',0.00,0,'KHONG GUAN CLASSIC CHOCOLATE 350 GR',17500.00,'BKS'),(75,2,'2014-01-28 14:43:01','\0','\0','8888166996083','0000000075',0.00,0,'NISSIN KELAPA IJO 280 GR',8500.00,'BKS'),(76,2,'2014-01-28 14:44:18','\0','\0','8888166989474','0000000076',0.00,0,'NISSIN WAFERS MILK 120 GR',7500.00,'BKS'),(77,2,'2014-01-28 14:45:49','\0','\0','8992758110044','0000000077',0.00,0,'INTERBIS ROSE CHOCOLATE 240 GR',6000.00,'bks'),(78,2,'2014-01-28 14:46:57','\0','\0','8992758110105','0000000078',0.00,0,'INTERBIS BON-BON CHOCOLATE CREAM 240 GR',6000.00,'BKS'),(79,2,'2014-01-28 14:48:03','\0','\0','8992758110068','0000000079',0.00,0,'INTERBIS ROSE CREAM 240 GR',6000.00,'BKS'),(80,2,'2014-01-28 14:53:29','\0','\0','8993153126005','0000000080',0.00,0,'ALFA ONE 600 ML',3000.00,'BOTOL'),(81,2,'2014-01-28 14:54:58','\0','\0','8886008101053','0000000081',0.00,0,'AQUA 600 ML',3500.00,'BOTOL'),(82,2,'2014-01-28 14:56:32','\0','\0','8992761111519','0000000082',0.00,0,'COCA COLA 250 ML',5500.00,'BTL'),(83,2,'2014-01-28 14:57:46','\0','\0','8993153121505','0000000083',0.00,0,'ALFA ONE 1500 ML',5000.00,'BTL'),(84,2,'2014-01-28 14:58:36','\0','\0','8886008101091','0000000084',0.00,0,'AQUA 1500 ML ',6000.00,'BTL'),(85,2,'2014-01-28 14:59:49','\0','\0','8992753184002','0000000085',0.00,0,'FRISIAN FLAG COOL-BERRY 115 ML',3500.00,'KOTAK'),(86,2,'2014-01-28 15:01:06','\0','\0','8998009010606','0000000086',0.00,0,'ULTRA MILK STROBERI 125 ML',3500.00,'KOTAK'),(87,2,'2014-01-28 15:10:09','\0','\0','8992753172207','0000000087',0.00,0,'FRISIAN FLAG COKELAT 190 ML',4000.00,'BTL'),(88,2,'2014-01-28 15:11:22','\0','\0','8992753174201','0000000088',0.00,0,'FRISIAN FLAG STROBERI 190 ML',4000.00,'BTL'),(89,2,'2014-01-28 15:25:09','\0','\0','8888266222075','0000000089',0.00,0,'KHONG GUAN CREAM WAFERS CHOCOLATE 240 GR',12500.00,'BKS'),(90,2,'2014-01-28 15:26:24','\0','\0','8888166222090','0000000090',0.00,0,'KHONG GUAN CREAM WAFERS COCONUT',12500.00,'BKS'),(91,2,'2014-01-28 15:28:01','\0','\0','8991102281430','0000000091',0.00,0,'OT MINTZ DOUBLEMINT 125 GR',5500.00,'BKS'),(92,2,'2014-01-28 15:29:43','\0','\0','8991102281416','0000000092',0.00,0,'OT MINTZ PEPPERMINT 25 GR',5500.00,'BKS'),(93,2,'2014-01-28 15:30:36','\0','\0','8888166336605','0000000093',0.00,0,'NISSIN WAFERS CHOCOLATE 135 GR',7500.00,'BKS'),(94,2,'2014-01-28 15:32:11','\0','\0','8888166337305','0000000094',0.00,0,'NISSIN WAFERS STRAWBERRY 120 GR',7500.00,'BKS'),(95,2,'2014-01-28 15:33:28','\0','\0','8992775312469','0000000095',0.00,0,'GERRY SALUT CHOCOLATE 24 PCS',11500.00,'KOTAK'),(96,2,'2014-01-28 15:34:56','\0','\0','8991102300063','0000000096',0.00,0,'OT OOPS WAFER KEJU 24 GR',1500.00,'PCS'),(97,2,'2014-01-28 15:36:17','\0','\0','8992696418936','0000000097',0.00,0,'FOX\'S FRUITS 90 GR',6500.00,'BKS'),(98,2,'2014-01-28 15:37:53','\0','\0','8991001242716','0000000098',0.00,0,'DELFI FUNTIME STRAWBERRY 26 GR',2500.00,'PCS'),(99,2,'2014-01-28 15:41:33','\0','\0','8992775312391','0000000099',0.00,0,'GERY WAFER stroberi 20 PCS',11500.00,'KOTAK'),(100,2,'2014-01-28 15:43:01','\0','\0','8992775317242','0000000100',0.00,0,'GERY DONUTS CHOCOMILK',13500.00,'KOTAK'),(101,4,'2014-01-30 12:20:57','\0','\0','8993058000929','0000000101',0.00,0,'BINTANG TOEDJOE (OBT SKT KPL) 3@BKS',4000.00,'BKS'),(102,4,'2014-01-30 12:23:08','\0','\0','8998667100206','0000000102',0.00,0,'PARAMEX (OBT SKT KPL) 4TABLET',3000.00,'BKS'),(103,4,'2014-01-30 12:25:20','\0','\0','8999908071903','0000000103',0.00,0,'BODREX MIGRA 4 TABLET',4000.00,'BKS'),(104,4,'2014-02-01 07:33:22','\0','\0','8999908285003','0000000104',0.00,0,'BODREX EKSTRA 4 TABLET',4000.00,'BKS'),(105,4,'2014-01-30 12:27:18','\0','\0','8999908057709','0000000105',0.00,0,'BODREX PE 4 TABLET',3000.00,'BKS'),(106,4,'2014-01-30 12:29:31','\0','\0','8991212326748','0000000106',0.00,0,'BODREX BULET 4 TABLET',3000.00,'BKS'),(107,4,'2014-01-30 12:30:37','\0','\0','8999908039309','0000000107',0.00,0,'OSKADON (OBT SKT KPL) 4 TABLET',3000.00,'BKS'),(108,4,'2014-01-30 12:31:29','\0','\0','89991039','0000000108',0.00,0,'SARIDON (OBT SKT KEPALA) 4 TABLET',5000.00,'BKS'),(109,4,'2014-01-30 12:32:40','\0','\0','8997013070019','0000000109',0.00,0,'PILKITA (OBT KUAT) 2 TABLET@ 700ML',2500.00,'BKS'),(110,4,'2014-01-30 12:33:40','\0','\0','8992112025021','0000000110',0.00,0,'DECOLGEN 4 TABLET',3000.00,'BKS'),(111,4,'2014-01-30 12:34:30','\0','\0','8992858666106','0000000111',0.00,0,'PROCOLD 6 TABLET',5000.00,'BKS'),(112,4,'2014-01-30 12:35:30','\0','\0','8999809400031','0000000112',0.00,0,'STOP COLD 4 TABLET',4500.00,'BKS'),(113,4,'2014-01-30 12:45:06','\0','\0','8996001304433','0000000113',0.00,0,'ROMA SLAI O\'LAI 128 GR',5000.00,'BKS'),(114,4,'2014-01-30 12:48:14','\0','\0','8992858664706','0000000114',0.00,0,'PROMAG BULAT 4 TABLET',3000.00,'BKS'),(115,4,'2014-01-30 12:50:04','\0','\0','8998667100169','0000000115',0.00,0,'NEO NAPACIN',3000.00,'BKS'),(116,4,'2014-01-30 12:52:01','\0','\0','4987176003829','0000000116',0.00,0,'VICKS FORMULA 44 DT 2@6.7 ML',3000.00,'BKS'),(117,4,'2014-01-30 12:54:11','\0','\0','8991212760740','0000000117',0.00,0,'BODREXIN BULAT GOLD 4 TABLET',2500.00,'BKS'),(118,4,'2014-01-30 12:56:29','\0','\0','8993212111089','0000000118',0.00,0,'COMBANTRIN PIRANTEL PAMOAT  2 TABLET',15000.00,'BKS'),(119,4,'2014-01-30 12:59:08','\0','\0','8991212137375','0000000119',0.00,0,'RHEUMACYL 4 TABLET',4000.00,'BKS'),(120,4,'2014-01-30 13:00:59','\0','\0','8991212124382','0000000120',0.00,0,'ADEM SARI 2@ 7 GR',4000.00,'BKS'),(121,4,'2014-01-30 13:04:04','\0','\0','8991212904007','0000000121',0.00,0,'HANSAPLAST KECIL ISI 4',2000.00,'BKS'),(122,4,'2014-01-30 13:04:53','\0','\0','8991212760016','0000000122',0.00,0,'HANSAPLAST BESAR ISI 3',2500.00,'BKS'),(123,4,'2014-01-30 13:05:53','\0','\0','8992772231015','0000000123',0.00,0,'VEGETA 2@ 6,3 GR',4500.00,'BKS'),(124,4,'2014-01-30 13:07:04','\0','\0','8999988778587','0000000124',0.00,0,'LASEGAR JERUK 2@7 GR',4000.00,'BKS'),(125,4,'2014-01-30 13:08:36','\0','\0','8999988778198','0000000125',0.00,0,'LASEGAR ANGGUR 2@7 GR',4000.00,'BKS'),(126,4,'2014-01-30 13:09:16','\0','\0','8999988778686','0000000126',0.00,0,'LASEGAR JERUK NIPIS 2@7 GR',4000.00,'BKS'),(127,4,'2014-01-30 13:10:26','\0','\0','8993988350002','0000000127',0.00,0,'STAPLER JOYKO ',9000.00,'PCS'),(128,4,'2014-01-30 13:11:54','\0','\0','8998898310184','0000000128',0.00,0,'SIDOMUNCUL',3000.00,'BKS'),(129,4,'2014-01-30 13:12:55','\0','\0','8993498210230','0000000129',0.00,0,'ANTIMO DIMENHYDRINATE 1 STRIP@10TABLET',6000.00,'BKS'),(130,4,'2014-01-30 13:13:54','\0','\0','8995858899888','0000000130',0.00,0,'FATIGON 4 TABLET ',5000.00,'BKS'),(131,4,'2014-01-30 13:14:34','\0','\0','8993338005033','0000000131',0.00,0,'KOYO CABE',10000.00,'BKS'),(132,4,'2014-01-30 13:15:15','\0','\0','8992870410206','0000000132',0.00,0,'SALONPAS',9000.00,'BKS'),(133,4,'2014-01-30 13:16:15','\0','\0','8994472000038','0000000133',0.00,0,'CAP KAPAK MINYAK ANGIN 10 ML',15000.00,'PCS'),(134,4,'2014-01-30 13:17:23','\0','\0','8999908204202','0000000134',0.00,0,'MY BABY MINYAK TELON 600 ML',18000.00,'PCS'),(135,4,'2014-01-30 13:19:29','\0','\0','8993176110036','0000000135',0.00,0,'MINYAK ANGIN LANG 3 ML',7000.00,'PCS'),(136,4,'2014-01-30 13:20:56','\0','\0','8993176803099','0000000136',0.00,0,'TELON LANG CAP LANG 60 ML',13500.00,'BTL'),(137,1,'2014-01-30 15:01:43','\0','\0','8991212755777','0000000137',0.00,0,'PEYEK IKAN TERI ',15000.00,'BKS'),(138,1,'2014-01-30 15:04:24','\0','\0','8991212561019','0000000138',0.00,0,'SALE PISANG ORIGINAL',10000.00,'BKS'),(139,1,'2014-01-30 15:08:13','\0','\0','8991212243786','0000000139',0.00,0,'KERIPIK SINGKONG BALADO BULAT ',11000.00,'BKS'),(140,1,'2014-01-30 15:08:58','\0','\0','8991212101635','0000000140',0.00,0,'KERIPIK TEMPE 200 GR',13000.00,'BKS'),(141,1,'2014-01-30 15:10:04','\0','\0','8991212767282','0000000141',0.00,0,'AKAR KELAPA',12000.00,'BKS'),(142,1,'2014-01-30 15:11:32','\0','\0','8991212703754','0000000142',0.00,0,'KERIPIK SINGKONG PEDAS',11000.00,'BKS'),(143,1,'2014-01-30 15:12:39','\0','\0','8991212380252','0000000143',0.00,0,'KERIPIK SANJAI PADANG PJ.BESAR',15000.00,'BKS'),(144,1,'2014-01-30 15:13:35','\0','\0','8991212944195','0000000144',0.00,0,'KERIPIK PISANG ',11000.00,'BKS'),(145,1,'2014-01-30 15:14:37','\0','\0','8991212523888','0000000145',0.00,0,'KERIPIK SUKUN GURIH',12000.00,'BKS'),(146,1,'2014-01-30 15:16:16','\0','\0','8991212563631','0000000146',0.00,0,'KERUPUK SELANG',8500.00,'BKS'),(147,1,'2014-01-30 15:17:36','\0','\0','8991212353614','0000000147',0.00,0,'KERUPUK MAWAR',12500.00,'BKS'),(148,2,'2014-01-30 15:48:04','\0','\0','428016975783','0000000148',0.00,0,'VISION NOTA KONTAN 25 LEMBAR',3500.00,'PCS'),(149,2,'2014-01-30 15:49:35','\0','\0','8993176111279','0000000149',0.00,0,'CAP LANG MINYAK KAYU PUTIH 60 ML',17000.00,'BTL'),(150,2,'2014-01-30 15:50:30','\0','\0','8993176110081','0000000150',0.00,0,'CAP LANG MINYAK KAYU PUTIH 30 ML',9000.00,'BTL'),(151,2,'2014-01-30 15:51:24','\0','\0','8993176110098','0000000151',0.00,0,'CAP LANG MINYAK KAYU PUTIH 15 ML',6000.00,'BTL'),(152,2,'2014-01-30 15:53:39','\0','\0','8994472000014','0000000152',0.00,0,'MINYAK ANGIN CAP KAPAK 3 ML',5500.00,'BTL'),(153,2,'2014-01-30 15:55:27','\0','\0','8999908326805','0000000153',0.00,0,'BODREXIN BATUK&PILEK',10000.00,'BTL'),(154,2,'2014-01-30 15:58:47','\0','\0','8993058300500','0000000154',0.00,0,'KOMIX PEPPERMINT 2@7ML',2500.00,'BKS'),(155,2,'2014-01-30 16:00:37','\0','\0','8993058301200','0000000155',0.00,0,'KOMIX OBH NATURAL 2@7ML',2500.00,'BKS'),(156,2,'2014-01-30 16:01:45','\0','\0','8990358300500','0000000156',0.00,0,'KOMIX RASA JAHE 2@7ML',2500.00,'BKS'),(157,2,'2014-01-30 16:03:19','\0','\0','8993058300807','0000000157',0.00,0,'KOMIX RASA JERUK NIPIS 2@7ML',2500.00,'BKS'),(158,2,'2014-01-30 16:05:40','\0','\0','8991212272861','0000000158',0.00,0,'UNI BABY\'S COUDH SYRUP 60 ML',5000.00,'BTL'),(159,2,'2014-01-30 16:06:57','\0','\0','8992003782354','0000000159',0.00,0,'ANTANGIN SIRUP HERBAL 2@15ML',5000.00,'BKS'),(160,2,'2014-01-30 16:07:53','\0','\0','8991212677338','0000000160',0.00,0,'LASERIN 30 ML',6000.00,'BTL'),(161,2,'2014-01-30 16:08:54','\0','\0','8993058000653','0000000161',0.00,0,'EXTRAJOSS KOTAK',7500.00,'KOTAK'),(162,2,'2014-01-30 16:10:00','\0','\0','8998898830125','0000000162',0.00,0,'KUKU BIMA ENER-G RS ANGGUR KOTAK',6000.00,'BOX'),(163,2,'2014-01-30 16:11:08','\0','\0','8991212260745','0000000163',0.00,0,'SIDOLA MINYAK KAYU PUTIH 15 ML',8000.00,'BTL'),(164,2,'2014-01-30 16:12:20','\0','\0','8993014730112','0000000164',0.00,0,'MADURASA RS JERUK 2@20 ML',3000.00,'PCS'),(165,2,'2014-01-30 16:13:16','\0','\0','8991102800020','0000000165',0.00,0,'OT KIRANTI ORIGINAL 150 ML',6000.00,'BTL'),(166,2,'2014-01-30 16:14:28','\0','\0','8992695203441','0000000166',0.00,0,'INSTO REGULER 75 ML ',12000.00,'BTL'),(167,2,'2014-01-30 16:15:26','\0','\0','8993212111102','0000000167',0.00,0,'COMBANTRIN PIRANTEL PAMOAT RS JERUK 10 ML',17500.00,'PCS'),(168,2,'2014-01-30 16:16:23','\0','\0','8996200900016','0000000168',0.00,0,'HEROCYN 75 GR ',9000.00,'PCS'),(169,2,'2014-01-30 16:17:57','\0','\0','8992843992012','0000000169',0.00,0,'BETADINE POVIDONE IODINE 5 ML',5000.00,'BTL'),(170,2,'2014-01-30 16:19:02','\0','\0','8992858544817','0000000170',0.00,0,'KALPANAX CAIR 10 ML',5000.00,'BTL'),(171,2,'2014-01-30 16:20:27','\0','\0','8997013148688','0000000171',0.00,0,'SALEB 88 6 GR',8000.00,'PCS'),(172,2,'2014-01-30 16:21:29','\0','\0','6920561000148','0000000172',0.00,0,'DIE DA YAO JING 30 CC',22000.00,'PCS'),(173,2,'2014-01-30 16:23:48','\0','\0','8991212835646','0000000173',0.00,0,'RIVANOL MOLEX 100 ML',4500.00,'BT'),(174,2,'2014-01-30 16:24:50','\0','\0','8993176150018','0000000174',0.00,0,'INHALER LANG CAP LANG',8000.00,'PCS'),(175,2,'2014-01-30 16:27:21','\0','\0','8991212160403','0000000175',0.00,0,'ALKOHOL MOLEX 100 ML',6500.00,'BTL'),(176,2,'2014-01-30 16:28:34','\0','\0','8997009230076','0000000176',0.00,0,'OBHCITO SIRUP 100 ML',5000.00,'BTL'),(177,2,'2014-01-30 16:29:24','\0','\0','8993176120028','0000000177',0.00,0,'BALSEM LANG CAP LANG 20 GR',10000.00,'PCS'),(178,2,'2014-01-30 16:31:00','\0','\0','8993176120035','0000000178',0.00,0,'BALSEM LANG CAP LANG 10 GR',5500.00,'PCS'),(179,2,'2014-01-30 16:32:10','\0','\0','8991212887409','0000000179',0.00,0,'NOSIB CAP BISON 14 GR',7500.00,'PCS'),(180,2,'2014-01-30 16:33:20','\0','\0','8993176812022','0000000180',0.00,0,'GELIGA BALSEM OTOT 20 GR',10000.00,'PCS'),(181,2,'2014-01-30 16:34:10','\0','\0','8993176812039','0000000181',0.00,0,'GELIGA BALSEM OTOT 10 GR',5500.00,'PCS'),(182,2,'2014-01-30 16:34:50','\0','\0','8993060100235','0000000182',0.00,0,'BALPIRIK EKSTRA KUAT ',7500.00,'PCS'),(183,2,'2014-01-30 16:36:17','\0','\0','8992772311014','0000000183',0.00,0,'SOFFEL RS JERUK 3@ 13 LT',2500.00,'BKS'),(184,2,'2014-01-30 16:37:07','\0','\0','8992772011013','0000000184',0.00,0,'SOFFEL RS BUNGA GERANIUM 3@ 13 LT',2500.00,'BKS'),(185,2,'2014-01-30 16:38:28','\0','\0','8991212763628','0000000185',0.00,0,'NACHITAPE BESAR',9500.00,'ROLL'),(186,2,'2014-01-30 16:39:37','\0','\0','8991212554073','0000000186',0.00,0,'NACHITAPE KECIL',7500.00,'ROLL'),(187,2,'2014-01-30 16:40:34','\0','\0','8991212146094','0000000187',0.00,0,'NACHITAPE SEDANG ',8000.00,'ROLL'),(188,2,'2014-01-30 16:42:22','\0','\0','8991212217190','0000000188',0.00,0,'SAGON KELAPA',12000.00,'BKS'),(189,2,'2014-01-30 16:45:57','\0','\0','8991001501011','0000000189',0.00,0,'DELFI CHIC CHOC 65 GR',5000.00,'BKS'),(190,2,'2014-01-30 16:46:46','\0','\0','8998288016627','0000000190',0.00,0,'MY JELLY 70 GR',3000.00,'BKS'),(191,2,'2014-01-30 16:47:28','\0','\0','8991001121615','0000000191',0.00,0,'SILVER QUEEN MILK CHOCOLATE 75 GR',14000.00,'PCS'),(192,2,'2014-01-30 16:50:43','\0','\0','8991001111289','0000000192',0.00,0,'SILVER QUEEN CHASEW 33 GR',7500.00,'PCS'),(193,2,'2014-01-30 16:52:39','\0','\0','8991212467656','0000000193',0.00,0,'KOREK API TOKAI',3000.00,'PCS'),(194,2,'2014-01-30 16:55:30','\0','\0','89917015','0000000194',0.00,0,'VITACIMIN SWEETLET 2@BKS',2000.00,'PCS'),(195,2,'2014-01-30 16:56:36','\0','\0','95502489','0000000195',0.00,0,'NESTLE KITKAT 17 GR',4000.00,'PCS '),(196,2,'2014-01-30 16:57:54','\0','\0','8990800100050','0000000196',0.00,0,'MENTOS RASA BUAH 37 GR',3500.00,'BKS'),(197,2,'2014-01-30 16:58:52','\0','\0','8991001501028','0000000197',0.00,0,'DELFI CHA-CHA PEANUT 80 GR',10000.00,'BKS'),(198,2,'2014-01-30 16:59:57','\0','\0','8999801310239','0000000198',0.00,0,'BATERE ABC KECIL 4@BKS',8000.00,'PCS'),(199,2,'2014-01-30 17:01:47','\0','\0','8887229020017','0000000199',0.00,0,'CHOCOLATE SHORTCAKE BANANA 225 GR',8500.00,'BKS'),(200,2,'2014-01-30 17:03:42','\0','\0','8887229020123','0000000200',0.00,0,'CHOCOLATE SHORTCAKE TIRAMISHU 225 GR',8500.00,'BKS'),(201,2,'2014-01-30 17:04:37','\0','\0','8887229021670','0000000201',0.00,0,'CHOCOLATE SHORTCAKE BLUEBERRY 225 GR',8500.00,'BKS'),(202,2,'2014-01-30 17:05:27','\0','\0','8992758111072','0000000202',0.00,0,'INTERBIS BISKUIT MARIE 180 GR',5500.00,'BKS'),(203,2,'2014-01-30 17:06:31','\0','\0','4711036008200','0000000203',0.00,0,'HATARI SEE HONG PUFF 260 GR',6000.00,'BKS'),(204,2,'2014-01-30 17:07:20','\0','\0','8992726938663','0000000204',0.00,0,'INACO NATA DE COCO 360 GR',6000.00,'BKS'),(205,2,'2014-01-30 17:08:36','\0','\0','8997006331738','0000000205',0.00,0,'HOCK SEN SEE HONG PUFF 210 GR',6500.00,'BKS'),(206,2,'2014-01-30 17:09:24','\0','\0','8992758110983','0000000206',0.00,0,'BISKUIT MARIE INTERBIS 200 GR',5000.00,'BKS '),(207,2,'2014-01-30 17:10:13','\0','\0','8996001301142','0000000207',0.00,0,'ROMA BISKUIT KELAPA 300 GR',8000.00,'BKS'),(208,2,'2014-01-30 17:11:43','\0','\0','8886052828289','0000000208',0.00,0,'DANE\'S MILK MARIE SUSU 200 GR',5500.00,'BKS'),(209,2,'2014-01-30 17:12:58','\0','\0','I8888166606265','0000000209',0.00,0,'KHONG GUAN MALKIST SAYUR 135 GR',6000.00,'BKS'),(210,2,'2014-01-30 17:13:50','\0','\0','8888166607262','0000000210',0.00,0,'KONG GUAN MALKIST ABON 135 GR',6500.00,'BKS'),(211,2,'2014-01-30 17:15:16','\0','\0','8888166989344','0000000211',0.00,0,'KONG GUAN MALKIST CRAKERS 115 GR',5500.00,'BKS'),(212,2,'2014-01-30 17:16:27','\0','\0','089686611649','0000000212',0.00,0,'QTELA SINGKONG BARBEQUE 185 GR',11000.00,'BKS'),(213,2,'2014-01-30 17:17:40','\0','\0','089686598476','0000000213',0.00,0,'CHITATO RS AYAM BUMBU 75 GR',8500.00,'BKS'),(214,2,'2014-01-30 17:18:54','\0','\0','089686598421','0000000214',0.00,0,'CHITATO RS AYAM BUMBU 40 GR',5500.00,'BKS'),(215,2,'2014-01-30 17:19:58','\0','\0','089686596502','0000000215',0.00,0,'LAY\'S RS RUMPUT LAUT 184 GR',18500.00,'BKS'),(216,2,'2014-01-30 17:20:40','\0','\0','089686611731','0000000216',0.00,0,'QTELA SINGKONG RS KEJU PANGGANG 60 GR',4000.00,'BKS'),(217,2,'2014-01-30 17:22:12','\0','\0','089686611519','0000000217',0.00,0,'QTELA SINGKONG RS ORIGINAL 60 GR',5000.00,'BKS'),(218,2,'2014-01-30 17:23:38','\0','\0','089686596465','0000000218',0.00,0,'LAYS RS RUMPUT LAUT 750 GR',9000.00,'BKS'),(219,2,'2014-01-30 17:25:36','\0','\0','089686598025','0000000219',0.00,0,'CHITATO RS SAPI PANGGANG 40 GR',5000.00,'BKS'),(220,2,'2014-01-30 17:28:24','\0','\0','011747233033','0000000220',0.00,0,'DUA KELINCI KACANG GARING 250 GR',14000.00,'BKS'),(221,2,'2014-01-30 17:29:14','\0','\0','8888166989634','0000000221',0.00,0,'MONDE SERENA SNACK 50 GR',4000.00,'BKS'),(222,2,'2014-01-30 17:34:24','\0','\0','3898988601','0000000222',0.00,0,'BINTANG ZERO 330 ML',7000.00,'KALENG'),(223,2,'2014-01-30 17:35:51','\0','\0','8999999100506','0000000223',0.00,0,'BANGO KECAP MANIS 600 ML ',18500.00,'BKS'),(224,2,'2014-01-30 17:37:59','\0','\0','8999999195649','0000000224',0.00,0,'SARI WANGI KOTAK 46,23 MG',5500.00,'KOTAK'),(225,2,'2014-01-30 17:38:50','\0','\0','8999999031602','0000000225',0.00,0,'SARI MURNI 40 GR',5000.00,'KOTAK'),(226,2,'2014-01-30 17:45:00','\0','\0','8992770035110','0000000226',0.00,0,'AJINOMOTO MASAKO AYAM 3@7,5 GR',1500.00,'BKS'),(227,2,'2014-01-30 17:41:19','\0','\0','8999999193522','0000000227',0.00,0,'SARIWANGI TEH ASLI 2@9,25 GR',2500.00,'BKS'),(228,2,'2014-01-30 17:44:04','\0','\0','8992770035127','0000000228',0.00,0,'AJINOMOTO MASAKO SAPI 2@7,5 GR',1500.00,'BKS'),(229,2,'2014-01-30 17:53:39','\0','\0','8999999036041','0000000229',0.00,0,'ROYCO RASA AYAM 3@7 GR',1500.00,'BKS'),(230,4,'2014-01-30 17:58:18','\0','\0','8999999002503','0000000230',0.00,0,'BANGO KECAP MANIS 275 ML',13000.00,'BTL'),(231,4,'2014-01-30 18:01:28','\0','\0','8999999012625','0000000231',0.00,0,'BANGO KECAP MANIS 220 ML ',8000.00,'BKS'),(232,4,'2014-01-30 18:03:53','\0','\0','8994366110010','0000000232',0.00,0,'KERATON SARI JAHE 30 ML',3000.00,'BKS'),(233,4,'2014-01-30 18:11:17','\0','\0','8991002109155','0000000233',0.00,0,'KAPAL API FRESCO 3BKS@30 GR',3500.00,'BKS'),(234,4,'2014-01-30 18:13:36','\0','\0','8991002115149','0000000234',0.00,0,'KAPAL API GRANDE 3@20G',4000.00,'BKS'),(235,4,'2014-01-30 18:17:07','\0','\0','8991001301024','0000000235',0.00,0,'CERES FESTIVE 90 GR',10000.00,'BKS'),(236,4,'2014-01-30 18:19:29','\0','\0','089686381016','0000000236',0.00,0,'INDOFOOD MAGIC LEZAT 50GR',3000.00,'BKS '),(237,4,'2014-01-30 18:22:59','\0','\0','8995952011223','0000000237',0.00,0,'MORIN ORANGE MARMALADE 170 GR',13500.00,'BTL'),(238,4,'2014-01-30 18:25:36','\0','\0','8995952001224','0000000238',0.00,0,'MORIN KAYA SPREAD 170 GR',13500.00,'BTL'),(239,4,'2014-01-30 18:28:18','\0','\0','8992952925925','0000000239',0.00,0,'BELLA COKLAT MEISES HAGELMIXS 90 GR',3500.00,'BKS'),(240,4,'2014-01-30 18:35:07','\0','\0','8999999027032','0000000240',0.00,0,'LIFEBOY STRONG & SHINY 8@ 10 ML',3000.00,'BKS'),(241,4,'2014-01-30 21:41:44','','',NULL,'0000000241',0.00,0,'LIFEBOY SHAMPO STRONG & SHINY 70 ML',7000.00,'BTL'),(242,4,'2014-01-30 21:42:23','','',NULL,'0000000242',0.00,0,'LIFEBOY ANTI DUNDRUFF 70 ML',7000.00,'BTL'),(243,4,'2014-01-30 21:42:36','','',NULL,'0000000243',0.00,0,'LIFEBOY STRONG & SHINY BESAR 170 ML',13500.00,'BTL'),(244,4,'2014-01-30 22:26:10','','',NULL,'0000000244',0.00,0,'LIFEBOY STRONG & SHINY 70 ML',7000.00,'BTL'),(245,4,'2014-01-30 22:26:18','','',NULL,'0000000245',0.00,0,'LIFEBOY ANTI DANDRUFF 70 ML',7000.00,'BTL'),(246,4,'2014-01-30 22:26:29','','',NULL,'0000000246',0.00,0,'LIFEBOY STRONG & SHINY 170 ML',13500.00,'BTL'),(247,4,'2014-01-30 22:26:32','','',NULL,'0000000247',0.00,0,'LIFEBOY HAIR FALL 170 ML',13500.00,'BTL'),(248,4,'2014-01-30 22:26:42','','',NULL,'0000000248',0.00,0,'SUNSLIK BLACK SHINE 80 ML',8500.00,'BTL'),(249,4,'2014-01-30 22:26:47','','',NULL,'0000000249',0.00,0,'CITRA LASTING WHITE 60 ML',6500.00,'BTL'),(250,4,'2014-01-30 22:26:50','','',NULL,'0000000250',0.00,0,'SUNSLIK NURISHING SOFT & SMOOTH 80 ML',8500.00,'BTL'),(251,4,'2014-01-30 22:26:53','','',NULL,'0000000251',0.00,0,'ESKULIN MIST COLOGNE 125 ML',15500.00,'BTL'),(252,4,'2014-01-30 22:26:56','','',NULL,'0000000252',0.00,0,'ESKULIN SPLASH COLGNE 125 ML',14000.00,'BTL'),(253,4,'2014-01-30 22:26:59','','',NULL,'0000000253',0.00,0,'PONDS WHITE BEAUTY 100 GR',20000.00,'BTL'),(254,4,'2014-01-31 07:03:14','\0','\0','8999999003753','0000000254',0.00,0,'CITRA LASTING WHITE UV 250 ML',16500.00,'BTL'),(255,4,'2014-02-01 07:38:09','\0','\0','8999999003760','0000000255',0.00,0,'CITRA PEARLY WHITE UV 250 ML ',18500.00,'BTL'),(256,4,'2014-02-01 07:22:05','\0','\0','8993417402234','0000000256',0.00,0,'ESKULIN MIST 125 ML',15500.00,'BTL'),(257,4,'2014-02-01 08:02:56','\0','\0','8999999710866','0000000257',0.00,0,'PEPSODENT HERBAL JERUK NIPIS 190 GR',12500.00,'PCS'),(258,4,'2014-02-01 08:13:47','\0','\0','8999999710880','0000000258',0.00,0,'PEPSODENT HERBAL JERUK NIPIS 75 GR',5500.00,'PCS'),(259,4,'2014-02-01 08:17:07','\0','\0','8999999706081','0000000259',0.00,0,'PEPSODENT 12 JAM 75 GR',4000.00,'PCS'),(260,4,'2014-02-01 08:29:51','\0','\0','8999999706180','0000000260',0.00,0,'PEPSODENT 12 JAM 190 GR',9000.00,'PCS'),(261,4,'2014-02-01 08:39:01','\0','\0','8999999713201','0000000261',0.00,0,'SKT GIGI PEPSODENT MEDIUM',3500.00,'PCS'),(262,4,'2014-02-01 08:42:10','\0','\0','8999999027780','0000000262',0.00,0,'DOVE HAIR TERAPY 10 ML',2500.00,'BKS'),(263,4,'2014-02-01 08:49:17','\0','\0','8999999027766','0000000263',0.00,0,'DOVE HAIR THERAPY DUNDRUFF CARE 10 ML',2500.00,'BKS'),(264,4,'2014-02-01 08:54:03','\0','\0','8999999027759','0000000264',0.00,0,'DOVE HAIRTHERAPY DAILY SHINE 10 ML',1750.00,'BKS'),(265,4,'2014-02-01 08:58:19','\0','\0','8999999027018','0000000265',0.00,0,'SUNSLIK NOURISHING SOFT & SMOOTH 10 ML',2500.00,'BKS'),(266,4,'2014-02-01 09:01:35','\0','\0','8999999027025','0000000266',0.00,0,'SUNSLIK BLACK SHINE 10 ML',2500.00,'BKS'),(267,4,'2014-02-01 09:07:31','\0','\0','8999999027056','0000000267',0.00,0,'LIFEBOY ANTI DANDRUFF 10 ML ',3000.00,'BKS'),(268,4,'2014-02-01 09:13:50','\0','\0','8999999027049','0000000268',0.00,0,'LIFEBOY ANTI HAIR FALL 10 ML',3000.00,'BKS'),(269,4,'2014-02-01 09:17:51','\0','\0','8999999027582','0000000269',0.00,0,'CLEAR WOMAN 10 ML',2500.00,'BKS'),(270,4,'2014-02-01 09:22:30','\0','\0','8999999027599','0000000270',0.00,0,'CLEAR SHAMPO ANTI KETOMBE 10 ML',2500.00,'BKS'),(271,4,'2014-02-01 09:30:33','\0','\0','8999999027605  ','0000000271',0.00,0,'CLEAR COMPLETE SOFT CARE 10 ML',2500.00,'BKS'),(272,4,'2014-02-01 09:34:26','\0','\0','8934868015024','0000000272',0.00,0,'REXONA WOMEN DEO LOTION 10 GR',3000.00,'BKS'),(273,4,'2014-02-01 09:36:54','\0','\0','8934868015031','0000000273',0.00,0,'REXONA MEN ICE COOL 10 GR',3000.00,'BKS'),(274,4,'2014-02-01 09:41:55','\0','\0','8999999021979','0000000274',0.00,0,'LIFEBOY MILDCARE 80 GR',3000.00,'BKS'),(275,4,'2014-02-01 09:49:31','\0','\0','8999999036676','0000000275',0.00,0,'LUX AQUA SPARKLY 85 GR',3000.00,'BKS'),(276,4,'2014-02-01 09:52:24','\0','\0','8999999002312','0000000276',0.00,0,'CITRA PEARLY WHITE 75 GR',2500.00,'BKS'),(277,4,'2014-02-01 09:55:58','\0','\0','8999999036638','0000000277',0.00,0,'LUX VELVET TOUCH 85 GR',3000.00,'BKS'),(278,4,'2014-02-01 09:58:51','\0','\0','8999999021962','0000000278',0.00,0,'LIFEBOY TOTAL 80 GR',3000.00,'BKS'),(279,4,'2014-02-01 10:01:18','\0','\0','8999999027896','0000000279',0.00,0,'LIFEBOY LEMON FRESH 80 GR',3000.00,'BKS'),(280,4,'2014-02-01 10:04:56','\0','\0','8999999023980','0000000280',0.00,0,'CITRA SPOTLESS WHITE 75 GR',2500.00,'BKS'),(281,4,'2014-02-01 10:10:09','\0','\0','8998103000589','0000000281',0.00,0,'CUSSON BABY SOOFT & SMOOTH 175 GR',9000.00,'BKS'),(282,4,'2014-02-01 10:15:05','\0','\0','8998103000688','0000000282',0.00,0,'CUSSON BABY SOFT & SMOOTH 500 GR',18500.00,'BTL'),(283,4,'2014-02-01 10:18:21','\0','\0','8998103000565','0000000283',0.00,0,'CUSSON BABY SOFT & SMOOTH 88 GR',5000.00,'BTL'),(284,4,'2014-02-01 12:23:49','','',NULL,'0000000284',0.00,0,'CUSSONS BABY MILD GENTLE 200 GR',9000.00,'BTL'),(285,5,'2014-02-01 12:28:10','\0','\0','8888103201218','0000000285',0.00,0,'CUSSONS BABY MILD&GENTLE 200 GR',9000.00,'BTL'),(286,5,'2014-02-01 12:32:24','\0','\0','8888103006844','0000000286',0.00,0,'CUSSONS BABY WIPES MILD & GENTLE 50 SHEETS',15000.00,'BKS'),(287,5,'2014-02-01 12:41:14','\0','\0','8998103100685','0000000287',0.00,0,'CUSSONS BABY WIPES NATURALLY REFRESHING 50 SHEETS',14000.00,'BKS'),(288,5,'2014-02-01 12:46:05','\0','\0','8999999036898','0000000288',0.00,0,'LUX MOISTURIZING BODY WASH 250 ML',10000.00,'BKS'),(289,5,'2014-02-01 12:49:07','\0','\0','8998103100692','0000000289',0.00,0,'CUSSONS BABY WIPES CARES & PROTECTS 50 SHEETS',15000.00,'BKS'),(290,5,'2014-02-01 12:52:20','\0','\0','8888103006882','0000000290',0.00,0,'CUSSONS BABY WIPES SOFT & SMOOTH 50 SHEETS',15000.00,'BKS'),(291,5,'2014-02-01 12:55:19','\0','\0','8999999036690','0000000291',0.00,0,'LUX MAGICAL SPELL 85 G',3000.00,'BKS'),(292,5,'2014-02-01 13:11:12','\0','\0','8998103011806','0000000292',0.00,0,'CUSSONS BABY BLUEBERRY SMOOTHIE 50 G',3500.00,'BTL'),(293,5,'2014-02-01 13:12:53','\0','\0','8998103004488','0000000293',0.00,0,'CUSSONS BABY OLI 50 G',9000.00,'BTL'),(294,5,'2014-02-01 13:15:08','\0','\0','8998103011561','0000000294',0.00,0,'CUSSONS BABY MILK BATH 50 G',6000.00,'BTL'),(295,5,'2014-02-01 13:16:37','\0','\0','8998103008158','0000000295',0.00,0,'CUSSONS BABY HAIR LOTION 50 G',12000.00,'BTL'),(296,5,'2014-02-01 13:19:00','\0','\0','4902430400886','0000000296',0.00,0,'PANTENE SHAMPO HAIR FALL CONTROL 170 ML',18500.00,'BTL'),(297,5,'2014-02-01 13:21:04','\0','\0','4902430400602','0000000297',0.00,0,'PANTENE SHAMPO TOTAL DAMAGE CARE 170 ML',18500.00,'BTL'),(298,5,'2014-02-01 13:22:41','\0','\0','4902430418300','0000000298',0.00,0,'PANTENE SHAMPO LONG BLACK 170 ML',18500.00,'BTL'),(299,5,'2014-02-01 13:24:35','\0','\0','4902430400879','0000000299',0.00,0,'PANTENE SHAMPO SILKY SMOOTH CARE 170 ML',18500.00,'BTL'),(300,5,'2014-02-01 13:26:03','\0','\0','4902430400947','0000000300',0.00,0,'PANTENE SHAMPO ANTI DANDRUFF 170 ML',18500.00,'BTL'),(301,5,'2014-02-01 13:27:48','\0','\0','8888103006820','0000000301',0.00,0,'CUSSONS BABY WIPES MILD & GENTLE 10 SHEETS',5000.00,'BKS'),(302,5,'2014-02-01 13:30:20','\0','\0','8888103006868','0000000302',0.00,0,'CUSSONS BABY WIPES SOFT & SMOOTH 10 SHEETS',5000.00,'BKS'),(303,5,'2014-02-01 13:32:37','\0','\0','8993189270819','0000000303',0.00,0,'MAMY POKO PANTS STANDAR 1PCS',6000.00,'BKS'),(304,5,'2014-02-01 13:35:28','\0','\0','8992727003087','0000000304',0.00,0,'LAURIER RELAX NIGHT 6 PADS',9000.00,'BKS'),(305,5,'2014-02-01 13:37:50','\0','\0','8993189270086','0000000305',0.00,0,'CHARM BODY FIT 8 PADS',6500.00,'BKS'),(306,5,'2014-02-01 13:41:14','\0','\0','8992959508893','0000000306',0.00,0,'SWEETY FIT PANTZ S 4-8 KG',18000.00,'BKS'),(307,5,'2014-02-01 13:42:55','\0','\0','8993189272424','0000000307',0.00,0,'CHARM EXTRA DRY 6 PADS',10000.00,'BKS'),(308,5,'2014-02-01 13:44:28','\0','\0','8850007331353','0000000308',0.00,0,'CAREFREE SUPER DRY LONG',12000.00,'BKS'),(309,5,'2014-02-01 13:47:35','\0','\0','8993189320347','0000000309',0.00,0,'CHARM EXTRA DRY LONG 25 CM 8 PADS',11000.00,'BKS'),(310,5,'2014-02-01 13:49:27','\0','\0','8993189270758','0000000310',0.00,0,'CHARM LONG & WIDE 20 LBR',7500.00,'BKS'),(311,5,'2014-02-01 13:51:18','\0','\0','8992727004053','0000000311',0.00,0,'ACTIVE DAY 8 PADS',4500.00,'BKS'),(312,5,'2014-02-01 13:53:21','\0','\0','8998103204451','0000000312',0.00,0,'CUSSONS BABY HAIR LOTTION 100 ML',17500.00,'BTL'),(313,5,'2014-02-01 14:01:24','\0','\0','8999999033132','0000000313',0.00,0,'LIFEBUOY SHAMPO RAMBUT LEBAT 170 ML',13500.00,'BTL'),(314,5,'2014-02-01 14:03:37','\0','\0','8999999033170','0000000314',0.00,0,'LIFEBUOY STRONG &SHINY 170 ML',13500.00,'BTL'),(315,5,'2014-02-01 14:07:28','\0','\0','8999999033163','0000000315',0.00,0,'LIFEBUOY STRONG & SHINY 70 ML',7000.00,'BTL'),(316,5,'2014-02-01 14:13:17','\0','\0','8999999003722','0000000316',0.00,0,'CITRA PEARLY WHITE UV 120 ML ',11500.00,'BTL'),(317,5,'2014-02-01 14:15:57','\0','\0','8999999003708','0000000317',0.00,0,'CITRA LASTING WHITE UV SEDANG 120 ML',10000.00,'BTL'),(318,5,'2014-02-01 14:19:00','\0','\0','8999999717094','0000000318',0.00,0,'PONDS BEAUTY 100 G',20000.00,'BTL'),(319,5,'2014-02-01 14:21:14','\0','\0','8999999029364','0000000319',0.00,0,'SUNSILK BLACK SHINE 80 ML',8500.00,'BTL'),(320,5,'2014-02-01 14:23:17','\0','\0','8999999033200','0000000320',0.00,0,'LIFEBUOY ANTI DANDRUFF 70 ML',7000.00,'BTL'),(321,5,'2014-02-01 14:26:00','\0','\0','8999999029333','0000000321',0.00,0,'SUNSLIK NOURISHING SOFT &SMOOTH 80 ML',8500.00,'BTL'),(322,5,'2014-02-01 14:44:38','\0','\0','8999999004194','0000000322',0.00,0,'CITRA LASTING WHITE UV 60 ML',6500.00,'BTL'),(323,5,'2014-02-01 14:48:14','\0','\0','8993417412219','0000000323',0.00,0,'ESKULIN SPLASH COLOGNE 125 ML',14000.00,'BTL'),(324,5,'2014-02-01 15:33:37','','',NULL,'0000000324',0.00,0,'GOOD TIME MINI 1 TRIPLE CHOCOCHIPS',4500.00,'BKS'),(325,5,'2014-02-01 15:33:43','','',NULL,'0000000325',0.00,0,'GOOD TIME MINI TRIPLE CHOCOCHIPS',6500.00,'BKS'),(326,5,'2014-02-01 15:37:05','\0','\0','8994755030400','0000000326',0.00,0,'GOOD TIME MINI DOUBLE CHOC CHOCOCHIPS 45 GR',6500.00,'BKS'),(327,5,'2014-02-01 15:40:13','\0','\0','8994755030417','0000000327',0.00,0,'GOOD TIME CLASSIC CHOCOCHIP 45 GR',6500.00,'BKS'),(328,5,'2014-02-01 15:43:22','\0','\0','8994755030424','0000000328',0.00,0,'GOOD TIME TRIPLE CHOCOCHIPS 45 GR',6500.00,'BKS'),(329,5,'2014-02-01 15:47:31','\0','\0','8886015414061','0000000329',0.00,0,'NYAM NYAM BUBLE PUFF CHOCO 18 GR',3500.00,'BKS'),(330,5,'2014-02-01 15:49:29','\0','\0','8994755020241','0000000330',0.00,0,'NYAM NYAM BUBLE PUFF STRAWBERRY 18 GR',3500.00,'BKS'),(331,5,'2014-02-01 15:52:28','\0','\0','8994755020258','0000000331',0.00,0,'NYAM NYAM BUBBLE PUFF BLUEBERRY 18 GR ',3500.00,'BKS'),(332,5,'2014-02-01 16:00:14','\0','\0','8994755020265','0000000332',0.00,0,'NYAM NYAM FANTASY STICK BLUEBERY 25 GR',3500.00,'BKS'),(333,5,'2014-02-01 15:56:30','\0','\0','8886015409289','0000000333',0.00,0,'NYAM NYAM FANTASY STICK CHOCOBERRY 25 GR',3500.00,'BKS'),(334,5,'2014-02-01 16:02:53','\0','\0','8886015401030','0000000334',0.00,0,'NYAM NYAM FANTASY STICK 25 GR',3500.00,'BKS'),(335,5,'2014-02-01 16:04:32','\0','\0','8886015403034','0000000335',0.00,0,'NYAM NYAM FANTASY STICK STRAWBERRY 25 GR',3500.00,'BKS '),(336,5,'2014-02-01 16:06:39','\0','\0','8886015402037','0000000336',0.00,0,'NYAM NYAM FANTASY STICK SPARKLING CHOCO 22,5 GR',3500.00,'BKS'),(337,5,'2014-02-01 16:13:05','\0','\0','8992759114348','0000000337',0.00,0,'NICE FACIAL TISSUE JERUK 200 SHEETS ',9500.00,'BKS'),(338,5,'2014-02-01 16:27:57','\0','\0','8999999390181','0000000338',0.00,0,'SUNLIGHT JERUK NIPIS 400 ML',8000.00,'BKS'),(339,5,'2014-02-01 16:39:26','\0','\0','8999999390198','0000000339',0.00,0,'SUNLIGHT JERUK NIPIS 800 ML',12500.00,'BKS'),(340,5,'2014-02-01 16:41:38','\0','\0','8999999390419','0000000340',0.00,0,'SUNLIGHT JERUK NIPIS 200 ML',4500.00,'BKS'),(341,5,'2014-02-01 16:44:05','\0','\0','8999999037352','0000000341',0.00,0,'SUNLIGHT JERUK NIPIS 85 ML',2500.00,'BKS'),(342,5,'2014-02-01 16:46:21','\0','\0','8999999406936','0000000342',0.00,0,'SUPER PELL JERUK 400 ML',5500.00,'BKS'),(343,5,'2014-02-01 16:49:40','\0','\0','8999999406943','0000000343',0.00,0,'SUPER PELL JERUK 800 ML',10000.00,'BKS'),(344,5,'2014-02-01 16:51:56','\0','\0','8999999406929','0000000344',0.00,0,'SUPER PELL APLE 800 ML',10000.00,'BKS'),(345,5,'2014-02-01 16:58:17','\0','\0','8998009040023','0000000345',0.00,0,'TEH KOTAK MELATI 200 ML',4000.00,'KOTAK'),(346,5,'2014-02-01 17:00:04','\0','\0','8998009020216','0000000346',0.00,0,'BUAVITA LECI 250 ML',5500.00,'KOTAK'),(347,5,'2014-02-01 17:02:02','\0','\0','8998009020209','0000000347',0.00,0,'BUAVITA SIRSAK 250 ML',5500.00,'KOTAK'),(348,5,'2014-02-01 17:03:27','\0','\0','8998009020193','0000000348',0.00,0,'BUAVITA MANGGO 250 ML',5500.00,'KOTAK'),(349,5,'2014-02-01 17:04:45','\0','\0','8998009020223','0000000349',0.00,0,'BUAVITA APPLE 250 ML',5500.00,'KOTAK'),(350,5,'2014-02-01 17:07:39','\0','\0','089686061079','0000000350',0.00,0,'POP MIE SOTO 35 G',3000.00,'BKS'),(351,5,'2014-02-01 17:10:57','\0','\0','089686061024','0000000351',0.00,0,'POP MIE AYAM BAWANG 35 G',3000.00,'BKS'),(352,5,'2014-02-01 17:12:31','\0','\0','8886057883665','0000000352',0.00,0,'KRATINGDAENG 150 ML',5000.00,'BTL'),(353,5,'2014-02-01 17:18:35','\0','\0','8998009010590','0000000353',0.00,0,'ULTRA MILD COKLAT 125 ML',3500.00,'KOTAK'),(354,5,'2014-02-01 17:20:33','\0','\0','8999999406950','0000000354',0.00,0,'SUPER PELL APLE 400 ML',5500.00,'BKS'),(355,5,'2014-02-01 17:22:10','\0','\0','8992388101023','0000000355',0.00,0,'NII GREEN TEA MADU 500 ML',6000.00,'BTL'),(356,5,'2014-02-01 17:24:02','\0','\0','8992752111306','0000000356',0.00,0,'MIZONE COCOPINA 500 ML',6000.00,'BTL'),(357,5,'2014-02-01 17:26:02','\0','\0','8992752119104','0000000357',0.00,0,'MIZONE LYCHEE LEMON 500 ML',6000.00,'BTL'),(358,5,'2014-02-01 17:27:38','\0','\0','8996001524091','0000000358',0.00,0,'SUPER BUBUR AYAM 27 G',2000.00,'BKS'),(359,5,'2014-02-01 17:29:35','\0','\0','089686530209','0000000359',0.00,0,'PROMINA PISANG 20 G',2000.00,'BKS'),(360,5,'2014-02-01 17:31:24','\0','\0','08968653010','0000000360',0.00,0,'PROMINA KACANG HJAU 20 G',2000.00,'BKS'),(361,5,'2014-02-01 17:32:43','\0','\0','089686530001','0000000361',0.00,0,'PROMINA BERAS MERAH 20 G',2000.00,'BKS'),(362,5,'2014-02-01 17:34:18','\0','\0','8999999400903','0000000362',0.00,0,'MOLTO PEWANGI FLORAL BLISS 450 ML',6500.00,'BKS'),(363,5,'2014-02-01 17:36:36','\0','\0','8999999400934','0000000363',0.00,0,'MOLTO PEWNANGI FLOWER SHOWER 450 ML ',6500.00,'BKS'),(364,5,'2014-02-01 17:38:11','\0','\0','8999999001117','0000000364',0.00,0,'LIFEBUOY TOTAL 250 ML',5500.00,'BKS'),(365,5,'2014-02-01 17:40:02','\0','\0','8999999027278','0000000365',0.00,0,'LIFEBUOY LEMONFRESH 250 ML',5500.00,'BKS'),(366,5,'2014-02-01 17:41:19','\0','\0','8999999407872','0000000366',0.00,0,'WIPOL 450 ML',7500.00,'BKS'),(367,5,'2014-02-01 17:42:54','\0','\0','8999999001124','0000000367',0.00,0,'LIFEBUOY MILDCARE 250 ML',5500.00,'BKS'),(368,5,'2014-02-01 18:02:14','','',NULL,'0000000368',0.00,0,'WIPOL BOTOL 450 ML',11000.00,'BTL'),(369,5,'2014-02-01 18:02:24','','',NULL,'0000000369',0.00,0,'PASEO ELEGANT 200 SHEETS',13500.00,'KOTAK'),(370,5,'2014-02-01 18:03:56','\0','\0','8999999407896','0000000370',0.00,0,'WIPOL BOTOL 450ML',11000.00,'BTL'),(371,5,'2014-02-01 19:48:10','','',NULL,'0000000371',0.00,0,'KERIPIK PANGSIT 200 GR',12000.00,'BKS');
/*!40000 ALTER TABLE `items` ENABLE KEYS */;
UNLOCK TABLES;

--
-- Table structure for table `payable_summaries`
--

DROP TABLE IF EXISTS `payable_summaries`;
/*!40101 SET @saved_cs_client     = @@character_set_client */;
/*!40101 SET character_set_client = utf8 */;
CREATE TABLE `payable_summaries` (
  `ID` int(11) NOT NULL AUTO_INCREMENT,
  `LAST_UPDATED_BY` int(11) NOT NULL,
  `LAST_UPDATED_TIMESTAMP` datetime NOT NULL,
  `CLIENT_ID` int(11) NOT NULL,
  `LAST_PAYABLE_TRANSACTION_ID` int(11) NOT NULL,
  `REMAINING_AMOUNT` decimal(19,2) NOT NULL,
  PRIMARY KEY (`ID`),
  UNIQUE KEY `CLIENT_ID` (`CLIENT_ID`)
) ENGINE=InnoDB DEFAULT CHARSET=utf8;
/*!40101 SET character_set_client = @saved_cs_client */;

--
-- Dumping data for table `payable_summaries`
--

LOCK TABLES `payable_summaries` WRITE;
/*!40000 ALTER TABLE `payable_summaries` DISABLE KEYS */;
/*!40000 ALTER TABLE `payable_summaries` ENABLE KEYS */;
UNLOCK TABLES;

--
-- Table structure for table `payable_transactions`
--

DROP TABLE IF EXISTS `payable_transactions`;
/*!40101 SET @saved_cs_client     = @@character_set_client */;
/*!40101 SET character_set_client = utf8 */;
CREATE TABLE `payable_transactions` (
  `ID` int(11) NOT NULL AUTO_INCREMENT,
  `LAST_UPDATED_BY` int(11) NOT NULL,
  `LAST_UPDATED_TIMESTAMP` datetime NOT NULL,
  `ACCOUNT_ACTION` varchar(255) NOT NULL,
  `ACTION_TIMESTAMP` datetime NOT NULL,
  `AMOUNT` decimal(19,2) NOT NULL,
  `DESCRIPTION` varchar(255) NOT NULL,
  `MATURITY_DATE` datetime NOT NULL,
  `REFF_NUMBER` varchar(255) NOT NULL,
  `PAYABLE_SUMMARY_ID` int(11) NOT NULL,
  PRIMARY KEY (`ID`),
  UNIQUE KEY `REFF_NUMBER` (`REFF_NUMBER`),
  KEY `FKA36CBC92651BD8D5` (`PAYABLE_SUMMARY_ID`),
  CONSTRAINT `FKA36CBC92651BD8D5` FOREIGN KEY (`PAYABLE_SUMMARY_ID`) REFERENCES `payable_summaries` (`ID`)
) ENGINE=InnoDB DEFAULT CHARSET=utf8;
/*!40101 SET character_set_client = @saved_cs_client */;

--
-- Dumping data for table `payable_transactions`
--

LOCK TABLES `payable_transactions` WRITE;
/*!40000 ALTER TABLE `payable_transactions` DISABLE KEYS */;
/*!40000 ALTER TABLE `payable_transactions` ENABLE KEYS */;
UNLOCK TABLES;

--
-- Table structure for table `permissions`
--

DROP TABLE IF EXISTS `permissions`;
/*!40101 SET @saved_cs_client     = @@character_set_client */;
/*!40101 SET character_set_client = utf8 */;
CREATE TABLE `permissions` (
  `CODE` varchar(255) NOT NULL,
  `DESCRIPTION` varchar(255) DEFAULT NULL,
  `NAME` varchar(255) NOT NULL,
  `ORDER_NUM` int(11) NOT NULL,
  PRIMARY KEY (`CODE`),
  UNIQUE KEY `CODE` (`CODE`),
  UNIQUE KEY `NAME` (`NAME`),
  UNIQUE KEY `ORDER_NUM` (`ORDER_NUM`)
) ENGINE=InnoDB DEFAULT CHARSET=utf8;
/*!40101 SET character_set_client = @saved_cs_client */;

--
-- Dumping data for table `permissions`
--

LOCK TABLES `permissions` WRITE;
/*!40000 ALTER TABLE `permissions` DISABLE KEYS */;
INSERT INTO `permissions` VALUES ('/administrasi/changepassword',NULL,'/Administrasi/Ganti Password',230),('/administrasi/role',NULL,'/Administrasi/Role',210),('/administrasi/user',NULL,'/Administrasi/User',220),('/backoffice/report/stock',NULL,'/Back Office/Laporan/Laporan Stok Barang',520),('/backoffice/report/stockopname',NULL,'/Back Office/Laporan/Laporan Stok Opname',530),('/backoffice/report/transaction',NULL,'/Back Office/Laporan/Laporan Transaksi',510),('/backoffice/stockopname',NULL,'/Back Office/Stock Opname',540),('/master/customer',NULL,'/Master Data/Customer',330),('/master/discount',NULL,'/Master Data/Discount',340),('/master/stock',NULL,'/Master Data/Persediaan Barang',310),('/master/supplier',NULL,'/Master Data/Supplier',320),('/setting/database',NULL,'/Setting/Database',610),('/setting/dbconsistency',NULL,'/Setting/Database Consistency',640),('/setting/printer',NULL,'/Setting/Printer',620),('/setting/problemreport',NULL,'/Setting/Problem Report',630),('/transaction/payable',NULL,'/Transaksi/Hutang',450),('/transaction/purchase',NULL,'/Transaksi/Pembelian',410),('/transaction/purchasereturn',NULL,'/Transaksi/Retur Pembelian',420),('/transaction/receivable',NULL,'/Transaksi/Piutang',460),('/transaction/sale',NULL,'/Transaksi/Penjualan',430),('/transaction/salereturn',NULL,'/Transaksi/Retur Penjualan',440),('ChangePasswordForm',NULL,'Change Password Form',231),('CustomerForm',NULL,'Customer Form',332),('CustomerList',NULL,'Customer List',331),('DbConsistencyChecker',NULL,'Database Consistency Checker',641),('DbSettingForm',NULL,'Setting Database Form',611),('DiscountForm',NULL,'Discount Form',342),('DiscountList',NULL,'Discount List',341),('ItemStockReportList',NULL,'Item Stock Report List',521),('PayableForm',NULL,'Payable Form',452),('PayableList',NULL,'Payable List',451),('PembelianForm',NULL,'Pembelian Form',411),('PenjualanForm',NULL,'Penjualan Form',431),('PrinterSettingForm',NULL,'Setting Printer Form',621),('ProblemReportSettingForm',NULL,'Setting Problem Report Form',631),('ReceivableForm',NULL,'Receivable Form',462),('ReceivableList',NULL,'Receivable List',461),('ReportViewer',NULL,'Report Viewer',539),('ReturPembelianForm',NULL,'Retur Pembelian Form',421),('ReturPenjualanForm',NULL,'Retur Penjualan Form',441),('RoleForm',NULL,'Role Form',212),('RoleList',NULL,'Role List',211),('StockForm',NULL,'Stock Form',312),('StockList',NULL,'Stock List',311),('StockOpnameConfirmation',NULL,'Stock Opname Confirmation',542),('StockOpnameList',NULL,'Stock Opname List',541),('StockOpnameReportList',NULL,'Stock Opname Report List',531),('SupplierForm',NULL,'Supplier Form',322),('SupplierList',NULL,'Supplier List',321),('TransactionReportList',NULL,'Transaction Report List',511),('UserForm',NULL,'User Form',222),('UserList',NULL,'User List',221);
/*!40000 ALTER TABLE `permissions` ENABLE KEYS */;
UNLOCK TABLES;

--
-- Table structure for table `purchase_details`
--

DROP TABLE IF EXISTS `purchase_details`;
/*!40101 SET @saved_cs_client     = @@character_set_client */;
/*!40101 SET character_set_client = utf8 */;
CREATE TABLE `purchase_details` (
  `ID` int(11) NOT NULL AUTO_INCREMENT,
  `ITEM_CODE` varchar(255) NOT NULL,
  `ITEM_ID` int(11) NOT NULL,
  `ITEM_NAME` varchar(255) NOT NULL,
  `ORDER_NUM` int(11) NOT NULL,
  `PRICE_PER_UNIT` decimal(19,2) NOT NULL,
  `QUANTITY` int(11) NOT NULL,
  `TOTAL_AMOUNT` decimal(19,2) NOT NULL,
  `UNIT` varchar(255) NOT NULL,
  `PURCHASE_HEADER_ID` int(11) NOT NULL,
  PRIMARY KEY (`ID`),
  KEY `FK4F4288E4E74BCC1D` (`PURCHASE_HEADER_ID`),
  CONSTRAINT `FK4F4288E4E74BCC1D` FOREIGN KEY (`PURCHASE_HEADER_ID`) REFERENCES `purchase_headers` (`ID`)
) ENGINE=InnoDB AUTO_INCREMENT=358 DEFAULT CHARSET=utf8;
/*!40101 SET character_set_client = @saved_cs_client */;

--
-- Dumping data for table `purchase_details`
--

LOCK TABLES `purchase_details` WRITE;
/*!40000 ALTER TABLE `purchase_details` DISABLE KEYS */;
INSERT INTO `purchase_details` VALUES (1,'ITEM-0001',1,'FROZZ TROPICAL MANGO 15 GR',1,4212.00,6,25272.00,'PCS',1),(2,'ITEM-0002',2,'FROZZ LIME 15 GR',2,4212.00,6,25272.00,'PCS',1),(3,'ITEM-0003',3,'FROZZ BARLEY MINT 15 GR',3,4212.00,9,37908.00,'PCS',1),(4,'ITEM-0004',4,'FROZZ ORANGE MINT 15 GR',4,4212.00,6,25272.00,'PCS',1),(5,'ITEM-0005',5,'PARFUM DOVE',5,4000.00,61,244000.00,'BOTOL',1),(6,'ITEM-0006',6,'NANO NANO KULIT JERUK',6,891.00,40,35640.00,'BKS',1),(7,'ITEM-0007',7,'LOTTE FUSEN NO MI STRAW 15 GR',1,3545.00,5,17725.00,'PCS',2),(8,'ITEM-0008',8,'LOTTE FUSEN NO MI BLUBER 15 GR',2,327310.00,5,1636550.00,'pcs',2),(9,'ITEM-0009',9,'HEXOX MINT 12,5 GR',3,636.00,10,6360.00,'PCS',2),(10,'ITEM-00010',10,'HEXOX BARLEY MINT 12,5 GR',4,418.00,10,4180.00,'PCS',2),(11,'ITEM-00011',11,'STREPSIL O\'COOL 15,6 GR',5,5600.00,1,5600.00,'BKS',2),(12,'ITEM-0012',12,'STREPSIL SUGAR FREE',6,7900.00,3,23700.00,'BKS',2),(13,'ITEM-0013',13,'STREPSIL ORIGINAL',7,0.00,3,0.00,'BKS',2),(14,'ITEM-0014',14,'FISHERMAN\'S FRIEND 25 GR',1,10454.00,6,62724.00,'BKS',3),(15,'ITEM-0015',15,'FOX\'S BERRIES 38 GR',2,2045.00,12,24540.00,'PCS',3),(16,'ITEM-0016',16,'TANGO WAFER STRAWBERY 19 GR ',3,2000.00,6,12000.00,'BKS',3),(17,'ITEM-0017',17,'TANGO WAFER VANILA 19 GR',4,2000.00,6,12000.00,'BKS',3),(18,'ITEM-0018',18,'TANGO WAFER COKLAT 19 GR',5,0.00,12,0.00,'BKS',3),(19,'ITEM-0019',19,'POLO PEPPERMINT 24 GR ',1,818.00,12,9816.00,'BKS',4),(20,'ITEM-OO20',20,'TANGGO WAFFLE CRUNCHOX 70GR',2,3500.00,20,70000.00,'PCS',4),(21,'ITEM-0021',21,'TANGO WAFFLE CRUNCHMILK 70 GR ',3,0.00,0,0.00,'BKS',4),(22,'ITEM-0018',18,'TANGO WAFER COKLAT 19 GR',1,0.00,-12,0.00,'BKS',5),(23,'ITEM-0018',18,'TANGO WAFER COKLAT 19 GR',1,2000.00,12,24000.00,'BKS',6),(24,'ITEM-OO22',22,'TANGO WAFER CHOCOLATE 114 GR',1,4800.00,11,52800.00,'BKS',7),(25,'ITEM-0023',23,'OREO KRIM VANILA 29,4 GR',2,1375.00,36,49500.00,'BKS',7),(26,'ITEM-OO24',24,'OREO ICE CREAM 29,4 GR',3,1375.00,36,49500.00,'BKS',7),(27,'ITEM-OO25',25,'OREO ICE CREAM 137 GR',4,5000.00,2,10000.00,'BKS',7),(28,'ITEM-0026',26,'OREO STRAWBERRY CREME 137 GR',5,5000.00,2,10000.00,'BKS',7),(29,'ITEM-OO27',27,'OREO GOLDEN 137 GR',6,5000.00,2,10000.00,'BKS',7),(30,'ITEM-0028',28,'BISKUIT KELAPA IJO 220 G',7,4500.00,14,63000.00,'BKS',7),(31,'ITEM-OO29',29,'CRISPY CRACKERS 225 GR',8,6000.00,30,180000.00,'BKS',7),(32,'ITEM-OO30',30,'BIG ROYAL STRAWBERRY 200 GR',9,6500.00,10,65000.00,'BKS',7),(33,'ITEM-0031',31,'BIG ROYAL COCONUT 200 GR',10,6500.00,10,65000.00,'BKS',7),(34,'ITEM-OO32',32,'BIG ROYAL CHOCOLATE 200 GR',11,0.00,10,0.00,'BKS',7),(35,'ITEM-0033',33,'SPRITE 1,5 L',1,9900.00,12,118800.00,'BTL',8),(36,'ITEM-0034',34,'FANTA STROBERI 1,5 L',2,9900.00,6,59400.00,'BTL',8),(37,'ITEM-0035',35,'PULPY ORANGE 350 ML',3,4500.00,65,292500.00,'BTL',8),(38,'ITEM-0036',36,'COCA COLA 1,5 L',4,9900.00,6,59400.00,'BTL',8),(39,'ITEM-0037',37,'FANTA STROBERI 250 ML',5,3371.00,33,111243.00,'KALENG',8),(40,'ITEM-0038',38,'SPRITE 250 ML',6,3534.00,8,28272.00,'KALENG',8),(41,'ITEM-0039',39,'NESTLE BEAR BRAND 185 ML',7,6324.00,21,132804.00,'KALENG',8),(42,'ITEM-0040',40,'DAY DAY SARANG WALET 320 ML',8,3125.00,48,150000.00,'KALENG',8),(43,'ITEM-0041',41,'BIR BINTANG ZERO 330 ML',9,5000.00,24,120000.00,'KALENG',8),(44,'ITEM-0042',42,'LARUTAN PENYEGAR STROBERI 320 ML',10,5000.00,5,25000.00,'KALENG',8),(45,'ITEM-0043',43,'LARUTAN CAP KAKI TIGA 200 ML',11,2500.00,24,60000.00,'BTL',8),(46,'ITEM-0044',44,'YOU C1000 APPLE 140 ML',12,4379.00,6,26274.00,'BTL',8),(47,'ITEM-0045',45,'YOU C1000 LEMON 140 ML',13,4242.00,12,50904.00,'BTL',8),(48,'ITEM-0046',46,'YOU C1000 ORANGE 140 ML',14,4379.00,6,26274.00,'BTL',8),(49,'ITEM-0047',47,'HYDRO COCO ORIGINAL 250 ML',15,0.00,7,0.00,'BTL',8),(50,'ITEM-0048',48,'KHONG GUAN CREAM CRACKERS 275 GR',1,7362.00,12,88344.00,'BKS',9),(51,'ITEM-0049',49,'KHONG GUAN SUGAR PUFF 275 GR',2,7262.00,12,87144.00,'BKS',9),(52,'ITEM 0050',50,'KHONG GUAN SALTCHEESE COMBERRY 190 GR',3,7225.00,10,72250.00,'BKS',9),(53,'ITEM-0051',51,'KHONG GUAN SALTCHEESE COMBOCIZ 190 GR',4,7225.00,9,65025.00,'BKS',9),(54,'ITEM-0052',52,'OT OOPS HOTSA 100 GR',5,4500.00,12,54000.00,'PCS',9),(55,'ITEM-0053',53,'OT TANGO SUSU VANILLA 171 GR',6,8000.00,12,96000.00,'KOTAK',9),(56,'ITEM-0054',54,'OT TANGO COCOPANDAN 171 GR',7,8000.00,12,96000.00,'BKS',9),(57,'ITEM-0055',55,'OT TANGO STRAWBERRY 171 GR',8,8000.00,12,96000.00,'BKS',9),(58,'ITEM-0056',56,'OT TANGO VANILLA BLACK',9,8000.00,12,96000.00,'BKS',9),(59,'ITEM-0057',57,'OT TANGO CAPPUCCINO 171 gr',10,8000.00,12,96000.00,'BKS',9),(60,'ITEM-0058',58,'OT TANGO CHOCOLATE 171 GR',11,8000.00,11,88000.00,'BKS',9),(61,'ITEM-0059',59,'OT TANGO CRUNCH CAKE 80 GR',12,4500.00,18,81000.00,'KOTAK',9),(62,'ITEM-0060',60,'KHONG GUAN SALTCHEESE COMBO 190 GR',13,7225.00,10,72250.00,'BKS',9),(63,'ITEM-0061',61,'KHONG GUAN MARIE SUSU 160 GR',1,5925.00,10,59250.00,'BKS',10),(64,'ITEM-0062',62,'KHONG GUAN SUPERCO SARIKAYA 138 GR',2,4850.00,15,72750.00,'BKS',10),(65,'ITEM-0063',63,'KHONG GUAN SUPERCO KRIM COKLAT 138 GR',3,4850.00,15,72750.00,'bks',10),(66,'ITEM-0064',64,'NISSIN LEMONIA 130 GR',4,4617.00,18,83106.00,'BKS',10),(67,'ITEM-0065',65,'KHONG GUAN MILK SHORT CAKE 225 GR',5,6350.00,15,95250.00,'BKS',10),(68,'ITEM-0066',66,'KHONG GUAN CREAM WAFERS 240 GR',6,9362.00,12,112344.00,'BKS',10),(69,'ITEM-0067',67,'NISSIN BISKUIT KELAPA 300 GR',7,8000.00,10,80000.00,'BKS',10),(70,'ITEM-0068',68,'KHONG GUAN ASSORTED BISCUITS 300 GR',8,10875.00,9,97875.00,'BKS',10),(71,'ITEM-0069',69,'KHONG GUAN ASSORTED BISCUITS green 300 GR',9,0.00,0,0.00,'BKS',10),(72,'ITEM-0070',70,'MONDE GENJI SOFT PIE STROBERI 105 GR',1,5938.00,11,65318.00,'BKS',11),(73,'ITEM-0071',71,'MONDE GENJI ORIGINAL 70 GR',1,5512.00,12,66144.00,'BKS',12),(74,'ITEM-0072',72,'MONDE GENJI LEMON PIE 85 GR',2,5812.00,12,69744.00,'BKS',12),(75,'ITEM-0073',73,'MONDE GENJI STRAWBERRY PIE 85 GR',3,5812.00,12,69744.00,'BKS',12),(76,'ITEM-0074',74,'KHONG GUAN CLASSIC CHOCOLATE 350 GR',4,13225.00,12,158700.00,'BKS',12),(77,'ITEM-0075',75,'NISSIN KELAPA IJO 280 GR',5,6249.00,15,93735.00,'BKS',12),(78,'ITEM-0076',76,'NISSIN WAFERS MILK 120 GR',6,5150.00,15,77250.00,'BKS',12),(79,'ITEM-0077',77,'INTERBIS ROSE CHOCOLATE 240 GR',7,4800.00,7,33600.00,'bks',12),(80,'ITEM-0078',78,'INTERBIS BON-BON CHOCOLATE CREAM 240 GR',8,4800.00,7,33600.00,'BKS',12),(81,'ITEM-0079',79,'INTERBIS ROSE CREAM 240 GR',9,0.00,7,0.00,'BKS',12),(82,'ITEM-0080',80,'ALFA ONE 600 ML',1,1500.00,42,63000.00,'BOTOL',13),(83,'ITEM-0081',81,'AQUA 600 ML',2,2000.00,24,48000.00,'BOTOL',13),(84,'ITEM-0082',82,'COCA COLA 250 ML',3,4000.00,25,100000.00,'BTL',13),(85,'ITEM-0083',83,'ALFA ONE 1500 ML',4,2500.00,12,30000.00,'BTL',13),(86,'ITEM-0084',84,'AQUA 1500 ML ',5,4500.00,12,54000.00,'BTL',13),(87,'ITEM-0085',85,'FRISIAN FLAG COOL-BERRY 115 ML',6,2200.00,25,55000.00,'KOTAK',13),(88,'ITEM-0086',86,'ULTRA MILK STROBERI 125 ML',7,2150.00,40,86000.00,'KOTAK',13),(89,'ITEM-0074',74,'KHONG GUAN CLASSIC CHOCOLATE 350 GR',1,14000.00,7,98000.00,'BKS',14),(90,'ITEM-0087',87,'FRISIAN FLAG COKELAT 190 ML',2,3000.00,24,72000.00,'BTL',14),(91,'ITEM-0088',88,'FRISIAN FLAG STROBERI 190 ML',3,3000.00,24,72000.00,'BTL',14),(92,'ITEM-0089',89,'KHONG GUAN CREAM WAFERS CHOCOLATE 240 GR',1,9362.00,12,112344.00,'BKS',15),(93,'ITEM-0090',90,'KHONG GUAN CREAM WAFERS COCONUT',2,9362.00,12,112344.00,'BKS',15),(94,'ITEM-0091',91,'OT MINTZ DOUBLEMINT 125 GR',3,4000.00,6,24000.00,'BKS',15),(95,'ITEM-0092',92,'OT MINTZ PEPPERMINT 25 GR',4,4000.00,3,12000.00,'BKS',15),(96,'ITEM-0093',93,'NISSIN WAFERS CHOCOLATE 135 GR',5,5000.00,15,75000.00,'BKS',15),(97,'ITEM-0094',94,'NISSIN WAFERS STRAWBERRY 120 GR',6,4900.00,15,73500.00,'BKS',15),(98,'ITEM-0095',95,'GERRY SALUT CHOCOLATE 24 PCS',7,8500.00,3,25500.00,'KOTAK',15),(99,'ITEM-0096',96,'OT OOPS WAFER KEJU 24 GR',8,850.00,18,15300.00,'PCS',15),(100,'ITEM-0097',97,'FOX\'S FRUITS 90 GR',9,4500.00,3,13500.00,'BKS',15),(101,'ITEM-0098',98,'DELFI FUNTIME STRAWBERRY 26 GR',10,1500.00,18,27000.00,'PCS',15),(102,'ITEM-0099',99,'GERY WAFER 20 PCS',11,8500.00,0,0.00,'KOTAK',15),(103,'ITEM-0099',99,'GERY WAFER stroberi 20 PCS',1,8500.00,3,25500.00,'KOTAK',16),(104,'ITEM-0100',100,'GERY DONUTS CHOCOMILK',2,0.00,3,0.00,'KOTAK',16),(105,'ITEM-0101',101,'BINTANG TOEDJOE (OBT SKT KPL) 3@BKS',1,2500.00,4,10000.00,'BKS',17),(106,'ITEM-0102',102,'PARAMEX (OBT SKT KPL) 4TABLET',2,2000.00,6,12000.00,'BKS',17),(107,'ITEM-0103',103,'BODREX MIGRA 4 TABLET',3,2500.00,3,7500.00,'BKS',17),(108,'ITEM-0104',104,'BODREX EKSTRA 4 TABLET',4,2500.00,3,7500.00,'BKS',17),(109,'ITEM-0105',105,'BODREX PE 4 TABLET',5,2000.00,3,6000.00,'BKS',17),(110,'ITEM-0106',106,'BODREX BULET 4 TABLET',6,2000.00,5,10000.00,'BKS',17),(111,'ITEM-0107',107,'OSKADON (OBT SKT KPL) 4 TABLET',7,2000.00,3,6000.00,'BKS',17),(112,'ITEM-0108',108,'SARIDON (OBT SKT KEPALA) 4 TABLET',8,3800.00,3,11400.00,'BKS',17),(113,'ITEM-0109',109,'PILKITA (OBT KUAT) 2 TABLET@ 700ML',9,1800.00,10,18000.00,'BKS',17),(114,'ITEM-0110',110,'DECOLGEN 4 TABLET',10,2000.00,3,6000.00,'BKS',17),(115,'ITEM-0111',111,'PROCOLD 6 TABLET',11,4000.00,3,12000.00,'BKS',17),(116,'ITEM-0112',112,'STOP COLD 4 TABLET',12,3500.00,0,0.00,'BKS',17),(117,'ITEM-0113',113,'ROMA SLAI O\'LAI 128 GR',1,3700.00,5,18500.00,'BKS',18),(118,'ITEM-0114',114,'PROMAG BULAT 4 TABLET',2,2000.00,9,18000.00,'BKS',18),(119,'ITEM-O115',115,'NEO NAPACIN',3,2000.00,6,12000.00,'BKS',18),(120,'ITEM-0116',116,'VICKS FORMULA 44 DT 2@6.7 ML',4,2000.00,7,14000.00,'BKS',18),(121,'ITEM-0117',117,'BODREXIN BULAT GOLD 4 TABLET',5,1500.00,5,7500.00,'BKS',18),(122,'ITEM-0118',118,'COMBANTRIN PIRANTEL PAMOAT  2 TABLET',6,13000.00,1,13000.00,'BKS',18),(123,'ITEM-0119',119,'RHEUMACYL 4 TABLET',1,3000.00,5,15000.00,'BKS',19),(124,'ITEM-0120',120,'ADEM SARI 2@ 7 GR',2,2500.00,12,30000.00,'BKS',19),(125,'ITEM-0121',121,'HANSAPLAST KECIL ISI 4',3,1400.00,12,16800.00,'BKS',19),(126,'ITEM-0122',122,'HANSAPLAST BESAR ISI 3',4,2000.00,7,14000.00,'BKS',19),(127,'ITEM-0123',123,'VEGETA 2@ 6,3 GR',5,3500.00,6,21000.00,'BKS',19),(128,'ITEM-0124',124,'LASEGAR JERUK 2@7 GR',6,3000.00,4,12000.00,'BKS',19),(129,'ITEM-0125',125,'LASEGAR ANGGUR 2@7 GR',7,3000.00,4,12000.00,'BKS',19),(130,'ITEM-0126',126,'LASEGAR JERUK NIPIS 2@7 GR',8,3000.00,4,12000.00,'BKS',19),(131,'ITEM-0127',127,'STAPLER JOYKO ',9,7000.00,6,42000.00,'PCS',19),(132,'ITEM-0128',128,'SIDOMUNCUL',10,2000.00,10,20000.00,'BKS',19),(133,'ITEM-0129',129,'ANTIMO DIMENHYDRINATE 1 STRIP@10TABLET',11,4500.00,6,27000.00,'BKS',19),(134,'ITEM-0130',130,'FATIGON 4 TABLET ',12,4000.00,6,24000.00,'BKS',19),(135,'ITEM-0131',131,'KOYO CABE',13,8000.00,1,8000.00,'BKS',19),(136,'ITEM-0132',132,'SALONPAS',14,7800.00,1,7800.00,'BKS',19),(137,'ITEM-0133',133,'CAP KAPAK MINYAK ANGIN 10 ML',15,12800.00,6,76800.00,'PCS',19),(138,'ITEM-0134',134,'MY BABY MINYAK TELON 600 ML',16,15000.00,3,45000.00,'PCS',19),(139,'ITEM-0135',135,'MINYAK ANGIN LANG 3 ML',17,5500.00,6,33000.00,'PCS',19),(140,'ITEM-0136',136,'TELON LANG CAP LANG 60 ML',18,0.00,3,0.00,'BTL',19),(141,'ITEM-0137',137,'PEYEK IKAN TERI ',1,11000.00,31,341000.00,'BKS',20),(142,'ITEM-0138',138,'SALE PISANG ORIGINAL',2,7000.00,50,350000.00,'BKS',20),(143,'ITEM-0139',139,'KERIPIK SINGKONG BALADO BULAT ',3,6000.00,30,180000.00,'BKS',20),(144,'ITEM-0140',140,'KERIPIK TEMPE 200 GR',4,7000.00,30,210000.00,'BKS',20),(145,'ITEM-0141',141,'AKAR KELAPA',5,7500.00,40,300000.00,'BKS',20),(146,'ITEM-0142',142,'KERIPIK SINGKONG PEDAS',6,6000.00,20,120000.00,'BKS',20),(147,'ITEM-0143',143,'KERIPIK SANJAI PADANG PJ.BESAR',7,9000.00,20,180000.00,'BKS',20),(148,'ITEM-0144',144,'KERIPIK PISANG ',8,7500.00,20,150000.00,'BKS',20),(149,'ITEM-0145',145,'KERIPIK SUKUN GURIH',9,7500.00,40,300000.00,'BKS',20),(150,'ITEM-0146',146,'KERUPUK SELANG',1,6000.00,25,150000.00,'BKS',21),(151,'ITEM-0147',147,'KERUPUK MAWAR',2,8000.00,24,192000.00,'BKS',21),(152,'ITEM-0148',148,'VISION NOTA KONTAN 25 LEMBAR',1,2000.00,10,20000.00,'PCS',22),(153,'ITEM-0149',149,'CAP LANG MINYAK KAYU PUTIH 60 ML',2,14000.00,6,84000.00,'BTL',22),(154,'ITEM-0150',150,'CAP LANG MINYAK KAYU PUTIH 30 ML',3,7700.00,6,46200.00,'BTL',22),(155,'ITEM-0151',151,'CAP LANG MINYAK KAYU PUTIH 15 ML',4,4700.00,6,28200.00,'BTL',22),(156,'ITEM-0152',152,'MINYAK ANGIN CAP KAPAK 3 ML',5,4500.00,6,27000.00,'BTL',22),(157,'ITEM-0153',153,'BODREXIN BATUK&PILEK',6,7800.00,3,23400.00,'BTL',22),(158,'ITEM-0154',154,'KOMIX PEPPERMINT 2@7ML',7,1500.00,5,7500.00,'BKS',22),(159,'ITEM-0155',155,'KOMIX OBH NATURAL 2@7ML',8,1500.00,5,7500.00,'BKS',22),(160,'ITEM-0156',156,'KOMIX RASA JAHE 2@7ML',9,1500.00,2,3000.00,'BKS',22),(161,'ITEM-0157',157,'KOMIX RASA JERUK NIPIS 2@7ML',10,1500.00,3,4500.00,'BKS',22),(162,'ITEM-0158',158,'UNI BABY\'S COUDH SYRUP 60 ML',11,4500.00,3,13500.00,'BTL',22),(163,'ITEM-0159',159,'ANTANGIN SIRUP HERBAL 2@15ML',12,4000.00,6,24000.00,'BKS',22),(164,'ITEM-0160',160,'LASERIN 30 ML',13,4800.00,4,19200.00,'BTL',22),(165,'ITEM-0161',161,'EXTRAJOSS KOTAK',14,6000.00,5,30000.00,'KOTAK',22),(166,'ITEM-0162',162,'KUKU BIMA ENER-G RS ANGGUR KOTAK',15,4800.00,5,24000.00,'BOX',22),(167,'ITEM-0163',163,'SIDOLA MINYAK KAYU PUTIH 15 ML',16,6500.00,3,19500.00,'BTL',22),(168,'ITEM-0164',164,'MADURASA RS JERUK 2@20 ML',17,2000.00,6,12000.00,'PCS',22),(169,'ITEM-0165',165,'OT KIRANTI ORIGINAL 150 ML',18,4300.00,6,25800.00,'BTL',22),(170,'ITEM-0166',166,'INSTO REGULER 75 ML ',19,10000.00,3,30000.00,'BTL',22),(171,'ITEM-0167',167,'COMBANTRIN PIRANTEL PAMOAT RS JERUK 10 ML',20,16000.00,1,16000.00,'PCS',22),(172,'ITEM-0168',168,'HEROCYN 75 GR ',21,7500.00,3,22500.00,'PCS',22),(173,'ITEM-0169',169,'BETADINE POVIDONE IODINE 5 ML',22,3500.00,6,21000.00,'BTL',22),(174,'ITEM-0170',170,'KALPANAX CAIR 10 ML',23,4000.00,3,12000.00,'BTL',22),(175,'ITEM-0171',171,'SALEB 88 6 GR',24,6500.00,3,19500.00,'PCS',22),(176,'ITEM-0172',172,'DIE DA YAO JING 30 CC',25,16500.00,3,49500.00,'PCS',22),(177,'ITEM-0173',173,'RIVANOL MOLEX 100 ML',26,3500.00,3,10500.00,'BT',22),(178,'ITEM-0174',174,'INHALER LANG CAP LANG',27,6000.00,3,18000.00,'PCS',22),(179,'ITEM-0175',175,'MOLEX ALKOHOL 100 ML',28,5000.00,3,15000.00,'BTL',22),(180,'ITEM-0176',176,'OBHCITO SIRUP 100 ML',1,3000.00,3,9000.00,'BTL',23),(181,'ITEM-0177',177,'BALSEM LANG CAP LANG 20 GR',2,7500.00,3,22500.00,'PCS',23),(182,'ITEM-0178',178,'BALSEM LANG CAP LANG 10 GR',3,4500.00,3,13500.00,'PCS',23),(183,'ITEM-0179',179,'NOSIB CAP BISON 14 GR',4,5500.00,3,16500.00,'PCS',23),(184,'ITEM-0180',180,'GELIGA BALSEM OTOT 20 GR',5,7000.00,3,21000.00,'PCS',23),(185,'ITEM-0181',181,'GELIGA BALSEM OTOT 10 GR',6,4000.00,3,12000.00,'PCS',23),(186,'ITEM-0182',182,'BALPIRIK EKSTRA KUAT ',7,5000.00,3,15000.00,'PCS',23),(187,'ITEM-0183',183,'SOFFEL RS JERUK 3@ 13 LT',8,1500.00,4,6000.00,'BKS',23),(188,'ITEM-0184',184,'SOFFEL RS BUNGA GERANIUM 3@ 13 LT',9,1500.00,4,6000.00,'BKS',23),(189,'ITEM-0185',185,'NACHITAPE BESAR',10,6000.00,5,30000.00,'ROLL',23),(190,'ITEM-0186',186,'NACHITAPE KECIL',11,4000.00,11,44000.00,'ROLL',23),(191,'ITEM-0187',187,'NACHITAPE SEDANG ',12,4500.00,10,45000.00,'ROLL',23),(192,'ITEM-0188',188,'SAGON KELAPA',13,7500.00,80,600000.00,'BKS',23),(193,'ITEM-0189',189,'DELFI CHIC CHOC 65 GR',14,3000.00,30,90000.00,'BKS',23),(194,'ITEM-0190',190,'MY JELLY 70 GR',15,2000.00,40,80000.00,'BKS',23),(195,'ITEM-0191',191,'SILVER QUEEN MILK CHOCOLATE 75 GR',16,10500.00,10,105000.00,'PCS',23),(196,'ITEM-0192',192,'SILVER QUEEN CHASEW 33 GR',17,6000.00,15,90000.00,'PCS',23),(197,'ITEM-0193',193,'KOREK API TOKAI',18,1500.00,50,75000.00,'PCS',23),(198,'ITEM-0194',194,'VITACIMIN SWEETLET 2@BKS',19,1200.00,48,57600.00,'PCS',23),(199,'ITEM-0195',195,'NESTLE KITKAT 17 GR',20,3000.00,48,144000.00,'PCS ',23),(200,'ITEM-0196',196,'MENTOS RASA BUAH 37 GR',21,2600.00,24,62400.00,'BKS',23),(201,'ITEM-0197',197,'DELFI CHA-CHA PEANUT 80 GR',22,7000.00,15,105000.00,'BKS',23),(202,'ITEM-0198',198,'BATERE ABC KECIL 4@BKS',23,5500.00,6,33000.00,'PCS',23),(203,'ITEM-0199',199,'CHOCOLATE SHORTCAKE BANANA 225 GR',24,5500.00,6,33000.00,'BKS',23),(204,'ITEM-0200',200,'CHOCOLATE SHORTCAKE TIRAMISHU 225 GR',25,5500.00,2,11000.00,'BKS',23),(205,'ITEM-0201',201,'CHOCOLATE SHORTCAKE BLUEBERRY 225 GR',26,5500.00,4,22000.00,'BKS',23),(206,'ITEM-0202',202,'INTERBIS BISKUIT MARIE 180 GR',27,3800.00,12,45600.00,'BKS',23),(207,'ITEM-0203',203,'HATARI SEE HONG PUFF 260 GR',28,4000.00,6,24000.00,'BKS',23),(208,'ITEM-0204',204,'INACO NATA DE COCO 360 GR',29,4500.00,12,54000.00,'BKS',23),(209,'ITEM-0205',205,'HOCK SEN SEE HONG PUFF 210 GR',30,4500.00,12,54000.00,'BKS',23),(210,'ITEM-0206',206,'BISKUIT MARIE INTERBIS 200 GR',31,3500.00,12,42000.00,'BKS ',23),(211,'ITEM-0207',207,'ROMA BISKUIT KELAPA 300 GR',32,5500.00,6,33000.00,'BKS',23),(212,'ITEM-0209',208,'DANE\'S MILK MARIE SUSU 200 GR',33,3500.00,20,70000.00,'BKS',23),(213,'ITEM-0210',209,'KHONG GUAN MALKIST SAYUR 135 GR',34,4000.00,10,40000.00,'BKS',23),(214,'ITEM-02',210,'KONG GUAN MALKIST ABON 135 GR',35,4500.00,10,45000.00,'BKS',23),(215,'ITEM-02011',211,'KONG GUAN MALKIST CRAKERS 115 GR',36,4500.00,10,45000.00,'BKS',23),(216,'ITEM-0211',212,'QTELA SINGKONG BARBEQUE 185 GR',37,8000.00,6,48000.00,'BKS',23),(217,'ITEM-0212',213,'CHITATO RS AYAM BUMBU 75 GR',38,7000.00,19,133000.00,'BKS',23),(218,'ITEM-0213',214,'CHITATO RS AYAM BUMBU 40 GR',39,4200.00,20,84000.00,'BKS',23),(219,'ITEM-0214',215,'LAY\'S RS RUMPUT LAUT 184 GR',40,15000.00,6,90000.00,'BKS',23),(220,'ITEM-0215',216,'QTELA SINGKONG RS KEJU PANGGANG 60 GR',41,3000.00,20,60000.00,'BKS',23),(221,'ITEM-0216',217,'QTELA SINGKONG RS ORIGINAL 60 GR',42,3500.00,20,70000.00,'BKS',23),(222,'ITEM-0217',218,'LAYS RS RUMPUT LAUT 750 GR',43,7000.00,50,350000.00,'BKS',23),(223,'ITEM-0218',219,'CHITATO RS SAPI PANGGANG 40 GR',44,3600.00,20,72000.00,'BKS',23),(224,'ITEM-0219',220,'DUA KELINCI KACANG GARING 250 GR',45,11000.00,6,66000.00,'BKS',23),(225,'ITEM-0220',221,'MONDE SERENA SNACK 50 GR',46,2650.00,30,79500.00,'BKS',23),(226,'ITEM-0221',222,'BINTANG ZERO 330 ML',1,4850.00,24,116400.00,'KALENG',24),(227,'ITEM-0222',223,'BANGO KECAP MANIS 600 ML ',2,15500.00,6,93000.00,'BKS',24),(228,'ITEM-0223',224,'SARI WANGI KOTAK 46,23 MG',3,4000.00,6,24000.00,'KOTAK',24),(229,'ITEM-0224',225,'SARI MURNI 40 GR',4,3500.00,6,21000.00,'KOTAK',24),(230,'ITEM-0225',226,'AJINOMOTO MASAKO RS SAPI 3@7,5 GR',5,900.00,12,10800.00,'BKS',24),(231,'ITEM-0226',227,'SARIWANGI TEH ASLI 2@9,25 GR',6,1500.00,12,18000.00,'BKS',24),(232,'ITEM-0227',228,'AJINOMOTO MASAKO SAPI 2@7,5 GR',7,0.00,12,0.00,'BKS',24),(233,'ITEM-0228',229,'ROYCO RASA AYAM 3@7 GR',1,900.00,16,14400.00,'BKS',25),(234,'ITEM-0229',230,'BANGO KECAP MANIS 275 ML',1,10500.00,6,63000.00,'BTL',26),(235,'ITEM-0230',231,'BANGO KECAP MANIS 220 ML ',2,5600.00,6,33600.00,'BKS',26),(236,'ITEM-0231',232,'KERATON SARI JAHE 30 ML',3,2100.00,12,25200.00,'BKS',26),(237,'ITEM-0232',233,'KAPAL API FRESCO 30',4,2450.00,10,24500.00,'BKS',26),(238,'ITEM-0233',234,'KAPAL API GRANDE 3@20G',1,2800.00,30,84000.00,'BKS',27),(239,'ITEM-0234',235,'CERES FESTIVE 90 GR',2,7000.00,4,28000.00,'BKS',27),(240,'ITEM-0235',236,'INDOFOOD MAGIC LEZAT 50GR',3,2100.00,4,8400.00,'BKS ',27),(241,'ITEM-0236',237,'MORIN ORANGE MARMALADE 170 GR',4,9450.00,2,18900.00,'BTL',27),(242,'ITEM-0237',238,'MORIN KAYA SPREAD 170 GR',5,9450.00,2,18900.00,'BTL',27),(243,'ITEM-0238',239,'BELLA COKLAT MEISES HAGELMIXS 90 GR',6,2450.00,8,19600.00,'BKS',27),(244,'ITEM-0239',240,'LIFEBOYSTRONG & SHINY',7,2100.00,6,12600.00,'BKS',27),(245,'ITEM-0253',254,'CITRA LASTING WHITE UV 250 ML',1,11550.00,3,34650.00,'BTL',28),(246,'ITEM-0254',255,'CITRA PEARLY WHITE UV 250 ML ',1,0.00,3,0.00,'BTL',29),(247,'ITEM-0255',256,'ESKULIN MIST 125 ML',1,10850.00,2,21700.00,'BTL',30),(248,'ITEM-0256',257,'PEPSODENT HERBAL JERUK NIPIS 190 GR',1,8750.00,6,52500.00,'PCS',31),(249,'ITEM-0257',258,'PEPSODENT HERBAL JERUK NIPIS 75 GR',1,3850.00,12,46200.00,'PCS',32),(250,'ITEM-0258',259,'PEPSODENT 12 JAM 75 GR',2,2800.00,11,30800.00,'PCS',32),(251,'ITEM-0259',260,'PEPSODENT 12 JAM 190 GR',1,6300.00,6,37800.00,'PCS',33),(252,'ITEM-0260',261,'SKT GIGI PEPSODENT MEDIUM',2,2450.00,12,29400.00,'PCS',33),(253,'ITEM-0261',262,'DOVE HAIR TERAPY 10 ML',3,1750.00,12,21000.00,'BKS',33),(254,'ITEM-026',263,'DOVE HAIR THERAPY DUNDRUFF CARE 10 ML',4,1750.00,12,21000.00,'BKS',33),(255,'ITEM- 0261',264,'DOVE HAIRTHERAPY DAILY SHINE 10 ML',5,1750.00,11,19250.00,'BKS',33),(256,'ITEM-0262',265,'SUNSLIK NOURISHING SOFT & SMOOTH 10 ML',6,1750.00,11,19250.00,'BKS',33),(257,'ITEM-0263',266,'SUNSLIK BLACK SHINE 10 ML',7,1750.00,17,29750.00,'BKS',33),(258,'ITEM-0264',267,'LIFEBOY ANTI DANDRUFF 10 ML ',8,2100.00,5,10500.00,'BKS',33),(259,'ITEM-0265',268,'LIFEBOY ANTI HAIR FALL 10 ML',9,2100.00,6,12600.00,'BKS',33),(260,'ITEM-0266',269,'CLEAR WOMAN 10 ML',10,2100.00,12,25200.00,'BKS',33),(261,'ITEM-0267',270,'CLEAR SHAMPO ANTI KETOMBE 10 ML',11,1750.00,12,21000.00,'BKS',33),(262,'ITEM-0268',271,'CLEAR COMPLETE SOFT CARE 10 ML',12,1750.00,12,21000.00,'BKS',33),(263,'ITEM-0269',272,'REXONA WOMEN DEO LOTION 10 GR',13,2100.00,12,25200.00,'BKS',33),(264,'ITEM-0270',273,'REXONA MEN ICE COOL 10 GR',14,2100.00,10,21000.00,'BKS',33),(265,'ITEM-0271',274,'LIFEBOY MILDCARE 80 GR',15,2100.00,24,50400.00,'BKS',33),(266,'ITEM-0272',275,'LUX AQUA SPARKLY 85 GR',16,2100.00,6,12600.00,'BKS',33),(267,'ITEM-0273',276,'CITRA PEARLY WHITE 75 GR',17,1750.00,18,31500.00,'BKS',33),(268,'ITEM-0274',277,'LUX VELVET TOUCH 85 GR',18,2100.00,12,25200.00,'BKS',33),(269,'ITEM-0275',278,'LIFEBOY TOTAL 80 GR',19,2100.00,24,50400.00,'BKS',33),(270,'ITEM-0276',279,'LIFEBOY LEMON FRESH 80 GR',20,2100.00,24,50400.00,'BKS',33),(271,'ITEM-0277',280,'CITRA SPOTLESS WHITE 75 GR',21,1750.00,18,31500.00,'BKS',33),(272,'ITEM-0278',281,'CUSSON BABY SOOFT & SMOOTH 175 GR',22,6300.00,2,12600.00,'BKS',33),(273,'ITEM-0279',282,'CUSSON BABY SOFT & SMOOTH 500 GR',23,12950.00,1,12950.00,'BTL',33),(274,'ITEM-0280',283,'CUSSON BABY SOFT & SMOOTH 88 GR',24,3500.00,2,7000.00,'BTL',33),(275,'ITEM-0282',285,'CUSSONS BABY MILD&GENTLE 200 GR',1,6300.00,4,25200.00,'BTL',34),(276,'ITEM-0283',286,'CUSSONS BABY WIPES MILD & GENTLE 50 SHEETS',2,10500.00,2,21000.00,'BKS',34),(277,'ITEM-0284',287,'CUSSONS BABY WIPES NATURALLY REFRESHING 50 SHEETS',1,9800.00,2,19600.00,'BKS',35),(278,'ITEM-0285',288,'LUX MOISTURIZING BODY WASH 250 ML',2,7000.00,5,35000.00,'BKS',35),(279,'ITEM-0286',289,'CUSSONS BABY WIPES CARES & PROTECTS 50 SHEETS',3,10500.00,1,10500.00,'BKS',35),(280,'ITEM- 0287',290,'CUSSONS BABY WIPES SOFT & SMOOTH 50 SHEETS',4,10500.00,2,21000.00,'BKS',35),(281,'ITEM-0288',291,'LUX MAGICAL SPELL 85 G',5,4200.00,6,25200.00,'BKS',35),(282,'ITEM- 0289',292,'CUSSONS BABY BLUEBERRY SMOOTHIE 50 G',1,2450.00,3,7350.00,'BTL',36),(283,'ITEM- 02890',293,'CUSSONS BABY OLI 50 G',2,6300.00,2,12600.00,'BTL',36),(284,'ITEM-02891',294,'CUSSONS BABY MILK BATH 50 G',3,4200.00,3,12600.00,'BTL',36),(285,'ITEM-02892',295,'CUSSONS BABY HAIR LOTION 50 G',4,8400.00,2,16800.00,'BTL',36),(286,'ITEM-02893',296,'PANTENE SHAMPO HAIR FALL CONTROL 170 ML',5,12950.00,3,38850.00,'BTL',36),(287,'ITEM-02894',297,'PANTENE SHAMPO TOTAL DAMAGE CARE 170 ML',6,12950.00,3,38850.00,'BTL',36),(288,'ITEM-02895',298,'PANTENE SHAMPO LONG BLACK 170 ML',7,12950.00,3,38850.00,'BTL',36),(289,'ITEM-02896',299,'PANTENE SHAMPO SILKY SMOOTH CARE 170 ML',8,12950.00,3,38850.00,'BTL',36),(290,'ITEM-02897',300,'PANTENE SHAMPO ANTI DANDRUFF 170 ML',9,12950.00,3,38850.00,'BTL',36),(291,'ITEM-02898',301,'CUSSONS BABY WIPES MILD & GENTLE 10 SHEETS',10,3500.00,2,7000.00,'BKS',36),(292,'ITEM-02899',302,'CUSSONS BABY WIPES SOFT & SMOOTH 10 SHEETS',11,3500.00,4,14000.00,'BKS',36),(293,'ITEM-028100',303,'MAMY POKO PANTS STANDAR 1PCS',12,4200.00,24,100800.00,'BKS',36),(294,'ITEM-028101',304,'LAURIER RELAX NIGHT 6 PADS',13,6300.00,3,18900.00,'BKS',36),(295,'ITEM-028102',305,'CHARM BODY FIT 8 PADS',14,4550.00,6,27300.00,'BKS',36),(296,'ITEM-028103',306,'SWEETY FIT PANTZ S 4-8 KG',15,12600.00,2,25200.00,'BKS',36),(297,'ITEM-028104',307,'CHARM EXTRA DRY 6 PADS',16,7000.00,2,14000.00,'BKS',36),(298,'ITEM-028105',308,'CAREFREE SUPER DRY LONG',17,8400.00,2,16800.00,'BKS',36),(299,'ITEM-028106',309,'CHARM EXTRA DRY LONG 25 CM 8 PADS',18,7700.00,2,15400.00,'BKS',36),(300,'ITEM-028107',310,'CHARM LONG & WIDE 20 LBR',19,5250.00,3,15750.00,'BKS',36),(301,'ITEM- 028108',311,'ACTIVE DAY 8 PADS',20,3150.00,3,9450.00,'BKS',36),(302,'ITEM- 028109',312,'CUSSONS BABY HAIR LOTTION 100 ML',21,12250.00,2,24500.00,'BTL',36),(303,'ITEM-028110',313,'LIFEBUOY SHAMPO RAMBUT LEBAT 170 ML',1,9450.00,3,28350.00,'BTL',37),(304,'ITEM-028111',314,'LIFEBUOY STRONG &SHINY 170 ML',2,9450.00,3,28350.00,'BTL',37),(305,'ITEM-028112',315,'LIFEBUOY STRONG & SHINY 70 ML',1,4900.00,6,29400.00,'BTL',38),(306,'ITEM-028113',316,'CITRA PEARLY WHITE UV 120 ML ',1,8050.00,3,24150.00,'BTL',39),(307,'ITEM-028114',317,'CITRA LASTING WHITE UV SEDANG 120 ML',2,7000.00,3,21000.00,'BTL',39),(308,'ITEM-028115',318,'PONDS BEAUTY 100 G',3,14000.00,6,84000.00,'BTL',39),(309,'ITEM-028116',319,'SUNSILK BLACK SHINE 80 ML',4,5950.00,3,17850.00,'BTL',39),(310,'ITEM-028117',320,'LIFEBUOY ANTI DANDRUFF 70 ML',5,4900.00,6,29400.00,'BTL',39),(311,'ITEM-028118',321,'SUNSLIK NOURISHING SOFT &SMOOTH 80 ML',6,4900.00,3,14700.00,'BTL',39),(312,'ITEM-028119',322,'CITRA LASTING WHITE UV 60 ML',1,4200.00,6,25200.00,'BTL',40),(313,'ITEM-028120',323,'ESKULIN SPLASH COLOGNE 125 ML',2,9800.00,2,19600.00,'BTL',40),(314,'ITEM-028123',326,'GOOD TIME MINI DOUBLE CHOC CHOCOCHIPS 45 GR',1,4550.00,10,45500.00,'BKS',41),(315,'ITEM-028124',327,'GOOD TIME CLASSIC CHOCOCHIP 45 GR',2,4550.00,14,63700.00,'BKS',41),(316,'ITEM-028125',328,'GOOD TIME TRIPLE CHOCOCHIPS 45 GR',3,4550.00,22,100100.00,'BKS',41),(317,'ITEM-028126',329,'NYAM NYAM BUBLE PUFF CHOCO 18 GR',4,2450.00,8,19600.00,'BKS',41),(318,'ITEM-028127',330,'NYAM NYAM BUBLE PUFF STRAWBERRY 18 GR',5,2450.00,6,14700.00,'BKS',41),(319,'ITEM- 028128',331,'NYAM NYAM BUBBLE PUFF BLUEBERRY 18 GR ',6,2450.00,1,2450.00,'BKS',41),(320,'ITEM-028129',332,'NYAM NYAM FANTASY STICK BLUEBERY 18 GR',7,2450.00,4,9800.00,'BKS',41),(321,'ITEM-028130',333,'NYAM NYAM FANTASY STICK CHOCOBERRY 25 GR',8,2540.00,11,27940.00,'BKS',41),(322,'ITEM-028131',334,'NYAM NYAM FANTASY STICK 25 GR',1,2450.00,6,14700.00,'BKS',42),(323,'ITEM-028132',335,'NYAM NYAM FANTASY STICK STRAWBERRY 25 GR',2,2450.00,3,7350.00,'BKS ',42),(324,'ITEM-028133',336,'NYAM NYAM FANTASY STICK SPARKLING CHOCO 22,5 GR',3,2540.00,1,2540.00,'BKS',42),(325,'ITEM-028134',337,'NICE FACIAL TISSUE JERUK 200 SHEETS ',1,6650.00,3,19950.00,'BKS',43),(326,'ITEM-028135',338,'SUNLIGHT JERUK NIPIS 400 ML',1,5600.00,6,33600.00,'BKS',44),(327,'ITEM-028136',339,'SUNLIGHT JERUK NIPIS 800 ML',1,8750.00,5,43750.00,'BKS',45),(328,'ITEM-028137',340,'SUNLIGHT JERUK NIPIS 200 ML',2,3150.00,12,37800.00,'BKS',45),(329,'ITEM-028138',341,'SUNLIGHT JERUK NIPIS 85 ML',3,1750.00,11,19250.00,'BKS',45),(330,'ITEM-028139',342,'SUPER PELL JERUK 400 ML',4,3850.00,9,34650.00,'BKS',45),(331,'ITEM-028140',343,'SUPER PELL JERUK 800 ML',5,7000.00,6,42000.00,'BKS',45),(332,'ITEM-028141',344,'SUPER PELL APLE 800 ML',6,7000.00,6,42000.00,'BKS',45),(333,'ITEM-028142',345,'TEH KOTAK MELATI 200 ML',1,2800.00,12,33600.00,'KOTAK',46),(334,'ITEM- 028143',346,'BUAVITA LECI 250 ML',2,3850.00,3,11550.00,'KOTAK',46),(335,'ITEM-028144',347,'BUAVITA SIRSAK 250 ML',3,3850.00,3,11550.00,'KOTAK',46),(336,'ITEM- 028145',348,'BUAVITA MANGGO 250 ML',4,3850.00,3,11550.00,'KOTAK',46),(337,'ITEM-028146',349,'BUAVITA APPLE 250 ML',5,3850.00,3,11550.00,'KOTAK',46),(338,'ITEM-028147',350,'POP MIE SOTO 35 G',6,2100.00,20,42000.00,'BKS',46),(339,'ITEM-028148',351,'POP MIE AYAM BAWANG 35 G',7,2100.00,20,42000.00,'BKS',46),(340,'ITEM- 028149',352,'KRATINGDAENG 150 ML',8,3500.00,24,84000.00,'BTL',46),(341,'ITEM-028150',353,'ULTRA MILD COKLAT 125 ML',1,2450.00,12,29400.00,'KOTAK',47),(342,'ITEM-028151',354,'SUPER PELL APLE 400 ML',2,3850.00,3,11550.00,'BKS',47),(343,'ITEM- 028152',355,'NII GREEN TEA MADU 500 ML',3,4200.00,12,50400.00,'BTL',47),(344,'ITEM-028153',356,'MIZONE COCOPINA 500 ML',4,4200.00,6,25200.00,'BTL',47),(345,'ITEM- 028154',357,'MIZONE LYCHEE LEMON 500 ML',5,4200.00,6,25200.00,'BTL',47),(346,'ITEM-028155',358,'SUPER BUBUR AYAM 27 G',6,1400.00,10,14000.00,'BKS',47),(347,'ITEM- 028156',359,'PROMINA PISANG 20 G',7,1400.00,8,11200.00,'BKS',47),(348,'ITEM-028157',360,'PROMINA KACANG HJAU 20 G',8,1400.00,8,11200.00,'BKS',47),(349,'ITEM-028158',361,'PROMINA BERAS MERAH 20 G',9,1400.00,24,33600.00,'BKS',47),(350,'ITEM-028159',362,'MOLTO PEWANGI FLORAL BLISS 450 ML',10,4550.00,6,27300.00,'BKS',47),(351,'ITEM-028160',363,'MOLTO PEWNANGI FLOWER SHOWER 450 ML ',11,4550.00,6,27300.00,'BKS',47),(352,'ITEM-028161',364,'LIFEBUOY TOTAL 250 ML',12,3850.00,3,11550.00,'BKS',47),(353,'ITEM-028162',365,'LIFEBUOY LEMONFRESH 250 ML',13,3850.00,2,7700.00,'BKS',47),(354,'ITEM-028163',366,'WIPOL 450 ML',14,5250.00,6,31500.00,'BKS',47),(355,'ITEM-028164',367,'LIFEBUOY MILDCARE 250 ML',15,3850.00,1,3850.00,'BKS',47),(356,'ITEM-028167',370,'WIPOL BOTOL 450ML',1,7700.00,3,23100.00,'BTL',48),(357,'ITEM-0086',86,'ULTRA MILK STROBERI 125 ML',1,2450.00,6,14700.00,'KOTAK',49);
/*!40000 ALTER TABLE `purchase_details` ENABLE KEYS */;
UNLOCK TABLES;

--
-- Table structure for table `purchase_headers`
--

DROP TABLE IF EXISTS `purchase_headers`;
/*!40101 SET @saved_cs_client     = @@character_set_client */;
/*!40101 SET character_set_client = utf8 */;
CREATE TABLE `purchase_headers` (
  `ID` int(11) NOT NULL AUTO_INCREMENT,
  `LAST_UPDATED_BY` int(11) NOT NULL,
  `LAST_UPDATED_TIMESTAMP` datetime NOT NULL,
  `ADVANCE_PAYMENT` decimal(19,2) NOT NULL,
  `DISCOUNT` decimal(19,2) NOT NULL,
  `EXPENSES` decimal(19,2) NOT NULL,
  `PAID_IN_FULL_FLAG` bit(1) NOT NULL,
  `REMAINING_PAYMENT` decimal(19,2) NOT NULL,
  `SUB_TOTAL_AMOUNT` decimal(19,2) NOT NULL,
  `TOTAL_AMOUNT` decimal(19,2) NOT NULL,
  `TRANSACTION_NUMBER` varchar(255) NOT NULL,
  `TRANSACTION_TIMESTAMP` datetime NOT NULL,
  `SUPPLIER_ID` int(11) NOT NULL,
  PRIMARY KEY (`ID`),
  UNIQUE KEY `TRANSACTION_NUMBER` (`TRANSACTION_NUMBER`),
  KEY `FK21D106282FFD91A` (`SUPPLIER_ID`),
  CONSTRAINT `FK21D106282FFD91A` FOREIGN KEY (`SUPPLIER_ID`) REFERENCES `suppliers` (`ID`)
) ENGINE=InnoDB AUTO_INCREMENT=50 DEFAULT CHARSET=utf8;
/*!40101 SET character_set_client = @saved_cs_client */;

--
-- Dumping data for table `purchase_headers`
--

LOCK TABLES `purchase_headers` WRITE;
/*!40000 ALTER TABLE `purchase_headers` DISABLE KEYS */;
INSERT INTO `purchase_headers` VALUES (1,2,'2014-01-27 16:05:18',393364.00,0.00,0.00,'',0.00,393364.00,393364.00,'PUR20140127153956','2014-01-27 15:39:56',1),(2,2,'2014-01-27 16:25:06',1694115.00,0.00,0.00,'',0.00,1694115.00,1694115.00,'PUR20140127160557','2014-01-27 16:05:57',1),(3,2,'2014-01-27 16:44:46',111264.00,0.00,0.00,'',0.00,111264.00,111264.00,'PUR20140127162547','2014-01-27 16:25:47',1),(4,2,'2014-01-27 17:00:22',79816.00,0.00,0.00,'',0.00,79816.00,79816.00,'PUR20140127164512','2014-01-27 16:45:12',1),(5,2,'2014-01-27 17:10:35',0.00,0.00,0.00,'',0.00,0.00,0.00,'PUR20140127170832','2014-01-27 17:08:32',1),(6,2,'2014-01-27 17:13:57',24000.00,0.00,0.00,'',0.00,24000.00,24000.00,'PUR20140127171042','2014-01-27 17:10:42',1),(7,2,'2014-01-27 18:07:17',554800.00,0.00,0.00,'',0.00,554800.00,554800.00,'PUR20140127173343','2014-01-27 17:33:44',1),(8,2,'2014-01-27 18:44:06',1260871.00,0.00,0.00,'',0.00,1260871.00,1260871.00,'PUR20140127180740','2014-01-27 18:07:40',1),(9,2,'2014-01-28 14:12:27',1088013.00,0.00,0.00,'',0.00,1088013.00,1088013.00,'PUR20140128134057','2014-01-28 13:40:57',1),(10,2,'2014-01-28 14:29:39',673325.00,0.00,0.00,'',0.00,673325.00,673325.00,'PUR20140128141341','2014-01-28 14:13:41',1),(11,2,'2014-01-28 14:33:10',65318.00,0.00,0.00,'',0.00,65318.00,65318.00,'PUR20140128143028','2014-01-28 14:30:28',1),(12,2,'2014-01-28 14:48:30',602517.00,0.00,0.00,'',0.00,602517.00,602517.00,'PUR20140128143513','2014-01-28 14:35:13',1),(13,2,'2014-01-28 15:03:25',436000.00,0.00,0.00,'',0.00,436000.00,436000.00,'PUR20140128145124','2014-01-28 14:51:24',1),(14,2,'2014-01-28 15:12:22',242000.00,0.00,0.00,'',0.00,242000.00,242000.00,'PUR20140128150806','2014-01-28 15:08:06',1),(15,2,'2014-01-28 15:40:30',490488.00,0.00,0.00,'',0.00,490488.00,490488.00,'PUR20140128151248','2014-01-28 15:12:48',1),(16,2,'2014-01-28 15:43:35',25500.00,0.00,0.00,'',0.00,25500.00,25500.00,'PUR20140128154141','2014-01-28 15:41:41',1),(17,4,'2014-01-30 12:36:17',106400.00,0.00,0.00,'',0.00,106400.00,106400.00,'PUR20140130121736','2014-01-30 12:17:36',1),(18,4,'2014-01-30 12:57:33',83000.00,0.00,0.00,'',0.00,83000.00,83000.00,'PUR20140130124323','2014-01-30 12:43:23',1),(19,4,'2014-01-30 13:21:52',416400.00,0.00,0.00,'',0.00,416400.00,416400.00,'PUR20140130125814','2014-01-30 12:58:14',1),(20,1,'2014-01-30 15:15:29',2131000.00,0.00,0.00,'',0.00,2131000.00,2131000.00,'PUR20140130150051','2014-01-30 15:00:51',1),(21,1,'2014-01-30 15:18:22',342000.00,0.00,0.00,'',0.00,342000.00,342000.00,'PUR20140130151544','2014-01-30 15:15:44',1),(22,2,'2014-01-30 16:26:53',633300.00,0.00,0.00,'',0.00,633300.00,633300.00,'PUR20140130154634','2014-01-30 15:46:34',1),(23,2,'2014-01-30 17:31:19',3253600.00,0.00,0.00,'',0.00,3253600.00,3253600.00,'PUR20140130162725','2014-01-30 16:27:25',1),(24,2,'2014-01-30 17:44:34',283200.00,0.00,0.00,'',0.00,283200.00,283200.00,'PUR20140130173313','2014-01-30 17:33:13',1),(25,2,'2014-01-30 17:54:09',14400.00,0.00,0.00,'',0.00,14400.00,14400.00,'PUR20140130175203','2014-01-30 17:52:03',1),(26,4,'2014-01-30 18:09:46',146300.00,0.00,0.00,'',0.00,146300.00,146300.00,'PUR20140130175625','2014-01-30 17:56:25',1),(27,4,'2014-01-30 18:33:00',190400.00,0.00,0.00,'',0.00,190400.00,190400.00,'PUR20140130181128','2014-01-30 18:11:28',1),(28,4,'2014-01-31 07:06:48',34650.00,0.00,0.00,'',0.00,34650.00,34650.00,'PUR20140131070104','2014-01-31 07:01:04',1),(29,4,'2014-01-31 07:11:59',0.00,0.00,0.00,'',0.00,0.00,0.00,'PUR20140131070903','2014-01-31 07:09:03',1),(30,4,'2014-02-01 07:24:07',21700.00,0.00,0.00,'',0.00,21700.00,21700.00,'PUR20140201071901','2014-02-01 07:19:01',1),(31,4,'2014-02-01 08:05:41',52500.00,0.00,0.00,'',0.00,52500.00,52500.00,'PUR20140201075923','2014-02-01 07:59:23',1),(32,4,'2014-02-01 08:21:31',77000.00,0.00,0.00,'',0.00,77000.00,77000.00,'PUR20140201081146','2014-02-01 08:11:46',1),(33,4,'2014-02-01 10:46:53',598500.00,0.00,0.00,'',0.00,598500.00,598500.00,'PUR20140201082644','2014-02-01 08:26:44',1),(34,5,'2014-02-01 12:35:04',46200.00,0.00,0.00,'',0.00,46200.00,46200.00,'PUR20140201122608','2014-02-01 12:26:08',1),(35,5,'2014-02-01 12:58:58',111300.00,0.00,0.00,'',0.00,111300.00,111300.00,'PUR20140201123854','2014-02-01 12:38:54',1),(36,5,'2014-02-01 13:54:16',532700.00,0.00,0.00,'',0.00,532700.00,532700.00,'PUR20140201130307','2014-02-01 13:03:07',1),(37,5,'2014-02-01 14:04:48',56700.00,0.00,0.00,'',0.00,56700.00,56700.00,'PUR20140201135859','2014-02-01 13:58:59',1),(38,5,'2014-02-01 14:10:33',29400.00,0.00,0.00,'',0.00,29400.00,29400.00,'PUR20140201140547','2014-02-01 14:05:47',1),(39,5,'2014-02-01 14:27:18',191100.00,0.00,0.00,'',0.00,191100.00,191100.00,'PUR20140201141125','2014-02-01 14:11:25',1),(40,5,'2014-02-01 14:49:16',44800.00,0.00,0.00,'',0.00,44800.00,44800.00,'PUR20140201144242','2014-02-01 14:42:42',1),(41,5,'2014-02-01 15:58:14',283790.00,0.00,0.00,'',0.00,283790.00,283790.00,'PUR20140201153509','2014-02-01 15:35:09',1),(42,5,'2014-02-01 16:07:19',24590.00,0.00,0.00,'',0.00,24590.00,24590.00,'PUR20140201160140','2014-02-01 16:01:40',1),(43,5,'2014-02-01 16:14:47',19950.00,0.00,0.00,'',0.00,19950.00,19950.00,'PUR20140201161107','2014-02-01 16:11:07',1),(44,5,'2014-02-01 16:28:59',33600.00,0.00,0.00,'',0.00,33600.00,33600.00,'PUR20140201162554','2014-02-01 16:25:54',1),(45,5,'2014-02-01 16:54:54',219450.00,0.00,0.00,'',0.00,219450.00,219450.00,'PUR20140201163752','2014-02-01 16:37:52',1),(46,5,'2014-02-01 17:15:51',247800.00,0.00,0.00,'',0.00,247800.00,247800.00,'PUR20140201165625','2014-02-01 16:56:25',1),(47,5,'2014-02-01 17:46:22',320950.00,0.00,0.00,'',0.00,320950.00,320950.00,'PUR20140201171726','2014-02-01 17:17:26',1),(48,5,'2014-02-01 18:06:34',23100.00,0.00,0.00,'',0.00,23100.00,23100.00,'PUR20140201180239','2014-02-01 18:02:39',1),(49,4,'2014-02-01 18:40:48',14700.00,0.00,0.00,'',0.00,14700.00,14700.00,'PUR20140201183355','2014-02-01 18:33:55',1);
/*!40000 ALTER TABLE `purchase_headers` ENABLE KEYS */;
UNLOCK TABLES;

--
-- Table structure for table `purchase_return_details`
--

DROP TABLE IF EXISTS `purchase_return_details`;
/*!40101 SET @saved_cs_client     = @@character_set_client */;
/*!40101 SET character_set_client = utf8 */;
CREATE TABLE `purchase_return_details` (
  `ID` int(11) NOT NULL AUTO_INCREMENT,
  `ORDER_NUM` int(11) NOT NULL,
  `QUANTITY` int(11) NOT NULL,
  `TOTAL_AMOUNT` decimal(19,2) NOT NULL,
  `PURCHASE_DETAIL_ID` int(11) NOT NULL,
  `PURCHASE_RETURN_HEADER_ID` int(11) NOT NULL,
  PRIMARY KEY (`ID`),
  KEY `FKA82FDD11779CC59D` (`PURCHASE_DETAIL_ID`),
  KEY `FKA82FDD112C6F059A` (`PURCHASE_RETURN_HEADER_ID`),
  CONSTRAINT `FKA82FDD112C6F059A` FOREIGN KEY (`PURCHASE_RETURN_HEADER_ID`) REFERENCES `purchase_return_headers` (`ID`),
  CONSTRAINT `FKA82FDD11779CC59D` FOREIGN KEY (`PURCHASE_DETAIL_ID`) REFERENCES `purchase_details` (`ID`)
) ENGINE=InnoDB DEFAULT CHARSET=utf8;
/*!40101 SET character_set_client = @saved_cs_client */;

--
-- Dumping data for table `purchase_return_details`
--

LOCK TABLES `purchase_return_details` WRITE;
/*!40000 ALTER TABLE `purchase_return_details` DISABLE KEYS */;
/*!40000 ALTER TABLE `purchase_return_details` ENABLE KEYS */;
UNLOCK TABLES;

--
-- Table structure for table `purchase_return_headers`
--

DROP TABLE IF EXISTS `purchase_return_headers`;
/*!40101 SET @saved_cs_client     = @@character_set_client */;
/*!40101 SET character_set_client = utf8 */;
CREATE TABLE `purchase_return_headers` (
  `ID` int(11) NOT NULL AUTO_INCREMENT,
  `LAST_UPDATED_BY` int(11) NOT NULL,
  `LAST_UPDATED_TIMESTAMP` datetime NOT NULL,
  `AMOUNT_RETURNED` decimal(19,2) NOT NULL,
  `DEBT_CUT` decimal(19,2) NOT NULL,
  `DISCOUNT_RETURNED` decimal(19,2) NOT NULL,
  `EXPENSES` decimal(19,2) NOT NULL,
  `REMAINING_RETURN_AMOUNT` decimal(19,2) NOT NULL,
  `RETURNED_IN_FULL_FLAG` bit(1) NOT NULL,
  `SUB_TOTAL_AMOUNT` decimal(19,2) NOT NULL,
  `TOTAL_RETURN_AMOUNT` decimal(19,2) NOT NULL,
  `TRANSACTION_NUMBER` varchar(255) NOT NULL,
  `TRANSACTION_TIMESTAMP` datetime NOT NULL,
  `SUPPLIER_ID` int(11) NOT NULL,
  PRIMARY KEY (`ID`),
  UNIQUE KEY `TRANSACTION_NUMBER` (`TRANSACTION_NUMBER`),
  KEY `FK7ABE5A552FFD91A` (`SUPPLIER_ID`),
  CONSTRAINT `FK7ABE5A552FFD91A` FOREIGN KEY (`SUPPLIER_ID`) REFERENCES `suppliers` (`ID`)
) ENGINE=InnoDB DEFAULT CHARSET=utf8;
/*!40101 SET character_set_client = @saved_cs_client */;

--
-- Dumping data for table `purchase_return_headers`
--

LOCK TABLES `purchase_return_headers` WRITE;
/*!40000 ALTER TABLE `purchase_return_headers` DISABLE KEYS */;
/*!40000 ALTER TABLE `purchase_return_headers` ENABLE KEYS */;
UNLOCK TABLES;

--
-- Table structure for table `receivable_summaries`
--

DROP TABLE IF EXISTS `receivable_summaries`;
/*!40101 SET @saved_cs_client     = @@character_set_client */;
/*!40101 SET character_set_client = utf8 */;
CREATE TABLE `receivable_summaries` (
  `ID` int(11) NOT NULL AUTO_INCREMENT,
  `LAST_UPDATED_BY` int(11) NOT NULL,
  `LAST_UPDATED_TIMESTAMP` datetime NOT NULL,
  `CLIENT_ID` int(11) NOT NULL,
  `LAST_RECEIVABLE_TRANSACTION_ID` int(11) NOT NULL,
  `REMAINING_AMOUNT` decimal(19,2) NOT NULL,
  PRIMARY KEY (`ID`),
  UNIQUE KEY `CLIENT_ID` (`CLIENT_ID`)
) ENGINE=InnoDB DEFAULT CHARSET=utf8;
/*!40101 SET character_set_client = @saved_cs_client */;

--
-- Dumping data for table `receivable_summaries`
--

LOCK TABLES `receivable_summaries` WRITE;
/*!40000 ALTER TABLE `receivable_summaries` DISABLE KEYS */;
/*!40000 ALTER TABLE `receivable_summaries` ENABLE KEYS */;
UNLOCK TABLES;

--
-- Table structure for table `receivable_transactions`
--

DROP TABLE IF EXISTS `receivable_transactions`;
/*!40101 SET @saved_cs_client     = @@character_set_client */;
/*!40101 SET character_set_client = utf8 */;
CREATE TABLE `receivable_transactions` (
  `ID` int(11) NOT NULL AUTO_INCREMENT,
  `LAST_UPDATED_BY` int(11) NOT NULL,
  `LAST_UPDATED_TIMESTAMP` datetime NOT NULL,
  `ACCOUNT_ACTION` varchar(255) NOT NULL,
  `ACTION_TIMESTAMP` datetime NOT NULL,
  `AMOUNT` decimal(19,2) NOT NULL,
  `DESCRIPTION` varchar(255) NOT NULL,
  `MATURITY_DATE` datetime NOT NULL,
  `REFF_NUMBER` varchar(255) NOT NULL,
  `RECEIVABLE_SUMMARY_ID` int(11) NOT NULL,
  PRIMARY KEY (`ID`),
  UNIQUE KEY `REFF_NUMBER` (`REFF_NUMBER`),
  KEY `FK210C929841939161` (`RECEIVABLE_SUMMARY_ID`),
  CONSTRAINT `FK210C929841939161` FOREIGN KEY (`RECEIVABLE_SUMMARY_ID`) REFERENCES `receivable_summaries` (`ID`)
) ENGINE=InnoDB DEFAULT CHARSET=utf8;
/*!40101 SET character_set_client = @saved_cs_client */;

--
-- Dumping data for table `receivable_transactions`
--

LOCK TABLES `receivable_transactions` WRITE;
/*!40000 ALTER TABLE `receivable_transactions` DISABLE KEYS */;
/*!40000 ALTER TABLE `receivable_transactions` ENABLE KEYS */;
UNLOCK TABLES;

--
-- Table structure for table `role_permission_links`
--

DROP TABLE IF EXISTS `role_permission_links`;
/*!40101 SET @saved_cs_client     = @@character_set_client */;
/*!40101 SET character_set_client = utf8 */;
CREATE TABLE `role_permission_links` (
  `PERMISSION_CODE` varchar(255) NOT NULL,
  `ROLE_ID` int(11) NOT NULL,
  PRIMARY KEY (`PERMISSION_CODE`,`ROLE_ID`),
  KEY `FKF3EB9D2AE0AD291` (`PERMISSION_CODE`),
  KEY `FKF3EB9D2EBE9281F` (`ROLE_ID`),
  CONSTRAINT `FKF3EB9D2EBE9281F` FOREIGN KEY (`ROLE_ID`) REFERENCES `roles` (`ID`),
  CONSTRAINT `FKF3EB9D2AE0AD291` FOREIGN KEY (`PERMISSION_CODE`) REFERENCES `permissions` (`CODE`)
) ENGINE=InnoDB DEFAULT CHARSET=utf8;
/*!40101 SET character_set_client = @saved_cs_client */;

--
-- Dumping data for table `role_permission_links`
--

LOCK TABLES `role_permission_links` WRITE;
/*!40000 ALTER TABLE `role_permission_links` DISABLE KEYS */;
INSERT INTO `role_permission_links` VALUES ('/administrasi/changepassword',1),('/administrasi/user',1),('/backoffice/report/stock',1),('/backoffice/report/stockopname',1),('/backoffice/report/transaction',1),('/backoffice/stockopname',1),('/master/customer',1),('/master/discount',1),('/master/stock',1),('/master/supplier',1),('/setting/database',1),('/setting/printer',1),('/setting/problemreport',1),('/transaction/payable',1),('/transaction/purchase',1),('/transaction/purchasereturn',1),('/transaction/receivable',1),('/transaction/sale',1),('/transaction/salereturn',1),('ChangePasswordForm',1),('CustomerForm',1),('CustomerList',1),('DbSettingForm',1),('DiscountForm',1),('DiscountList',1),('ItemStockReportList',1),('PayableForm',1),('PayableList',1),('PembelianForm',1),('PenjualanForm',1),('PrinterSettingForm',1),('ProblemReportSettingForm',1),('ReceivableForm',1),('ReceivableList',1),('ReportViewer',1),('ReturPembelianForm',1),('ReturPenjualanForm',1),('StockForm',1),('StockList',1),('StockOpnameConfirmation',1),('StockOpnameList',1),('StockOpnameReportList',1),('SupplierForm',1),('SupplierList',1),('TransactionReportList',1),('UserForm',1),('UserList',1),('/administrasi/changepassword',11),('/administrasi/role',11),('/administrasi/user',11),('/backoffice/report/stock',11),('/backoffice/report/stockopname',11),('/backoffice/report/transaction',11),('/backoffice/stockopname',11),('/master/customer',11),('/master/discount',11),('/master/stock',11),('/master/supplier',11),('/setting/database',11),('/setting/dbconsistency',11),('/setting/printer',11),('/setting/problemreport',11),('/transaction/payable',11),('/transaction/purchase',11),('/transaction/purchasereturn',11),('/transaction/receivable',11),('/transaction/sale',11),('/transaction/salereturn',11),('ChangePasswordForm',11),('CustomerForm',11),('CustomerList',11),('DbConsistencyChecker',11),('DbSettingForm',11),('DiscountForm',11),('DiscountList',11),('ItemStockReportList',11),('PayableForm',11),('PayableList',11),('PembelianForm',11),('PenjualanForm',11),('PrinterSettingForm',11),('ProblemReportSettingForm',11),('ReceivableForm',11),('ReceivableList',11),('ReportViewer',11),('ReturPembelianForm',11),('ReturPenjualanForm',11),('RoleForm',11),('RoleList',11),('StockForm',11),('StockList',11),('StockOpnameConfirmation',11),('StockOpnameList',11),('StockOpnameReportList',11),('SupplierForm',11),('SupplierList',11),('TransactionReportList',11),('UserForm',11),('UserList',11);
/*!40000 ALTER TABLE `role_permission_links` ENABLE KEYS */;
UNLOCK TABLES;

--
-- Table structure for table `roles`
--

DROP TABLE IF EXISTS `roles`;
/*!40101 SET @saved_cs_client     = @@character_set_client */;
/*!40101 SET character_set_client = utf8 */;
CREATE TABLE `roles` (
  `ID` int(11) NOT NULL AUTO_INCREMENT,
  `LAST_UPDATED_BY` int(11) NOT NULL,
  `LAST_UPDATED_TIMESTAMP` datetime NOT NULL,
  `DELETED` bit(1) NOT NULL,
  `DISABLED` bit(1) NOT NULL,
  `DESCRIPTION` varchar(255) DEFAULT NULL,
  `NAME` varchar(255) NOT NULL,
  PRIMARY KEY (`ID`),
  UNIQUE KEY `NAME` (`NAME`)
) ENGINE=InnoDB AUTO_INCREMENT=12 DEFAULT CHARSET=utf8;
/*!40101 SET character_set_client = @saved_cs_client */;

--
-- Dumping data for table `roles`
--

LOCK TABLES `roles` WRITE;
/*!40000 ALTER TABLE `roles` DISABLE KEYS */;
INSERT INTO `roles` VALUES (1,1,'2014-02-21 16:50:40','\0','\0','ROLE YANG Bisa melakukan apa saja','ADMINISTRATOR'),(7,1,'2014-02-13 08:50:11','\0','\0','Role ini cuma bisa melakukan transaksi penjualan','KASIR JUNIOR'),(8,1,'2014-02-13 08:50:33','\0','\0','ROLE INI BISA MELAKUKAN TRANSAKSI PENJUALAN DAN PEMBELIAN, DAN JUGA RETUR','KASIR SENIOR'),(9,1,'2014-02-13 08:50:48','\0','\0','ROLE INI FUNGSINYA UNTUK MELAKUKAN STOCK OPNAME','STOCK OPNAME'),(10,1,'2014-02-13 08:51:07','\0','\0','ROLE INI FUNGSINYA UNTUK MELIHAT LAPORAN','REPORTING'),(11,1,'2014-02-21 16:26:25','\0','\0','Cuma buat Robert','Developer');
/*!40000 ALTER TABLE `roles` ENABLE KEYS */;
UNLOCK TABLES;

--
-- Table structure for table `sale_details`
--

DROP TABLE IF EXISTS `sale_details`;
/*!40101 SET @saved_cs_client     = @@character_set_client */;
/*!40101 SET character_set_client = utf8 */;
CREATE TABLE `sale_details` (
  `ID` int(11) NOT NULL AUTO_INCREMENT,
  `DISCOUNT_PERCENT` decimal(19,2) NOT NULL,
  `ITEM_CODE` varchar(255) NOT NULL,
  `ITEM_ID` int(11) NOT NULL,
  `ITEM_NAME` varchar(255) NOT NULL,
  `ORDER_NUM` int(11) NOT NULL,
  `PRICE_PER_UNIT` decimal(19,2) NOT NULL,
  `QUANTITY` int(11) NOT NULL,
  `TOTAL_AMOUNT` decimal(19,2) NOT NULL,
  `UNIT` varchar(255) NOT NULL,
  `SALE_HEADER_ID` int(11) NOT NULL,
  PRIMARY KEY (`ID`),
  KEY `FKDD1DA62A7BC0C6A9` (`SALE_HEADER_ID`),
  CONSTRAINT `FKDD1DA62A7BC0C6A9` FOREIGN KEY (`SALE_HEADER_ID`) REFERENCES `sale_headers` (`ID`)
) ENGINE=InnoDB AUTO_INCREMENT=20 DEFAULT CHARSET=utf8;
/*!40101 SET character_set_client = @saved_cs_client */;

--
-- Dumping data for table `sale_details`
--

LOCK TABLES `sale_details` WRITE;
/*!40000 ALTER TABLE `sale_details` DISABLE KEYS */;
INSERT INTO `sale_details` VALUES (1,0.00,'0000000194',194,'VITACIMIN SWEETLET 2@BKS',1,2000.00,1,2000.00,'PCS',1),(2,0.00,'0000000035',35,'PULPY ORANGE 350 ML',1,7000.00,1,7000.00,'BTL',2),(3,0.00,'0000000255',255,'CITRA PEARLY WHITE UV 250 ML ',1,18500.00,3,55500.00,'BTL',3),(4,0.00,'0000000042',42,'LARUTAN PENYEGAR STROBERI 320 ML',1,6000.00,1,6000.00,'KALENG',4),(5,0.00,'0000000138',138,'SALE PISANG ORIGINAL',1,10000.00,2,20000.00,'BKS',5),(6,0.00,'0000000143',143,'KERIPIK SANJAI PADANG PJ.BESAR',2,15000.00,1,15000.00,'BKS',5),(7,0.00,'0000000084',84,'AQUA 1500 ML ',1,6000.00,1,6000.00,'BTL',6),(8,0.00,'0000000091',91,'OT MINTZ DOUBLEMINT 125 GR',2,5500.00,1,5500.00,'BKS',6),(9,0.00,'0000000081',81,'AQUA 600 ML',1,3500.00,1,3500.00,'BOTOL',7),(10,0.00,'0000000188',188,'SAGON KELAPA',1,12000.00,1,12000.00,'BKS',8),(11,0.00,'0000000080',80,'ALFA ONE 600 ML',1,3000.00,2,6000.00,'BOTOL',9),(12,0.00,'0000000081',81,'AQUA 600 ML',2,3500.00,1,3500.00,'BOTOL',9),(13,0.00,'0000000043',43,'LARUTAN CAP KAKI TIGA 200 ML',3,3000.00,1,3000.00,'BTL',9),(14,0.00,'0000000221',221,'MONDE SERENA SNACK 50 GR',4,4000.00,1,4000.00,'BKS',9),(15,0.00,'0000000089',89,'KHONG GUAN CREAM WAFERS CHOCOLATE 240 GR',5,12500.00,1,12500.00,'BKS',9),(16,0.00,'0000000035',35,'PULPY ORANGE 350 ML',1,7000.00,4,28000.00,'BTL',10),(17,0.00,'0000000234',234,'KAPAL API GRANDE 3@20G',1,4000.00,1,4000.00,'BKS',11),(18,0.00,'0000000035',35,'PULPY ORANGE 350 ML',1,7000.00,1,7000.00,'BTL',12),(19,0.00,'0000000337',337,'NICE FACIAL TISSUE JERUK 200 SHEETS ',1,9500.00,1,9500.00,'BKS',13);
/*!40000 ALTER TABLE `sale_details` ENABLE KEYS */;
UNLOCK TABLES;

--
-- Table structure for table `sale_headers`
--

DROP TABLE IF EXISTS `sale_headers`;
/*!40101 SET @saved_cs_client     = @@character_set_client */;
/*!40101 SET character_set_client = utf8 */;
CREATE TABLE `sale_headers` (
  `ID` int(11) NOT NULL AUTO_INCREMENT,
  `LAST_UPDATED_BY` int(11) NOT NULL,
  `LAST_UPDATED_TIMESTAMP` datetime NOT NULL,
  `MONEY_CHANGE` decimal(19,2) NOT NULL,
  `PAY` decimal(19,2) NOT NULL,
  `SUB_TOTAL_AMOUNT` decimal(19,2) NOT NULL,
  `TAX_AMOUNT` decimal(19,2) NOT NULL,
  `TAX_PERCENT` decimal(19,2) NOT NULL,
  `TOTAL_AMOUNT` decimal(19,2) NOT NULL,
  `TRANSACTION_NUMBER` varchar(255) NOT NULL,
  `TRANSACTION_TIMESTAMP` datetime NOT NULL,
  `CUSTOMER_ID` int(11) NOT NULL,
  PRIMARY KEY (`ID`),
  UNIQUE KEY `TRANSACTION_NUMBER` (`TRANSACTION_NUMBER`),
  KEY `FKAFAC236E3DD247DA` (`CUSTOMER_ID`),
  CONSTRAINT `FKAFAC236E3DD247DA` FOREIGN KEY (`CUSTOMER_ID`) REFERENCES `customers` (`ID`)
) ENGINE=InnoDB AUTO_INCREMENT=14 DEFAULT CHARSET=utf8;
/*!40101 SET character_set_client = @saved_cs_client */;

--
-- Dumping data for table `sale_headers`
--

LOCK TABLES `sale_headers` WRITE;
/*!40000 ALTER TABLE `sale_headers` DISABLE KEYS */;
INSERT INTO `sale_headers` VALUES (1,5,'2014-01-30 18:51:07',0.00,2000.00,2000.00,0.00,0.00,2000.00,'SAL20140221103239','2014-01-30 18:50:39',0),(2,5,'2014-01-30 18:53:10',3000.00,10000.00,7000.00,0.00,0.00,7000.00,'SAL20140221103324','2014-01-30 18:51:52',0),(3,4,'2014-02-01 07:41:02',0.00,55500.00,55500.00,0.00,0.00,55500.00,'SAL20140221103349','2014-02-01 07:39:04',0),(4,4,'2014-02-01 10:49:19',4000.00,10000.00,6000.00,0.00,0.00,6000.00,'SAL20140221103525','2014-02-01 10:48:07',0),(5,4,'2014-02-01 10:56:07',0.00,35000.00,35000.00,0.00,0.00,35000.00,'SAL20140221103552','2014-02-01 10:50:54',0),(6,4,'2014-02-01 11:00:10',9000.00,20500.00,11500.00,0.00,0.00,11500.00,'SAL20140221103635','2014-02-01 10:58:07',0),(7,5,'2014-02-01 12:36:14',6500.00,10000.00,3500.00,0.00,0.00,3500.00,'SAL20140221103707','2014-02-01 12:35:10',0),(8,5,'2014-02-01 12:38:30',0.00,12000.00,12000.00,0.00,0.00,12000.00,'SAL20140221103733','2014-02-01 12:36:36',0),(9,5,'2014-02-01 13:02:05',11000.00,40000.00,29000.00,0.00,0.00,29000.00,'SAL20140221103749','2014-02-01 12:59:02',0),(10,5,'2014-02-01 14:53:16',22000.00,50000.00,28000.00,0.00,0.00,28000.00,'SAL20140221103851','2014-02-01 14:52:29',0),(11,5,'2014-02-01 15:03:06',16000.00,20000.00,4000.00,0.00,0.00,4000.00,'SAL20140221103914','2014-02-01 15:00:23',0),(12,5,'2014-02-01 15:04:28',13000.00,20000.00,7000.00,0.00,0.00,7000.00,'SAL20140221103934','2014-02-01 15:03:32',0),(13,5,'2014-02-01 16:15:21',500.00,10000.00,9500.00,0.00,0.00,9500.00,'SAL20140221103957','2014-02-01 16:15:01',0);
/*!40000 ALTER TABLE `sale_headers` ENABLE KEYS */;
UNLOCK TABLES;

--
-- Table structure for table `sale_return_details`
--

DROP TABLE IF EXISTS `sale_return_details`;
/*!40101 SET @saved_cs_client     = @@character_set_client */;
/*!40101 SET character_set_client = utf8 */;
CREATE TABLE `sale_return_details` (
  `ID` int(11) NOT NULL AUTO_INCREMENT,
  `ORDER_NUM` int(11) NOT NULL,
  `QUANTITY` int(11) NOT NULL,
  `TOTAL_AMOUNT` decimal(19,2) NOT NULL,
  `SALE_DETAIL_ID` int(11) NOT NULL,
  `SALE_RETURN_HEADER_ID` int(11) NOT NULL,
  PRIMARY KEY (`ID`),
  KEY `FKC79C650B9303F15A` (`SALE_RETURN_HEADER_ID`),
  KEY `FKC79C650BC11C029` (`SALE_DETAIL_ID`),
  CONSTRAINT `FKC79C650BC11C029` FOREIGN KEY (`SALE_DETAIL_ID`) REFERENCES `sale_details` (`ID`),
  CONSTRAINT `FKC79C650B9303F15A` FOREIGN KEY (`SALE_RETURN_HEADER_ID`) REFERENCES `sale_return_headers` (`ID`)
) ENGINE=InnoDB DEFAULT CHARSET=utf8;
/*!40101 SET character_set_client = @saved_cs_client */;

--
-- Dumping data for table `sale_return_details`
--

LOCK TABLES `sale_return_details` WRITE;
/*!40000 ALTER TABLE `sale_return_details` DISABLE KEYS */;
/*!40000 ALTER TABLE `sale_return_details` ENABLE KEYS */;
UNLOCK TABLES;

--
-- Table structure for table `sale_return_headers`
--

DROP TABLE IF EXISTS `sale_return_headers`;
/*!40101 SET @saved_cs_client     = @@character_set_client */;
/*!40101 SET character_set_client = utf8 */;
CREATE TABLE `sale_return_headers` (
  `ID` int(11) NOT NULL AUTO_INCREMENT,
  `LAST_UPDATED_BY` int(11) NOT NULL,
  `LAST_UPDATED_TIMESTAMP` datetime NOT NULL,
  `SUB_TOTAL_AMOUNT` decimal(19,2) NOT NULL,
  `TAX_AMOUNT` decimal(19,2) NOT NULL,
  `TAX_PERCENT` decimal(19,2) NOT NULL,
  `TOTAL_RETURN_AMOUNT` decimal(19,2) NOT NULL,
  `TRANSACTION_NUMBER` varchar(255) NOT NULL,
  `TRANSACTION_TIMESTAMP` datetime NOT NULL,
  `CUSTOMER_ID` int(11) NOT NULL,
  PRIMARY KEY (`ID`),
  UNIQUE KEY `TRANSACTION_NUMBER` (`TRANSACTION_NUMBER`),
  KEY `FK9A2AE24F3DD247DA` (`CUSTOMER_ID`),
  CONSTRAINT `FK9A2AE24F3DD247DA` FOREIGN KEY (`CUSTOMER_ID`) REFERENCES `customers` (`ID`)
) ENGINE=InnoDB DEFAULT CHARSET=utf8;
/*!40101 SET character_set_client = @saved_cs_client */;

--
-- Dumping data for table `sale_return_headers`
--

LOCK TABLES `sale_return_headers` WRITE;
/*!40000 ALTER TABLE `sale_return_headers` DISABLE KEYS */;
/*!40000 ALTER TABLE `sale_return_headers` ENABLE KEYS */;
UNLOCK TABLES;

--
-- Table structure for table `stock_opname_details`
--

DROP TABLE IF EXISTS `stock_opname_details`;
/*!40101 SET @saved_cs_client     = @@character_set_client */;
/*!40101 SET character_set_client = utf8 */;
CREATE TABLE `stock_opname_details` (
  `ID` int(11) NOT NULL AUTO_INCREMENT,
  `LAST_STOCK_AMOUNT` decimal(19,2) NOT NULL,
  `LOSS_AMOUNT` decimal(19,2) NOT NULL,
  `LOSS_COUNT` int(11) NOT NULL,
  `OVER_AMOUNT` decimal(19,2) NOT NULL,
  `OVER_COUNT` int(11) NOT NULL,
  `QUANTITY_MANUAL` int(11) NOT NULL,
  `QUANTITY_SYSTEM` int(11) NOT NULL,
  `ITEM_ID` int(11) NOT NULL,
  `STOCK_OPNAME_HEADER_ID` int(11) NOT NULL,
  PRIMARY KEY (`ID`),
  KEY `FKB0550138EC3CEFBA` (`ITEM_ID`),
  KEY `FKB05501384571FE72` (`STOCK_OPNAME_HEADER_ID`),
  CONSTRAINT `FKB05501384571FE72` FOREIGN KEY (`STOCK_OPNAME_HEADER_ID`) REFERENCES `stock_opname_headers` (`ID`),
  CONSTRAINT `FKB0550138EC3CEFBA` FOREIGN KEY (`ITEM_ID`) REFERENCES `items` (`ID`)
) ENGINE=InnoDB DEFAULT CHARSET=utf8;
/*!40101 SET character_set_client = @saved_cs_client */;

--
-- Dumping data for table `stock_opname_details`
--

LOCK TABLES `stock_opname_details` WRITE;
/*!40000 ALTER TABLE `stock_opname_details` DISABLE KEYS */;
/*!40000 ALTER TABLE `stock_opname_details` ENABLE KEYS */;
UNLOCK TABLES;

--
-- Table structure for table `stock_opname_headers`
--

DROP TABLE IF EXISTS `stock_opname_headers`;
/*!40101 SET @saved_cs_client     = @@character_set_client */;
/*!40101 SET character_set_client = utf8 */;
CREATE TABLE `stock_opname_headers` (
  `ID` int(11) NOT NULL AUTO_INCREMENT,
  `LAST_UPDATED_BY` int(11) NOT NULL,
  `LAST_UPDATED_TIMESTAMP` datetime NOT NULL,
  `PERFORMED_BEGIN_TIMESTAMP` datetime NOT NULL,
  `PERFORMED_END_TIMESTAMP` datetime NOT NULL,
  `PERFORMED_BY` int(11) NOT NULL,
  PRIMARY KEY (`ID`),
  KEY `FK82E37E7CEAABB726` (`PERFORMED_BY`),
  CONSTRAINT `FK82E37E7CEAABB726` FOREIGN KEY (`PERFORMED_BY`) REFERENCES `users` (`ID`)
) ENGINE=InnoDB DEFAULT CHARSET=utf8;
/*!40101 SET character_set_client = @saved_cs_client */;

--
-- Dumping data for table `stock_opname_headers`
--

LOCK TABLES `stock_opname_headers` WRITE;
/*!40000 ALTER TABLE `stock_opname_headers` DISABLE KEYS */;
/*!40000 ALTER TABLE `stock_opname_headers` ENABLE KEYS */;
UNLOCK TABLES;

--
-- Table structure for table `suppliers`
--

DROP TABLE IF EXISTS `suppliers`;
/*!40101 SET @saved_cs_client     = @@character_set_client */;
/*!40101 SET character_set_client = utf8 */;
CREATE TABLE `suppliers` (
  `ID` int(11) NOT NULL AUTO_INCREMENT,
  `LAST_UPDATED_BY` int(11) NOT NULL,
  `LAST_UPDATED_TIMESTAMP` datetime NOT NULL,
  `DELETED` bit(1) NOT NULL,
  `DISABLED` bit(1) NOT NULL,
  `ADDRESS_1` varchar(255) DEFAULT NULL,
  `ADDRESS_2` varchar(255) DEFAULT NULL,
  `CODE` varchar(255) NOT NULL,
  `CONTACT_PERSON_1` varchar(255) DEFAULT NULL,
  `CONTACT_PERSON_1_EMAIL` varchar(255) DEFAULT NULL,
  `CONTACT_PERSON_1_PHONE` varchar(255) DEFAULT NULL,
  `CONTACT_PERSON_2` varchar(255) DEFAULT NULL,
  `CONTACT_PERSON_2_EMAIL` varchar(255) DEFAULT NULL,
  `CONTACT_PERSON_2_PHONE` varchar(255) DEFAULT NULL,
  `DESCRIPTION` varchar(255) DEFAULT NULL,
  `EMAIL_1` varchar(255) DEFAULT NULL,
  `EMAIL_2` varchar(255) DEFAULT NULL,
  `NAME` varchar(255) NOT NULL,
  `PHONE_1` varchar(255) DEFAULT NULL,
  `PHONE_2` varchar(255) DEFAULT NULL,
  PRIMARY KEY (`ID`),
  UNIQUE KEY `CODE` (`CODE`),
  UNIQUE KEY `NAME` (`NAME`)
) ENGINE=InnoDB AUTO_INCREMENT=2 DEFAULT CHARSET=utf8;
/*!40101 SET character_set_client = @saved_cs_client */;

--
-- Dumping data for table `suppliers`
--

LOCK TABLES `suppliers` WRITE;
/*!40000 ALTER TABLE `suppliers` DISABLE KEYS */;
INSERT INTO `suppliers` VALUES (1,1,'2014-01-26 12:09:57','\0','\0','','','SU-001','','','','','','','BELI SENDIRI TANPA SUPPLIER','','','<TIDAK ADA>','','');
/*!40000 ALTER TABLE `suppliers` ENABLE KEYS */;
UNLOCK TABLES;

--
-- Table structure for table `taxes`
--

DROP TABLE IF EXISTS `taxes`;
/*!40101 SET @saved_cs_client     = @@character_set_client */;
/*!40101 SET character_set_client = utf8 */;
CREATE TABLE `taxes` (
  `ID` int(11) NOT NULL AUTO_INCREMENT,
  `LAST_UPDATED_BY` int(11) NOT NULL,
  `LAST_UPDATED_TIMESTAMP` datetime NOT NULL,
  `DELETED` bit(1) NOT NULL,
  `DISABLED` bit(1) NOT NULL,
  `CODE` varchar(255) NOT NULL,
  `DESCRIPTION` varchar(255) DEFAULT NULL,
  `NAME` varchar(255) DEFAULT NULL,
  `TAX_PERCENT` decimal(19,2) NOT NULL,
  PRIMARY KEY (`ID`),
  UNIQUE KEY `CODE` (`CODE`),
  UNIQUE KEY `TAX_PERCENT` (`TAX_PERCENT`)
) ENGINE=InnoDB AUTO_INCREMENT=2 DEFAULT CHARSET=utf8;
/*!40101 SET character_set_client = @saved_cs_client */;

--
-- Dumping data for table `taxes`
--

LOCK TABLES `taxes` WRITE;
/*!40000 ALTER TABLE `taxes` DISABLE KEYS */;
INSERT INTO `taxes` VALUES (1,0,'2014-01-19 14:44:02','\0','\0','PPN','Nilai default untuk PPN','Pajak Pertambahan Nilai',0.00);
/*!40000 ALTER TABLE `taxes` ENABLE KEYS */;
UNLOCK TABLES;

--
-- Table structure for table `user_role_links`
--

DROP TABLE IF EXISTS `user_role_links`;
/*!40101 SET @saved_cs_client     = @@character_set_client */;
/*!40101 SET character_set_client = utf8 */;
CREATE TABLE `user_role_links` (
  `ROLE_ID` int(11) NOT NULL,
  `USER_ID` int(11) NOT NULL,
  PRIMARY KEY (`ROLE_ID`,`USER_ID`),
  KEY `FKD1D23784EBE9281F` (`ROLE_ID`),
  KEY `FKD1D237849113EBFF` (`USER_ID`),
  CONSTRAINT `FKD1D237849113EBFF` FOREIGN KEY (`USER_ID`) REFERENCES `users` (`ID`),
  CONSTRAINT `FKD1D23784EBE9281F` FOREIGN KEY (`ROLE_ID`) REFERENCES `roles` (`ID`)
) ENGINE=InnoDB DEFAULT CHARSET=utf8;
/*!40101 SET character_set_client = @saved_cs_client */;

--
-- Dumping data for table `user_role_links`
--

LOCK TABLES `user_role_links` WRITE;
/*!40000 ALTER TABLE `user_role_links` DISABLE KEYS */;
INSERT INTO `user_role_links` VALUES (1,1),(11,6);
/*!40000 ALTER TABLE `user_role_links` ENABLE KEYS */;
UNLOCK TABLES;

--
-- Table structure for table `users`
--

DROP TABLE IF EXISTS `users`;
/*!40101 SET @saved_cs_client     = @@character_set_client */;
/*!40101 SET character_set_client = utf8 */;
CREATE TABLE `users` (
  `ID` int(11) NOT NULL AUTO_INCREMENT,
  `LAST_UPDATED_BY` int(11) NOT NULL,
  `LAST_UPDATED_TIMESTAMP` datetime NOT NULL,
  `DELETED` bit(1) NOT NULL,
  `DISABLED` bit(1) NOT NULL,
  `LOGIN` varchar(255) NOT NULL,
  `NAME` varchar(255) NOT NULL,
  `PASSWORD` varchar(255) NOT NULL,
  PRIMARY KEY (`ID`),
  UNIQUE KEY `LOGIN` (`LOGIN`)
) ENGINE=InnoDB AUTO_INCREMENT=7 DEFAULT CHARSET=utf8;
/*!40101 SET character_set_client = @saved_cs_client */;

--
-- Dumping data for table `users`
--

LOCK TABLES `users` WRITE;
/*!40000 ALTER TABLE `users` DISABLE KEYS */;
INSERT INTO `users` VALUES (1,0,'2014-01-01 01:51:09','\0','\0','admin','Administrator','b03ddf3ca2e714a6548e7495e2a03f5e824eaac9837cd7f159c67b90fb4b7342'),(2,2,'2014-02-08 14:07:33','\0','','MILKA','MILKA EFLIN',''),(3,2,'2014-02-08 14:11:29','\0','\0','SDF','ASDF','123456'),(4,2,'2014-01-27 17:32:09','\0','\0','KARIS','KARIS','KARIS'),(5,2,'2014-01-27 17:32:37','\0','\0','IKA','IKA','IKA'),(6,6,'2014-02-21 16:49:36','\0','\0','robert','Robert Julius','b03ddf3ca2e714a6548e7495e2a03f5e824eaac9837cd7f159c67b90fb4b7342');
/*!40000 ALTER TABLE `users` ENABLE KEYS */;
UNLOCK TABLES;
/*!40103 SET TIME_ZONE=@OLD_TIME_ZONE */;

/*!40101 SET SQL_MODE=@OLD_SQL_MODE */;
/*!40014 SET FOREIGN_KEY_CHECKS=@OLD_FOREIGN_KEY_CHECKS */;
/*!40014 SET UNIQUE_CHECKS=@OLD_UNIQUE_CHECKS */;
/*!40101 SET CHARACTER_SET_CLIENT=@OLD_CHARACTER_SET_CLIENT */;
/*!40101 SET CHARACTER_SET_RESULTS=@OLD_CHARACTER_SET_RESULTS */;
/*!40101 SET COLLATION_CONNECTION=@OLD_COLLATION_CONNECTION */;
/*!40111 SET SQL_NOTES=@OLD_SQL_NOTES */;

-- Dump completed on 2014-02-21 16:59:42
