USE minimarketkk;

-- MySQL dump 10.13  Distrib 5.5.21, for Win32 (x86)
--
-- Host: localhost    Database: minimarketkk
-- ------------------------------------------------------
-- Server version	5.5.21

/*!40101 SET @OLD_CHARACTER_SET_CLIENT=@@CHARACTER_SET_CLIENT */;
/*!40101 SET @OLD_CHARACTER_SET_RESULTS=@@CHARACTER_SET_RESULTS */;
/*!40101 SET @OLD_COLLATION_CONNECTION=@@COLLATION_CONNECTION */;
/*!40101 SET NAMES utf8 */;
/*!40103 SET @OLD_TIME_ZONE=@@TIME_ZONE */;
/*!40103 SET TIME_ZONE='+00:00' */;
/*!40014 SET @OLD_UNIQUE_CHECKS=@@UNIQUE_CHECKS, UNIQUE_CHECKS=0 */;
/*!40014 SET @OLD_FOREIGN_KEY_CHECKS=@@FOREIGN_KEY_CHECKS, FOREIGN_KEY_CHECKS=0 */;
/*!40101 SET @OLD_SQL_MODE=@@SQL_MODE, SQL_MODE='NO_AUTO_VALUE_ON_ZERO' */;
/*!40111 SET @OLD_SQL_NOTES=@@SQL_NOTES, SQL_NOTES=0 */;

SET sql_mode='NO_AUTO_VALUE_ON_ZERO';

--
-- Table structure for table `coa_contributions`
--

DROP TABLE IF EXISTS `coa_contributions`;
/*!40101 SET @saved_cs_client     = @@character_set_client */;
/*!40101 SET character_set_client = utf8 */;
CREATE TABLE `coa_contributions` (
  `ID` int(11) NOT NULL AUTO_INCREMENT,
  `DELETED` bit(1) NOT NULL,
  `DISABLED` bit(1) NOT NULL,
  `LAST_UPDATED_BY` int(11) NOT NULL,
  `LAST_UPDATED_TIMESTAMP` datetime NOT NULL,
  `NAME` varchar(255) NOT NULL,
  PRIMARY KEY (`ID`),
  UNIQUE KEY `NAME` (`NAME`)
) ENGINE=InnoDB AUTO_INCREMENT=2 DEFAULT CHARSET=latin1;
/*!40101 SET character_set_client = @saved_cs_client */;

--
-- Dumping data for table `coa_contributions`
--

LOCK TABLES `coa_contributions` WRITE;
/*!40000 ALTER TABLE `coa_contributions` DISABLE KEYS */;
INSERT INTO `coa_contributions` VALUES (0,'\0','\0',0,'2014-02-08 13:34:06','NERACA / RIIL'),(1,'\0','\0',0,'2014-02-08 13:34:06','RUGI-LABA / NOMINAL');
/*!40000 ALTER TABLE `coa_contributions` ENABLE KEYS */;
UNLOCK TABLES;

--
-- Table structure for table `coa_groups`
--

DROP TABLE IF EXISTS `coa_groups`;
/*!40101 SET @saved_cs_client     = @@character_set_client */;
/*!40101 SET character_set_client = utf8 */;
CREATE TABLE `coa_groups` (
  `ID` int(11) NOT NULL AUTO_INCREMENT,
  `DELETED` bit(1) NOT NULL,
  `DISABLED` bit(1) NOT NULL,
  `LAST_UPDATED_BY` int(11) NOT NULL,
  `LAST_UPDATED_TIMESTAMP` datetime NOT NULL,
  `NAME` varchar(255) NOT NULL,
  `COA_CONTRIBUTION_ID` int(11) NOT NULL,
  PRIMARY KEY (`ID`),
  UNIQUE KEY `NAME` (`NAME`),
  KEY `FK2FC40BFE3BBC35E7` (`COA_CONTRIBUTION_ID`),
  CONSTRAINT `FK2FC40BFE3BBC35E7` FOREIGN KEY (`COA_CONTRIBUTION_ID`) REFERENCES `coa_contributions` (`ID`)
) ENGINE=InnoDB AUTO_INCREMENT=5 DEFAULT CHARSET=latin1;
/*!40101 SET character_set_client = @saved_cs_client */;

--
-- Dumping data for table `coa_groups`
--

LOCK TABLES `coa_groups` WRITE;
/*!40000 ALTER TABLE `coa_groups` DISABLE KEYS */;
INSERT INTO `coa_groups` VALUES (0,'\0','\0',0,'2014-02-08 13:34:14','AKTIVA',0),(1,'\0','\0',0,'2014-02-08 13:34:14','HUTANG',0),(2,'\0','\0',0,'2014-02-08 13:34:14','MODAL',0),(3,'\0','\0',0,'2014-02-08 13:34:14','PENDAPATAN',1),(4,'\0','\0',0,'2014-02-08 13:34:14','BEBAN',1);
/*!40000 ALTER TABLE `coa_groups` ENABLE KEYS */;
UNLOCK TABLES;

--
-- Table structure for table `coa`
--

DROP TABLE IF EXISTS `coa`;
/*!40101 SET @saved_cs_client     = @@character_set_client */;
/*!40101 SET character_set_client = utf8 */;
CREATE TABLE `coa` (
  `ID` int(11) NOT NULL AUTO_INCREMENT,
  `DELETED` bit(1) NOT NULL,
  `DISABLED` bit(1) NOT NULL,
  `LAST_UPDATED_BY` int(11) NOT NULL,
  `LAST_UPDATED_TIMESTAMP` datetime NOT NULL,
  `NAME` varchar(255) NOT NULL,
  `COA_GROUP_ID` int(11) NOT NULL,
  PRIMARY KEY (`ID`),
  UNIQUE KEY `NAME` (`NAME`),
  KEY `FK10555FD9557CD` (`COA_GROUP_ID`),
  CONSTRAINT `FK10555FD9557CD` FOREIGN KEY (`COA_GROUP_ID`) REFERENCES `coa_groups` (`ID`)
) ENGINE=InnoDB AUTO_INCREMENT=600 DEFAULT CHARSET=latin1;
/*!40101 SET character_set_client = @saved_cs_client */;

--
-- Dumping data for table `coa`
--

LOCK TABLES `coa` WRITE;
/*!40000 ALTER TABLE `coa` DISABLE KEYS */;
INSERT INTO `coa` VALUES (110,'\0','\0',0,'2014-01-01 22:08:37','KAS KECIL',0),(111,'\0','\0',0,'2014-01-01 22:08:37','KAS BESAR',0),(120,'\0','\0',0,'2014-01-01 22:08:37','PIUTANG USAHA',0),(121,'\0','\0',0,'2014-01-01 22:08:37','PIUTANG LANGGANAN',0),(122,'\0','\0',0,'2014-01-01 22:08:37','PIUTANG KARYAWAN',0),(129,'\0','\0',0,'2014-01-01 22:08:37','PIUTANG LAIN-LAIN',0),(130,'\0','\0',0,'2014-01-01 22:08:37','PERSEDIAAN BARANG',0),(139,'\0','\0',0,'2014-01-01 22:08:37','PERSEDIAAN LAIN-LAIN',0),(140,'\0','\0',0,'2014-01-01 22:08:37','PERALATAN TOKO',0),(141,'\0','\0',0,'2014-01-01 22:08:37','AKUMULASI PENYUSUTAN PERALATAN TOKO',0),(150,'\0','\0',0,'2014-01-01 22:08:37','PERLENGKAPAN TOKO',0),(159,'\0','\0',0,'2014-01-01 22:08:37','AKUMULASI PENYUSUTAN PERLENGKAPAN TOKO',0),(210,'\0','\0',0,'2014-01-01 22:08:37','HUTANG USAHA',1),(211,'\0','\0',0,'2014-01-01 22:08:37','HUTANG GAJI',1),(212,'\0','\0',0,'2014-01-01 22:08:37','PAJAK PENJUALAN',1),(219,'\0','\0',0,'2014-01-01 22:08:37','HUTANG LAIN-LAIN',1),(310,'\0','\0',0,'2014-01-01 22:08:37','MODAL',2),(311,'\0','\0',0,'2014-01-01 22:08:37','LABA TAHUN BERJALAN',2),(312,'\0','\0',0,'2014-01-01 22:08:37','IKHTISAR LABA-RUGI',2),(410,'\0','\0',0,'2014-01-01 22:08:37','PENJUALAN',3),(412,'\0','\0',0,'2014-01-01 22:08:37','RETUR PEMBELIAN',3),(413,'\0','\0',0,'2014-01-01 22:08:37','DISKON PEMBELIAN',3),(419,'\0','\0',0,'2014-01-01 22:08:37','PENDAPATAN LAIN-LAIN',3),(510,'\0','\0',0,'2014-01-01 22:08:37','BIAYA TELEPON',4),(511,'\0','\0',0,'2014-01-01 22:08:37','BIAYA LISTRIK',4),(512,'\0','\0',0,'2014-01-01 22:08:37','BIAYA PDAM',4),(519,'\0','\0',0,'2014-01-01 22:08:37','BEBAN OPERASIONAL LAIN-LAIN',4),(521,'\0','\0',0,'2014-01-01 22:08:37','IURAN WARGA',4),(522,'\0','\0',0,'2014-01-01 22:08:37','UANG KEAMANAN',4),(523,'\0','\0',0,'2014-01-01 22:08:37','UANG KEBERSIHAN',4),(529,'\0','\0',0,'2014-01-01 22:08:37','BEBAN LINGKUNGAN LAIN-LAIN',4),(531,'\0','\0',0,'2014-01-01 22:08:37','GAJI KARYAWAN',4),(532,'\0','\0',0,'2014-01-01 22:08:37','THR DAN BONUS KARYAWAN',4),(533,'\0','\0',0,'2014-01-01 22:08:37','KESEHATAN KARYAWAN',4),(539,'\0','\0',0,'2014-01-01 22:08:37','BEBAN KARYAWAN LAIN-LAIN',4),(541,'\0','\0',0,'2014-01-01 22:08:37','ONGKOS KIRIM PEMBELIAN',4),(542,'\0','\0',0,'2014-01-01 22:08:37','PAJAK PEMBELIAN',4),(543,'\0','\0',0,'2014-01-01 22:08:37','PEMBELIAN',4),(551,'\0','\0',0,'2014-01-01 22:08:37','PENYUSUTAN PERALATAN TOKO',4),(552,'\0','\0',0,'2014-01-01 22:08:37','PENYUSUTAN PERLENGKAPAN TOKO',4),(560,'\0','\0',0,'2014-01-01 22:08:37','BEBAN SEWA',4),(571,'\0','\0',0,'2014-01-01 22:08:37','RETUR PENJUALAN',4),(572,'\0','\0',0,'2014-01-01 22:08:37','DISKON PENJUALAN',4),(579,'\0','\0',0,'2014-01-01 22:08:37','BEBAN PENJUALAN LAIN-LAIN',4),(599,'\0','\0',0,'2014-01-01 22:08:37','BEBAN LAIN-LAIN',4);
/*!40000 ALTER TABLE `coa` ENABLE KEYS */;
UNLOCK TABLES;

--
-- Table structure for table `accounts`
--

DROP TABLE IF EXISTS `accounts`;
/*!40101 SET @saved_cs_client     = @@character_set_client */;
/*!40101 SET character_set_client = utf8 */;
CREATE TABLE `accounts` (
  `ID` int(11) NOT NULL AUTO_INCREMENT,
  `DELETED` bit(1) NOT NULL,
  `DISABLED` bit(1) NOT NULL,
  `LAST_UPDATED_BY` int(11) NOT NULL,
  `LAST_UPDATED_TIMESTAMP` datetime NOT NULL,
  `CREDIT` decimal(19,2) NOT NULL,
  `DEBIT` decimal(19,2) NOT NULL,
  `ENTITY_ID` int(11) NOT NULL,
  `NOTES` varchar(255) NOT NULL,
  `REF` varchar(255) NOT NULL,
  `TIMESTAMP` datetime NOT NULL,
  `COA_ID` int(11) NOT NULL,
  PRIMARY KEY (`ID`),
  KEY `FKAF43ABE6130C277C` (`COA_ID`),
  CONSTRAINT `FKAF43ABE6130C277C` FOREIGN KEY (`COA_ID`) REFERENCES `coa` (`ID`)
) ENGINE=InnoDB AUTO_INCREMENT=382 DEFAULT CHARSET=latin1;
/*!40101 SET character_set_client = @saved_cs_client */;

--
-- Dumping data for table `accounts`
--

LOCK TABLES `accounts` WRITE;
/*!40000 ALTER TABLE `accounts` DISABLE KEYS */;
INSERT INTO `accounts` VALUES (1,'\0','\0',2,'2014-01-27 16:05:18',0.00,25272.00,1,'Pembelian','','2014-01-27 16:05:18',543),(2,'\0','\0',2,'2014-01-27 16:05:18',0.00,25272.00,2,'Pembelian','','2014-01-27 16:05:18',543),(3,'\0','\0',2,'2014-01-27 16:05:18',0.00,37908.00,3,'Pembelian','','2014-01-27 16:05:18',543),(4,'\0','\0',2,'2014-01-27 16:05:18',0.00,25272.00,4,'Pembelian','','2014-01-27 16:05:18',543),(5,'\0','\0',2,'2014-01-27 16:05:18',0.00,244000.00,5,'Pembelian','','2014-01-27 16:05:18',543),(6,'\0','\0',2,'2014-01-27 16:05:18',0.00,35640.00,6,'Pembelian','','2014-01-27 16:05:18',543),(7,'\0','\0',2,'2014-01-27 16:25:06',0.00,17725.00,7,'Pembelian','','2014-01-27 16:25:06',543),(8,'\0','\0',2,'2014-01-27 16:25:06',0.00,1636550.00,8,'Pembelian','','2014-01-27 16:25:06',543),(9,'\0','\0',2,'2014-01-27 16:25:06',0.00,6360.00,9,'Pembelian','','2014-01-27 16:25:06',543),(10,'\0','\0',2,'2014-01-27 16:25:06',0.00,4180.00,10,'Pembelian','','2014-01-27 16:25:06',543),(11,'\0','\0',2,'2014-01-27 16:25:07',0.00,5600.00,11,'Pembelian','','2014-01-27 16:25:07',543),(12,'\0','\0',2,'2014-01-27 16:25:07',0.00,23700.00,12,'Pembelian','','2014-01-27 16:25:07',543),(13,'\0','\0',2,'2014-01-27 16:25:07',0.00,0.00,13,'Pembelian','','2014-01-27 16:25:07',543),(14,'\0','\0',2,'2014-01-27 16:44:46',0.00,62724.00,14,'Pembelian','','2014-01-27 16:44:46',543),(15,'\0','\0',2,'2014-01-27 16:44:46',0.00,24540.00,15,'Pembelian','','2014-01-27 16:44:46',543),(16,'\0','\0',2,'2014-01-27 16:44:46',0.00,12000.00,16,'Pembelian','','2014-01-27 16:44:46',543),(17,'\0','\0',2,'2014-01-27 16:44:46',0.00,12000.00,17,'Pembelian','','2014-01-27 16:44:46',543),(18,'\0','\0',2,'2014-01-27 16:44:46',0.00,0.00,18,'Pembelian','','2014-01-27 16:44:46',543),(19,'\0','\0',2,'2014-01-27 17:00:22',0.00,9816.00,19,'Pembelian','','2014-01-27 17:00:22',543),(20,'\0','\0',2,'2014-01-27 17:00:22',0.00,70000.00,20,'Pembelian','','2014-01-27 17:00:22',543),(21,'\0','\0',2,'2014-01-27 17:00:22',0.00,0.00,21,'Pembelian','','2014-01-27 17:00:22',543),(22,'\0','\0',2,'2014-01-27 17:10:35',0.00,0.00,22,'Pembelian','','2014-01-27 17:10:35',543),(23,'\0','\0',2,'2014-01-27 17:13:57',0.00,24000.00,23,'Pembelian','','2014-01-27 17:13:57',543),(24,'\0','\0',2,'2014-01-27 18:07:17',0.00,52800.00,24,'Pembelian','','2014-01-27 18:07:17',543),(25,'\0','\0',2,'2014-01-27 18:07:17',0.00,49500.00,25,'Pembelian','','2014-01-27 18:07:17',543),(26,'\0','\0',2,'2014-01-27 18:07:18',0.00,49500.00,26,'Pembelian','','2014-01-27 18:07:18',543),(27,'\0','\0',2,'2014-01-27 18:07:18',0.00,10000.00,27,'Pembelian','','2014-01-27 18:07:18',543),(28,'\0','\0',2,'2014-01-27 18:07:18',0.00,10000.00,28,'Pembelian','','2014-01-27 18:07:18',543),(29,'\0','\0',2,'2014-01-27 18:07:18',0.00,10000.00,29,'Pembelian','','2014-01-27 18:07:18',543),(30,'\0','\0',2,'2014-01-27 18:07:18',0.00,63000.00,30,'Pembelian','','2014-01-27 18:07:18',543),(31,'\0','\0',2,'2014-01-27 18:07:18',0.00,180000.00,31,'Pembelian','','2014-01-27 18:07:18',543),(32,'\0','\0',2,'2014-01-27 18:07:18',0.00,65000.00,32,'Pembelian','','2014-01-27 18:07:18',543),(33,'\0','\0',2,'2014-01-27 18:07:18',0.00,65000.00,33,'Pembelian','','2014-01-27 18:07:18',543),(34,'\0','\0',2,'2014-01-27 18:07:18',0.00,0.00,34,'Pembelian','','2014-01-27 18:07:18',543),(35,'\0','\0',2,'2014-01-27 18:44:06',0.00,118800.00,35,'Pembelian','','2014-01-27 18:44:06',543),(36,'\0','\0',2,'2014-01-27 18:44:06',0.00,59400.00,36,'Pembelian','','2014-01-27 18:44:06',543),(37,'\0','\0',2,'2014-01-27 18:44:06',0.00,292500.00,37,'Pembelian','','2014-01-27 18:44:06',543),(38,'\0','\0',2,'2014-01-27 18:44:06',0.00,59400.00,38,'Pembelian','','2014-01-27 18:44:06',543),(39,'\0','\0',2,'2014-01-27 18:44:06',0.00,111243.00,39,'Pembelian','','2014-01-27 18:44:06',543),(40,'\0','\0',2,'2014-01-27 18:44:06',0.00,28272.00,40,'Pembelian','','2014-01-27 18:44:06',543),(41,'\0','\0',2,'2014-01-27 18:44:06',0.00,132804.00,41,'Pembelian','','2014-01-27 18:44:06',543),(42,'\0','\0',2,'2014-01-27 18:44:06',0.00,150000.00,42,'Pembelian','','2014-01-27 18:44:06',543),(43,'\0','\0',2,'2014-01-27 18:44:06',0.00,120000.00,43,'Pembelian','','2014-01-27 18:44:06',543),(44,'\0','\0',2,'2014-01-27 18:44:06',0.00,25000.00,44,'Pembelian','','2014-01-27 18:44:06',543),(45,'\0','\0',2,'2014-01-27 18:44:06',0.00,60000.00,45,'Pembelian','','2014-01-27 18:44:06',543),(46,'\0','\0',2,'2014-01-27 18:44:06',0.00,26274.00,46,'Pembelian','','2014-01-27 18:44:06',543),(47,'\0','\0',2,'2014-01-27 18:44:06',0.00,50904.00,47,'Pembelian','','2014-01-27 18:44:06',543),(48,'\0','\0',2,'2014-01-27 18:44:06',0.00,26274.00,48,'Pembelian','','2014-01-27 18:44:06',543),(49,'\0','\0',2,'2014-01-27 18:44:06',0.00,0.00,49,'Pembelian','','2014-01-27 18:44:06',543),(50,'\0','\0',2,'2014-01-28 14:12:27',0.00,88344.00,50,'Pembelian','','2014-01-28 14:12:27',543),(51,'\0','\0',2,'2014-01-28 14:12:27',0.00,87144.00,51,'Pembelian','','2014-01-28 14:12:27',543),(52,'\0','\0',2,'2014-01-28 14:12:27',0.00,72250.00,52,'Pembelian','','2014-01-28 14:12:27',543),(53,'\0','\0',2,'2014-01-28 14:12:27',0.00,65025.00,53,'Pembelian','','2014-01-28 14:12:27',543),(54,'\0','\0',2,'2014-01-28 14:12:27',0.00,54000.00,54,'Pembelian','','2014-01-28 14:12:27',543),(55,'\0','\0',2,'2014-01-28 14:12:27',0.00,96000.00,55,'Pembelian','','2014-01-28 14:12:27',543),(56,'\0','\0',2,'2014-01-28 14:12:27',0.00,96000.00,56,'Pembelian','','2014-01-28 14:12:27',543),(57,'\0','\0',2,'2014-01-28 14:12:27',0.00,96000.00,57,'Pembelian','','2014-01-28 14:12:27',543),(58,'\0','\0',2,'2014-01-28 14:12:27',0.00,96000.00,58,'Pembelian','','2014-01-28 14:12:27',543),(59,'\0','\0',2,'2014-01-28 14:12:27',0.00,96000.00,59,'Pembelian','','2014-01-28 14:12:27',543),(60,'\0','\0',2,'2014-01-28 14:12:27',0.00,88000.00,60,'Pembelian','','2014-01-28 14:12:27',543),(61,'\0','\0',2,'2014-01-28 14:12:27',0.00,81000.00,61,'Pembelian','','2014-01-28 14:12:27',543),(62,'\0','\0',2,'2014-01-28 14:12:27',0.00,72250.00,62,'Pembelian','','2014-01-28 14:12:27',543),(63,'\0','\0',2,'2014-01-28 14:29:39',0.00,59250.00,63,'Pembelian','','2014-01-28 14:29:39',543),(64,'\0','\0',2,'2014-01-28 14:29:39',0.00,72750.00,64,'Pembelian','','2014-01-28 14:29:39',543),(65,'\0','\0',2,'2014-01-28 14:29:39',0.00,72750.00,65,'Pembelian','','2014-01-28 14:29:39',543),(66,'\0','\0',2,'2014-01-28 14:29:39',0.00,83106.00,66,'Pembelian','','2014-01-28 14:29:39',543),(67,'\0','\0',2,'2014-01-28 14:29:39',0.00,95250.00,67,'Pembelian','','2014-01-28 14:29:39',543),(68,'\0','\0',2,'2014-01-28 14:29:39',0.00,112344.00,68,'Pembelian','','2014-01-28 14:29:39',543),(69,'\0','\0',2,'2014-01-28 14:29:39',0.00,80000.00,69,'Pembelian','','2014-01-28 14:29:39',543),(70,'\0','\0',2,'2014-01-28 14:29:39',0.00,97875.00,70,'Pembelian','','2014-01-28 14:29:39',543),(71,'\0','\0',2,'2014-01-28 14:29:39',0.00,0.00,71,'Pembelian','','2014-01-28 14:29:39',543),(72,'\0','\0',2,'2014-01-28 14:33:10',0.00,65318.00,72,'Pembelian','','2014-01-28 14:33:10',543),(73,'\0','\0',2,'2014-01-28 14:48:30',0.00,66144.00,73,'Pembelian','','2014-01-28 14:48:30',543),(74,'\0','\0',2,'2014-01-28 14:48:30',0.00,69744.00,74,'Pembelian','','2014-01-28 14:48:30',543),(75,'\0','\0',2,'2014-01-28 14:48:30',0.00,69744.00,75,'Pembelian','','2014-01-28 14:48:30',543),(76,'\0','\0',2,'2014-01-28 14:48:30',0.00,158700.00,76,'Pembelian','','2014-01-28 14:48:30',543),(77,'\0','\0',2,'2014-01-28 14:48:30',0.00,93735.00,77,'Pembelian','','2014-01-28 14:48:30',543),(78,'\0','\0',2,'2014-01-28 14:48:30',0.00,77250.00,78,'Pembelian','','2014-01-28 14:48:30',543),(79,'\0','\0',2,'2014-01-28 14:48:30',0.00,33600.00,79,'Pembelian','','2014-01-28 14:48:30',543),(80,'\0','\0',2,'2014-01-28 14:48:30',0.00,33600.00,80,'Pembelian','','2014-01-28 14:48:30',543),(81,'\0','\0',2,'2014-01-28 14:48:30',0.00,0.00,81,'Pembelian','','2014-01-28 14:48:30',543),(82,'\0','\0',2,'2014-01-28 15:03:25',0.00,63000.00,82,'Pembelian','','2014-01-28 15:03:25',543),(83,'\0','\0',2,'2014-01-28 15:03:25',0.00,48000.00,83,'Pembelian','','2014-01-28 15:03:25',543),(84,'\0','\0',2,'2014-01-28 15:03:25',0.00,100000.00,84,'Pembelian','','2014-01-28 15:03:25',543),(85,'\0','\0',2,'2014-01-28 15:03:25',0.00,30000.00,85,'Pembelian','','2014-01-28 15:03:25',543),(86,'\0','\0',2,'2014-01-28 15:03:25',0.00,54000.00,86,'Pembelian','','2014-01-28 15:03:25',543),(87,'\0','\0',2,'2014-01-28 15:03:25',0.00,55000.00,87,'Pembelian','','2014-01-28 15:03:25',543),(88,'\0','\0',2,'2014-01-28 15:03:25',0.00,86000.00,88,'Pembelian','','2014-01-28 15:03:25',543),(89,'\0','\0',2,'2014-01-28 15:12:22',0.00,98000.00,89,'Pembelian','','2014-01-28 15:12:22',543),(90,'\0','\0',2,'2014-01-28 15:12:22',0.00,72000.00,90,'Pembelian','','2014-01-28 15:12:22',543),(91,'\0','\0',2,'2014-01-28 15:12:22',0.00,72000.00,91,'Pembelian','','2014-01-28 15:12:22',543),(92,'\0','\0',2,'2014-01-28 15:40:30',0.00,112344.00,92,'Pembelian','','2014-01-28 15:40:30',543),(93,'\0','\0',2,'2014-01-28 15:40:30',0.00,112344.00,93,'Pembelian','','2014-01-28 15:40:30',543),(94,'\0','\0',2,'2014-01-28 15:40:30',0.00,24000.00,94,'Pembelian','','2014-01-28 15:40:30',543),(95,'\0','\0',2,'2014-01-28 15:40:30',0.00,12000.00,95,'Pembelian','','2014-01-28 15:40:30',543),(96,'\0','\0',2,'2014-01-28 15:40:30',0.00,75000.00,96,'Pembelian','','2014-01-28 15:40:30',543),(97,'\0','\0',2,'2014-01-28 15:40:30',0.00,73500.00,97,'Pembelian','','2014-01-28 15:40:30',543),(98,'\0','\0',2,'2014-01-28 15:40:30',0.00,25500.00,98,'Pembelian','','2014-01-28 15:40:30',543),(99,'\0','\0',2,'2014-01-28 15:40:30',0.00,15300.00,99,'Pembelian','','2014-01-28 15:40:30',543),(100,'\0','\0',2,'2014-01-28 15:40:30',0.00,13500.00,100,'Pembelian','','2014-01-28 15:40:30',543),(101,'\0','\0',2,'2014-01-28 15:40:30',0.00,27000.00,101,'Pembelian','','2014-01-28 15:40:30',543),(102,'\0','\0',2,'2014-01-28 15:40:30',0.00,0.00,102,'Pembelian','','2014-01-28 15:40:30',543),(103,'\0','\0',2,'2014-01-28 15:43:35',0.00,25500.00,103,'Pembelian','','2014-01-28 15:43:35',543),(104,'\0','\0',2,'2014-01-28 15:43:35',0.00,0.00,104,'Pembelian','','2014-01-28 15:43:35',543),(105,'\0','\0',4,'2014-01-30 12:36:17',0.00,10000.00,105,'Pembelian','','2014-01-30 12:36:17',543),(106,'\0','\0',4,'2014-01-30 12:36:17',0.00,12000.00,106,'Pembelian','','2014-01-30 12:36:17',543),(107,'\0','\0',4,'2014-01-30 12:36:17',0.00,7500.00,107,'Pembelian','','2014-01-30 12:36:17',543),(108,'\0','\0',4,'2014-01-30 12:36:17',0.00,7500.00,108,'Pembelian','','2014-01-30 12:36:17',543),(109,'\0','\0',4,'2014-01-30 12:36:17',0.00,6000.00,109,'Pembelian','','2014-01-30 12:36:17',543),(110,'\0','\0',4,'2014-01-30 12:36:17',0.00,10000.00,110,'Pembelian','','2014-01-30 12:36:17',543),(111,'\0','\0',4,'2014-01-30 12:36:17',0.00,6000.00,111,'Pembelian','','2014-01-30 12:36:17',543),(112,'\0','\0',4,'2014-01-30 12:36:17',0.00,11400.00,112,'Pembelian','','2014-01-30 12:36:17',543),(113,'\0','\0',4,'2014-01-30 12:36:17',0.00,18000.00,113,'Pembelian','','2014-01-30 12:36:17',543),(114,'\0','\0',4,'2014-01-30 12:36:17',0.00,6000.00,114,'Pembelian','','2014-01-30 12:36:17',543),(115,'\0','\0',4,'2014-01-30 12:36:17',0.00,12000.00,115,'Pembelian','','2014-01-30 12:36:17',543),(116,'\0','\0',4,'2014-01-30 12:36:17',0.00,0.00,116,'Pembelian','','2014-01-30 12:36:17',543),(117,'\0','\0',4,'2014-01-30 12:57:33',0.00,18500.00,117,'Pembelian','','2014-01-30 12:57:33',543),(118,'\0','\0',4,'2014-01-30 12:57:33',0.00,18000.00,118,'Pembelian','','2014-01-30 12:57:33',543),(119,'\0','\0',4,'2014-01-30 12:57:33',0.00,12000.00,119,'Pembelian','','2014-01-30 12:57:33',543),(120,'\0','\0',4,'2014-01-30 12:57:33',0.00,14000.00,120,'Pembelian','','2014-01-30 12:57:33',543),(121,'\0','\0',4,'2014-01-30 12:57:33',0.00,7500.00,121,'Pembelian','','2014-01-30 12:57:33',543),(122,'\0','\0',4,'2014-01-30 12:57:33',0.00,13000.00,122,'Pembelian','','2014-01-30 12:57:33',543),(123,'\0','\0',4,'2014-01-30 13:21:52',0.00,15000.00,123,'Pembelian','','2014-01-30 13:21:52',543),(124,'\0','\0',4,'2014-01-30 13:21:52',0.00,30000.00,124,'Pembelian','','2014-01-30 13:21:52',543),(125,'\0','\0',4,'2014-01-30 13:21:52',0.00,16800.00,125,'Pembelian','','2014-01-30 13:21:52',543),(126,'\0','\0',4,'2014-01-30 13:21:52',0.00,14000.00,126,'Pembelian','','2014-01-30 13:21:52',543),(127,'\0','\0',4,'2014-01-30 13:21:52',0.00,21000.00,127,'Pembelian','','2014-01-30 13:21:52',543),(128,'\0','\0',4,'2014-01-30 13:21:52',0.00,12000.00,128,'Pembelian','','2014-01-30 13:21:52',543),(129,'\0','\0',4,'2014-01-30 13:21:52',0.00,12000.00,129,'Pembelian','','2014-01-30 13:21:52',543),(130,'\0','\0',4,'2014-01-30 13:21:52',0.00,12000.00,130,'Pembelian','','2014-01-30 13:21:52',543),(131,'\0','\0',4,'2014-01-30 13:21:52',0.00,42000.00,131,'Pembelian','','2014-01-30 13:21:52',543),(132,'\0','\0',4,'2014-01-30 13:21:52',0.00,20000.00,132,'Pembelian','','2014-01-30 13:21:52',543),(133,'\0','\0',4,'2014-01-30 13:21:52',0.00,27000.00,133,'Pembelian','','2014-01-30 13:21:52',543),(134,'\0','\0',4,'2014-01-30 13:21:52',0.00,24000.00,134,'Pembelian','','2014-01-30 13:21:52',543),(135,'\0','\0',4,'2014-01-30 13:21:52',0.00,8000.00,135,'Pembelian','','2014-01-30 13:21:52',543),(136,'\0','\0',4,'2014-01-30 13:21:52',0.00,7800.00,136,'Pembelian','','2014-01-30 13:21:52',543),(137,'\0','\0',4,'2014-01-30 13:21:52',0.00,76800.00,137,'Pembelian','','2014-01-30 13:21:52',543),(138,'\0','\0',4,'2014-01-30 13:21:52',0.00,45000.00,138,'Pembelian','','2014-01-30 13:21:52',543),(139,'\0','\0',4,'2014-01-30 13:21:52',0.00,33000.00,139,'Pembelian','','2014-01-30 13:21:52',543),(140,'\0','\0',4,'2014-01-30 13:21:52',0.00,0.00,140,'Pembelian','','2014-01-30 13:21:52',543),(141,'\0','\0',1,'2014-01-30 15:15:29',0.00,341000.00,141,'Pembelian','','2014-01-30 15:15:29',543),(142,'\0','\0',1,'2014-01-30 15:15:29',0.00,350000.00,142,'Pembelian','','2014-01-30 15:15:29',543),(143,'\0','\0',1,'2014-01-30 15:15:29',0.00,180000.00,143,'Pembelian','','2014-01-30 15:15:29',543),(144,'\0','\0',1,'2014-01-30 15:15:29',0.00,210000.00,144,'Pembelian','','2014-01-30 15:15:29',543),(145,'\0','\0',1,'2014-01-30 15:15:29',0.00,300000.00,145,'Pembelian','','2014-01-30 15:15:29',543),(146,'\0','\0',1,'2014-01-30 15:15:29',0.00,120000.00,146,'Pembelian','','2014-01-30 15:15:29',543),(147,'\0','\0',1,'2014-01-30 15:15:29',0.00,180000.00,147,'Pembelian','','2014-01-30 15:15:29',543),(148,'\0','\0',1,'2014-01-30 15:15:29',0.00,150000.00,148,'Pembelian','','2014-01-30 15:15:29',543),(149,'\0','\0',1,'2014-01-30 15:15:29',0.00,300000.00,149,'Pembelian','','2014-01-30 15:15:29',543),(150,'\0','\0',1,'2014-01-30 15:18:22',0.00,150000.00,150,'Pembelian','','2014-01-30 15:18:22',543),(151,'\0','\0',1,'2014-01-30 15:18:22',0.00,192000.00,151,'Pembelian','','2014-01-30 15:18:22',543),(152,'\0','\0',2,'2014-01-30 16:26:53',0.00,20000.00,152,'Pembelian','','2014-01-30 16:26:53',543),(153,'\0','\0',2,'2014-01-30 16:26:53',0.00,84000.00,153,'Pembelian','','2014-01-30 16:26:53',543),(154,'\0','\0',2,'2014-01-30 16:26:53',0.00,46200.00,154,'Pembelian','','2014-01-30 16:26:53',543),(155,'\0','\0',2,'2014-01-30 16:26:53',0.00,28200.00,155,'Pembelian','','2014-01-30 16:26:53',543),(156,'\0','\0',2,'2014-01-30 16:26:53',0.00,27000.00,156,'Pembelian','','2014-01-30 16:26:53',543),(157,'\0','\0',2,'2014-01-30 16:26:53',0.00,23400.00,157,'Pembelian','','2014-01-30 16:26:53',543),(158,'\0','\0',2,'2014-01-30 16:26:53',0.00,7500.00,158,'Pembelian','','2014-01-30 16:26:53',543),(159,'\0','\0',2,'2014-01-30 16:26:53',0.00,7500.00,159,'Pembelian','','2014-01-30 16:26:53',543),(160,'\0','\0',2,'2014-01-30 16:26:53',0.00,3000.00,160,'Pembelian','','2014-01-30 16:26:53',543),(161,'\0','\0',2,'2014-01-30 16:26:53',0.00,4500.00,161,'Pembelian','','2014-01-30 16:26:53',543),(162,'\0','\0',2,'2014-01-30 16:26:53',0.00,13500.00,162,'Pembelian','','2014-01-30 16:26:53',543),(163,'\0','\0',2,'2014-01-30 16:26:53',0.00,24000.00,163,'Pembelian','','2014-01-30 16:26:53',543),(164,'\0','\0',2,'2014-01-30 16:26:53',0.00,19200.00,164,'Pembelian','','2014-01-30 16:26:53',543),(165,'\0','\0',2,'2014-01-30 16:26:53',0.00,30000.00,165,'Pembelian','','2014-01-30 16:26:53',543),(166,'\0','\0',2,'2014-01-30 16:26:53',0.00,24000.00,166,'Pembelian','','2014-01-30 16:26:53',543),(167,'\0','\0',2,'2014-01-30 16:26:53',0.00,19500.00,167,'Pembelian','','2014-01-30 16:26:53',543),(168,'\0','\0',2,'2014-01-30 16:26:53',0.00,12000.00,168,'Pembelian','','2014-01-30 16:26:53',543),(169,'\0','\0',2,'2014-01-30 16:26:53',0.00,25800.00,169,'Pembelian','','2014-01-30 16:26:53',543),(170,'\0','\0',2,'2014-01-30 16:26:53',0.00,30000.00,170,'Pembelian','','2014-01-30 16:26:53',543),(171,'\0','\0',2,'2014-01-30 16:26:53',0.00,16000.00,171,'Pembelian','','2014-01-30 16:26:53',543),(172,'\0','\0',2,'2014-01-30 16:26:53',0.00,22500.00,172,'Pembelian','','2014-01-30 16:26:53',543),(173,'\0','\0',2,'2014-01-30 16:26:53',0.00,21000.00,173,'Pembelian','','2014-01-30 16:26:53',543),(174,'\0','\0',2,'2014-01-30 16:26:53',0.00,12000.00,174,'Pembelian','','2014-01-30 16:26:53',543),(175,'\0','\0',2,'2014-01-30 16:26:53',0.00,19500.00,175,'Pembelian','','2014-01-30 16:26:53',543),(176,'\0','\0',2,'2014-01-30 16:26:53',0.00,49500.00,176,'Pembelian','','2014-01-30 16:26:53',543),(177,'\0','\0',2,'2014-01-30 16:26:53',0.00,10500.00,177,'Pembelian','','2014-01-30 16:26:53',543),(178,'\0','\0',2,'2014-01-30 16:26:53',0.00,18000.00,178,'Pembelian','','2014-01-30 16:26:53',543),(179,'\0','\0',2,'2014-01-30 16:26:53',0.00,15000.00,179,'Pembelian','','2014-01-30 16:26:53',543),(180,'\0','\0',2,'2014-01-30 17:31:19',0.00,9000.00,180,'Pembelian','','2014-01-30 17:31:19',543),(181,'\0','\0',2,'2014-01-30 17:31:19',0.00,22500.00,181,'Pembelian','','2014-01-30 17:31:19',543),(182,'\0','\0',2,'2014-01-30 17:31:19',0.00,13500.00,182,'Pembelian','','2014-01-30 17:31:19',543),(183,'\0','\0',2,'2014-01-30 17:31:19',0.00,16500.00,183,'Pembelian','','2014-01-30 17:31:19',543),(184,'\0','\0',2,'2014-01-30 17:31:19',0.00,21000.00,184,'Pembelian','','2014-01-30 17:31:19',543),(185,'\0','\0',2,'2014-01-30 17:31:19',0.00,12000.00,185,'Pembelian','','2014-01-30 17:31:19',543),(186,'\0','\0',2,'2014-01-30 17:31:19',0.00,15000.00,186,'Pembelian','','2014-01-30 17:31:19',543),(187,'\0','\0',2,'2014-01-30 17:31:19',0.00,6000.00,187,'Pembelian','','2014-01-30 17:31:19',543),(188,'\0','\0',2,'2014-01-30 17:31:19',0.00,6000.00,188,'Pembelian','','2014-01-30 17:31:19',543),(189,'\0','\0',2,'2014-01-30 17:31:19',0.00,30000.00,189,'Pembelian','','2014-01-30 17:31:19',543),(190,'\0','\0',2,'2014-01-30 17:31:19',0.00,44000.00,190,'Pembelian','','2014-01-30 17:31:19',543),(191,'\0','\0',2,'2014-01-30 17:31:19',0.00,45000.00,191,'Pembelian','','2014-01-30 17:31:19',543),(192,'\0','\0',2,'2014-01-30 17:31:19',0.00,600000.00,192,'Pembelian','','2014-01-30 17:31:19',543),(193,'\0','\0',2,'2014-01-30 17:31:19',0.00,90000.00,193,'Pembelian','','2014-01-30 17:31:19',543),(194,'\0','\0',2,'2014-01-30 17:31:19',0.00,80000.00,194,'Pembelian','','2014-01-30 17:31:19',543),(195,'\0','\0',2,'2014-01-30 17:31:19',0.00,105000.00,195,'Pembelian','','2014-01-30 17:31:19',543),(196,'\0','\0',2,'2014-01-30 17:31:19',0.00,90000.00,196,'Pembelian','','2014-01-30 17:31:19',543),(197,'\0','\0',2,'2014-01-30 17:31:19',0.00,75000.00,197,'Pembelian','','2014-01-30 17:31:19',543),(198,'\0','\0',2,'2014-01-30 17:31:19',0.00,57600.00,198,'Pembelian','','2014-01-30 17:31:19',543),(199,'\0','\0',2,'2014-01-30 17:31:19',0.00,144000.00,199,'Pembelian','','2014-01-30 17:31:19',543),(200,'\0','\0',2,'2014-01-30 17:31:19',0.00,62400.00,200,'Pembelian','','2014-01-30 17:31:19',543),(201,'\0','\0',2,'2014-01-30 17:31:19',0.00,105000.00,201,'Pembelian','','2014-01-30 17:31:19',543),(202,'\0','\0',2,'2014-01-30 17:31:19',0.00,33000.00,202,'Pembelian','','2014-01-30 17:31:19',543),(203,'\0','\0',2,'2014-01-30 17:31:19',0.00,33000.00,203,'Pembelian','','2014-01-30 17:31:19',543),(204,'\0','\0',2,'2014-01-30 17:31:19',0.00,11000.00,204,'Pembelian','','2014-01-30 17:31:19',543),(205,'\0','\0',2,'2014-01-30 17:31:19',0.00,22000.00,205,'Pembelian','','2014-01-30 17:31:19',543),(206,'\0','\0',2,'2014-01-30 17:31:19',0.00,45600.00,206,'Pembelian','','2014-01-30 17:31:19',543),(207,'\0','\0',2,'2014-01-30 17:31:19',0.00,24000.00,207,'Pembelian','','2014-01-30 17:31:19',543),(208,'\0','\0',2,'2014-01-30 17:31:19',0.00,54000.00,208,'Pembelian','','2014-01-30 17:31:19',543),(209,'\0','\0',2,'2014-01-30 17:31:19',0.00,54000.00,209,'Pembelian','','2014-01-30 17:31:19',543),(210,'\0','\0',2,'2014-01-30 17:31:19',0.00,42000.00,210,'Pembelian','','2014-01-30 17:31:19',543),(211,'\0','\0',2,'2014-01-30 17:31:19',0.00,33000.00,211,'Pembelian','','2014-01-30 17:31:19',543),(212,'\0','\0',2,'2014-01-30 17:31:19',0.00,70000.00,212,'Pembelian','','2014-01-30 17:31:19',543),(213,'\0','\0',2,'2014-01-30 17:31:19',0.00,40000.00,213,'Pembelian','','2014-01-30 17:31:19',543),(214,'\0','\0',2,'2014-01-30 17:31:19',0.00,45000.00,214,'Pembelian','','2014-01-30 17:31:19',543),(215,'\0','\0',2,'2014-01-30 17:31:19',0.00,45000.00,215,'Pembelian','','2014-01-30 17:31:19',543),(216,'\0','\0',2,'2014-01-30 17:31:19',0.00,48000.00,216,'Pembelian','','2014-01-30 17:31:19',543),(217,'\0','\0',2,'2014-01-30 17:31:19',0.00,133000.00,217,'Pembelian','','2014-01-30 17:31:19',543),(218,'\0','\0',2,'2014-01-30 17:31:19',0.00,84000.00,218,'Pembelian','','2014-01-30 17:31:19',543),(219,'\0','\0',2,'2014-01-30 17:31:19',0.00,90000.00,219,'Pembelian','','2014-01-30 17:31:19',543),(220,'\0','\0',2,'2014-01-30 17:31:19',0.00,60000.00,220,'Pembelian','','2014-01-30 17:31:19',543),(221,'\0','\0',2,'2014-01-30 17:31:19',0.00,70000.00,221,'Pembelian','','2014-01-30 17:31:19',543),(222,'\0','\0',2,'2014-01-30 17:31:19',0.00,350000.00,222,'Pembelian','','2014-01-30 17:31:19',543),(223,'\0','\0',2,'2014-01-30 17:31:19',0.00,72000.00,223,'Pembelian','','2014-01-30 17:31:19',543),(224,'\0','\0',2,'2014-01-30 17:31:19',0.00,66000.00,224,'Pembelian','','2014-01-30 17:31:19',543),(225,'\0','\0',2,'2014-01-30 17:31:19',0.00,79500.00,225,'Pembelian','','2014-01-30 17:31:19',543),(226,'\0','\0',2,'2014-01-30 17:44:34',0.00,116400.00,226,'Pembelian','','2014-01-30 17:44:34',543),(227,'\0','\0',2,'2014-01-30 17:44:34',0.00,93000.00,227,'Pembelian','','2014-01-30 17:44:34',543),(228,'\0','\0',2,'2014-01-30 17:44:34',0.00,24000.00,228,'Pembelian','','2014-01-30 17:44:34',543),(229,'\0','\0',2,'2014-01-30 17:44:34',0.00,21000.00,229,'Pembelian','','2014-01-30 17:44:34',543),(230,'\0','\0',2,'2014-01-30 17:44:34',0.00,10800.00,230,'Pembelian','','2014-01-30 17:44:34',543),(231,'\0','\0',2,'2014-01-30 17:44:34',0.00,18000.00,231,'Pembelian','','2014-01-30 17:44:34',543),(232,'\0','\0',2,'2014-01-30 17:44:34',0.00,0.00,232,'Pembelian','','2014-01-30 17:44:34',543),(233,'\0','\0',2,'2014-01-30 17:54:09',0.00,14400.00,233,'Pembelian','','2014-01-30 17:54:09',543),(234,'\0','\0',4,'2014-01-30 18:09:46',0.00,63000.00,234,'Pembelian','','2014-01-30 18:09:46',543),(235,'\0','\0',4,'2014-01-30 18:09:46',0.00,33600.00,235,'Pembelian','','2014-01-30 18:09:46',543),(236,'\0','\0',4,'2014-01-30 18:09:46',0.00,25200.00,236,'Pembelian','','2014-01-30 18:09:46',543),(237,'\0','\0',4,'2014-01-30 18:09:46',0.00,24500.00,237,'Pembelian','','2014-01-30 18:09:46',543),(238,'\0','\0',4,'2014-01-30 18:33:00',0.00,84000.00,238,'Pembelian','','2014-01-30 18:33:00',543),(239,'\0','\0',4,'2014-01-30 18:33:00',0.00,28000.00,239,'Pembelian','','2014-01-30 18:33:00',543),(240,'\0','\0',4,'2014-01-30 18:33:00',0.00,8400.00,240,'Pembelian','','2014-01-30 18:33:00',543),(241,'\0','\0',4,'2014-01-30 18:33:00',0.00,18900.00,241,'Pembelian','','2014-01-30 18:33:00',543),(242,'\0','\0',4,'2014-01-30 18:33:00',0.00,18900.00,242,'Pembelian','','2014-01-30 18:33:00',543),(243,'\0','\0',4,'2014-01-30 18:33:00',0.00,19600.00,243,'Pembelian','','2014-01-30 18:33:00',543),(244,'\0','\0',4,'2014-01-30 18:33:00',0.00,12600.00,244,'Pembelian','','2014-01-30 18:33:00',543),(250,'\0','\0',5,'2014-01-30 18:51:07',2000.00,0.00,6,'Penjualan','','2014-01-30 18:51:07',410),(251,'\0','\0',5,'2014-01-30 18:53:10',7000.00,0.00,7,'Penjualan','','2014-01-30 18:53:10',410),(252,'\0','\0',4,'2014-01-31 07:06:48',0.00,34650.00,245,'Pembelian','','2014-01-31 07:06:48',543),(253,'\0','\0',4,'2014-01-31 07:11:59',0.00,0.00,246,'Pembelian','','2014-01-31 07:11:59',543),(254,'\0','\0',4,'2014-02-01 07:24:07',0.00,21700.00,247,'Pembelian','','2014-02-01 07:24:07',543),(255,'\0','\0',4,'2014-02-01 07:41:02',55500.00,0.00,8,'Penjualan','','2014-02-01 07:41:02',410),(256,'\0','\0',4,'2014-02-01 08:05:41',0.00,52500.00,248,'Pembelian','','2014-02-01 08:05:41',543),(257,'\0','\0',4,'2014-02-01 08:21:31',0.00,46200.00,249,'Pembelian','','2014-02-01 08:21:31',543),(258,'\0','\0',4,'2014-02-01 08:21:31',0.00,30800.00,250,'Pembelian','','2014-02-01 08:21:31',543),(259,'\0','\0',4,'2014-02-01 10:46:53',0.00,37800.00,251,'Pembelian','','2014-02-01 10:46:53',543),(260,'\0','\0',4,'2014-02-01 10:46:53',0.00,29400.00,252,'Pembelian','','2014-02-01 10:46:53',543),(261,'\0','\0',4,'2014-02-01 10:46:53',0.00,21000.00,253,'Pembelian','','2014-02-01 10:46:53',543),(262,'\0','\0',4,'2014-02-01 10:46:53',0.00,21000.00,254,'Pembelian','','2014-02-01 10:46:53',543),(263,'\0','\0',4,'2014-02-01 10:46:53',0.00,19250.00,255,'Pembelian','','2014-02-01 10:46:53',543),(264,'\0','\0',4,'2014-02-01 10:46:53',0.00,19250.00,256,'Pembelian','','2014-02-01 10:46:53',543),(265,'\0','\0',4,'2014-02-01 10:46:53',0.00,29750.00,257,'Pembelian','','2014-02-01 10:46:53',543),(266,'\0','\0',4,'2014-02-01 10:46:53',0.00,10500.00,258,'Pembelian','','2014-02-01 10:46:53',543),(267,'\0','\0',4,'2014-02-01 10:46:53',0.00,12600.00,259,'Pembelian','','2014-02-01 10:46:53',543),(268,'\0','\0',4,'2014-02-01 10:46:53',0.00,25200.00,260,'Pembelian','','2014-02-01 10:46:53',543),(269,'\0','\0',4,'2014-02-01 10:46:53',0.00,21000.00,261,'Pembelian','','2014-02-01 10:46:53',543),(270,'\0','\0',4,'2014-02-01 10:46:53',0.00,21000.00,262,'Pembelian','','2014-02-01 10:46:53',543),(271,'\0','\0',4,'2014-02-01 10:46:53',0.00,25200.00,263,'Pembelian','','2014-02-01 10:46:53',543),(272,'\0','\0',4,'2014-02-01 10:46:53',0.00,21000.00,264,'Pembelian','','2014-02-01 10:46:53',543),(273,'\0','\0',4,'2014-02-01 10:46:53',0.00,50400.00,265,'Pembelian','','2014-02-01 10:46:53',543),(274,'\0','\0',4,'2014-02-01 10:46:53',0.00,12600.00,266,'Pembelian','','2014-02-01 10:46:53',543),(275,'\0','\0',4,'2014-02-01 10:46:53',0.00,31500.00,267,'Pembelian','','2014-02-01 10:46:53',543),(276,'\0','\0',4,'2014-02-01 10:46:53',0.00,25200.00,268,'Pembelian','','2014-02-01 10:46:53',543),(277,'\0','\0',4,'2014-02-01 10:46:53',0.00,50400.00,269,'Pembelian','','2014-02-01 10:46:53',543),(278,'\0','\0',4,'2014-02-01 10:46:53',0.00,50400.00,270,'Pembelian','','2014-02-01 10:46:53',543),(279,'\0','\0',4,'2014-02-01 10:46:53',0.00,31500.00,271,'Pembelian','','2014-02-01 10:46:53',543),(280,'\0','\0',4,'2014-02-01 10:46:53',0.00,12600.00,272,'Pembelian','','2014-02-01 10:46:53',543),(281,'\0','\0',4,'2014-02-01 10:46:53',0.00,12950.00,273,'Pembelian','','2014-02-01 10:46:53',543),(282,'\0','\0',4,'2014-02-01 10:46:53',0.00,7000.00,274,'Pembelian','','2014-02-01 10:46:53',543),(283,'\0','\0',4,'2014-02-01 10:49:19',6000.00,0.00,9,'Penjualan','','2014-02-01 10:49:19',410),(284,'\0','\0',4,'2014-02-01 10:56:07',20000.00,0.00,10,'Penjualan','','2014-02-01 10:56:07',410),(285,'\0','\0',4,'2014-02-01 10:56:07',15000.00,0.00,11,'Penjualan','','2014-02-01 10:56:07',410),(286,'\0','\0',4,'2014-02-01 11:00:10',6000.00,0.00,12,'Penjualan','','2014-02-01 11:00:10',410),(287,'\0','\0',4,'2014-02-01 11:00:10',5500.00,0.00,13,'Penjualan','','2014-02-01 11:00:10',410),(288,'\0','\0',5,'2014-02-01 12:35:04',0.00,25200.00,275,'Pembelian','','2014-02-01 12:35:04',543),(289,'\0','\0',5,'2014-02-01 12:35:04',0.00,21000.00,276,'Pembelian','','2014-02-01 12:35:04',543),(290,'\0','\0',5,'2014-02-01 12:36:14',3500.00,0.00,14,'Penjualan','','2014-02-01 12:36:14',410),(291,'\0','\0',5,'2014-02-01 12:38:30',12000.00,0.00,15,'Penjualan','','2014-02-01 12:38:30',410),(292,'\0','\0',5,'2014-02-01 12:58:58',0.00,19600.00,277,'Pembelian','','2014-02-01 12:58:58',543),(293,'\0','\0',5,'2014-02-01 12:58:58',0.00,35000.00,278,'Pembelian','','2014-02-01 12:58:58',543),(294,'\0','\0',5,'2014-02-01 12:58:58',0.00,10500.00,279,'Pembelian','','2014-02-01 12:58:58',543),(295,'\0','\0',5,'2014-02-01 12:58:58',0.00,21000.00,280,'Pembelian','','2014-02-01 12:58:58',543),(296,'\0','\0',5,'2014-02-01 12:58:58',0.00,25200.00,281,'Pembelian','','2014-02-01 12:58:58',543),(297,'\0','\0',5,'2014-02-01 13:02:05',6000.00,0.00,16,'Penjualan','','2014-02-01 13:02:05',410),(298,'\0','\0',5,'2014-02-01 13:02:05',3500.00,0.00,17,'Penjualan','','2014-02-01 13:02:05',410),(299,'\0','\0',5,'2014-02-01 13:02:05',3000.00,0.00,18,'Penjualan','','2014-02-01 13:02:05',410),(300,'\0','\0',5,'2014-02-01 13:02:05',4000.00,0.00,19,'Penjualan','','2014-02-01 13:02:05',410),(301,'\0','\0',5,'2014-02-01 13:02:05',12500.00,0.00,20,'Penjualan','','2014-02-01 13:02:05',410),(302,'\0','\0',5,'2014-02-01 13:54:16',0.00,7350.00,282,'Pembelian','','2014-02-01 13:54:16',543),(303,'\0','\0',5,'2014-02-01 13:54:16',0.00,12600.00,283,'Pembelian','','2014-02-01 13:54:16',543),(304,'\0','\0',5,'2014-02-01 13:54:16',0.00,12600.00,284,'Pembelian','','2014-02-01 13:54:16',543),(305,'\0','\0',5,'2014-02-01 13:54:16',0.00,16800.00,285,'Pembelian','','2014-02-01 13:54:16',543),(306,'\0','\0',5,'2014-02-01 13:54:16',0.00,38850.00,286,'Pembelian','','2014-02-01 13:54:16',543),(307,'\0','\0',5,'2014-02-01 13:54:16',0.00,38850.00,287,'Pembelian','','2014-02-01 13:54:16',543),(308,'\0','\0',5,'2014-02-01 13:54:16',0.00,38850.00,288,'Pembelian','','2014-02-01 13:54:16',543),(309,'\0','\0',5,'2014-02-01 13:54:16',0.00,38850.00,289,'Pembelian','','2014-02-01 13:54:16',543),(310,'\0','\0',5,'2014-02-01 13:54:16',0.00,38850.00,290,'Pembelian','','2014-02-01 13:54:16',543),(311,'\0','\0',5,'2014-02-01 13:54:16',0.00,7000.00,291,'Pembelian','','2014-02-01 13:54:16',543),(312,'\0','\0',5,'2014-02-01 13:54:16',0.00,14000.00,292,'Pembelian','','2014-02-01 13:54:16',543),(313,'\0','\0',5,'2014-02-01 13:54:16',0.00,100800.00,293,'Pembelian','','2014-02-01 13:54:16',543),(314,'\0','\0',5,'2014-02-01 13:54:16',0.00,18900.00,294,'Pembelian','','2014-02-01 13:54:16',543),(315,'\0','\0',5,'2014-02-01 13:54:16',0.00,27300.00,295,'Pembelian','','2014-02-01 13:54:16',543),(316,'\0','\0',5,'2014-02-01 13:54:16',0.00,25200.00,296,'Pembelian','','2014-02-01 13:54:16',543),(317,'\0','\0',5,'2014-02-01 13:54:16',0.00,14000.00,297,'Pembelian','','2014-02-01 13:54:16',543),(318,'\0','\0',5,'2014-02-01 13:54:16',0.00,16800.00,298,'Pembelian','','2014-02-01 13:54:16',543),(319,'\0','\0',5,'2014-02-01 13:54:16',0.00,15400.00,299,'Pembelian','','2014-02-01 13:54:16',543),(320,'\0','\0',5,'2014-02-01 13:54:16',0.00,15750.00,300,'Pembelian','','2014-02-01 13:54:16',543),(321,'\0','\0',5,'2014-02-01 13:54:16',0.00,9450.00,301,'Pembelian','','2014-02-01 13:54:16',543),(322,'\0','\0',5,'2014-02-01 13:54:16',0.00,24500.00,302,'Pembelian','','2014-02-01 13:54:16',543),(323,'\0','\0',5,'2014-02-01 14:04:48',0.00,28350.00,303,'Pembelian','','2014-02-01 14:04:48',543),(324,'\0','\0',5,'2014-02-01 14:04:48',0.00,28350.00,304,'Pembelian','','2014-02-01 14:04:48',543),(325,'\0','\0',5,'2014-02-01 14:10:33',0.00,29400.00,305,'Pembelian','','2014-02-01 14:10:33',543),(326,'\0','\0',5,'2014-02-01 14:27:18',0.00,24150.00,306,'Pembelian','','2014-02-01 14:27:18',543),(327,'\0','\0',5,'2014-02-01 14:27:18',0.00,21000.00,307,'Pembelian','','2014-02-01 14:27:18',543),(328,'\0','\0',5,'2014-02-01 14:27:18',0.00,84000.00,308,'Pembelian','','2014-02-01 14:27:18',543),(329,'\0','\0',5,'2014-02-01 14:27:18',0.00,17850.00,309,'Pembelian','','2014-02-01 14:27:18',543),(330,'\0','\0',5,'2014-02-01 14:27:18',0.00,29400.00,310,'Pembelian','','2014-02-01 14:27:18',543),(331,'\0','\0',5,'2014-02-01 14:27:18',0.00,14700.00,311,'Pembelian','','2014-02-01 14:27:18',543),(332,'\0','\0',5,'2014-02-01 14:49:16',0.00,25200.00,312,'Pembelian','','2014-02-01 14:49:16',543),(333,'\0','\0',5,'2014-02-01 14:49:16',0.00,19600.00,313,'Pembelian','','2014-02-01 14:49:16',543),(334,'\0','\0',5,'2014-02-01 14:53:16',28000.00,0.00,21,'Penjualan','','2014-02-01 14:53:16',410),(335,'\0','\0',5,'2014-02-01 15:03:06',4000.00,0.00,22,'Penjualan','','2014-02-01 15:03:06',410),(336,'\0','\0',5,'2014-02-01 15:04:28',7000.00,0.00,23,'Penjualan','','2014-02-01 15:04:28',410),(337,'\0','\0',5,'2014-02-01 15:58:14',0.00,45500.00,314,'Pembelian','','2014-02-01 15:58:14',543),(338,'\0','\0',5,'2014-02-01 15:58:14',0.00,63700.00,315,'Pembelian','','2014-02-01 15:58:14',543),(339,'\0','\0',5,'2014-02-01 15:58:14',0.00,100100.00,316,'Pembelian','','2014-02-01 15:58:14',543),(340,'\0','\0',5,'2014-02-01 15:58:14',0.00,19600.00,317,'Pembelian','','2014-02-01 15:58:14',543),(341,'\0','\0',5,'2014-02-01 15:58:14',0.00,14700.00,318,'Pembelian','','2014-02-01 15:58:14',543),(342,'\0','\0',5,'2014-02-01 15:58:14',0.00,2450.00,319,'Pembelian','','2014-02-01 15:58:14',543),(343,'\0','\0',5,'2014-02-01 15:58:14',0.00,9800.00,320,'Pembelian','','2014-02-01 15:58:14',543),(344,'\0','\0',5,'2014-02-01 15:58:14',0.00,27940.00,321,'Pembelian','','2014-02-01 15:58:14',543),(345,'\0','\0',5,'2014-02-01 16:07:19',0.00,14700.00,322,'Pembelian','','2014-02-01 16:07:19',543),(346,'\0','\0',5,'2014-02-01 16:07:19',0.00,7350.00,323,'Pembelian','','2014-02-01 16:07:19',543),(347,'\0','\0',5,'2014-02-01 16:07:19',0.00,2540.00,324,'Pembelian','','2014-02-01 16:07:19',543),(348,'\0','\0',5,'2014-02-01 16:14:47',0.00,19950.00,325,'Pembelian','','2014-02-01 16:14:47',543),(349,'\0','\0',5,'2014-02-01 16:15:21',9500.00,0.00,24,'Penjualan','','2014-02-01 16:15:21',410),(350,'\0','\0',5,'2014-02-01 16:28:59',0.00,33600.00,326,'Pembelian','','2014-02-01 16:28:59',543),(351,'\0','\0',5,'2014-02-01 16:54:54',0.00,43750.00,327,'Pembelian','','2014-02-01 16:54:54',543),(352,'\0','\0',5,'2014-02-01 16:54:54',0.00,37800.00,328,'Pembelian','','2014-02-01 16:54:54',543),(353,'\0','\0',5,'2014-02-01 16:54:54',0.00,19250.00,329,'Pembelian','','2014-02-01 16:54:54',543),(354,'\0','\0',5,'2014-02-01 16:54:54',0.00,34650.00,330,'Pembelian','','2014-02-01 16:54:54',543),(355,'\0','\0',5,'2014-02-01 16:54:54',0.00,42000.00,331,'Pembelian','','2014-02-01 16:54:54',543),(356,'\0','\0',5,'2014-02-01 16:54:54',0.00,42000.00,332,'Pembelian','','2014-02-01 16:54:54',543),(357,'\0','\0',5,'2014-02-01 17:15:51',0.00,33600.00,333,'Pembelian','','2014-02-01 17:15:51',543),(358,'\0','\0',5,'2014-02-01 17:15:51',0.00,11550.00,334,'Pembelian','','2014-02-01 17:15:51',543),(359,'\0','\0',5,'2014-02-01 17:15:51',0.00,11550.00,335,'Pembelian','','2014-02-01 17:15:51',543),(360,'\0','\0',5,'2014-02-01 17:15:51',0.00,11550.00,336,'Pembelian','','2014-02-01 17:15:51',543),(361,'\0','\0',5,'2014-02-01 17:15:51',0.00,11550.00,337,'Pembelian','','2014-02-01 17:15:51',543),(362,'\0','\0',5,'2014-02-01 17:15:51',0.00,42000.00,338,'Pembelian','','2014-02-01 17:15:51',543),(363,'\0','\0',5,'2014-02-01 17:15:51',0.00,42000.00,339,'Pembelian','','2014-02-01 17:15:51',543),(364,'\0','\0',5,'2014-02-01 17:15:51',0.00,84000.00,340,'Pembelian','','2014-02-01 17:15:51',543),(365,'\0','\0',5,'2014-02-01 17:46:22',0.00,29400.00,341,'Pembelian','','2014-02-01 17:46:22',543),(366,'\0','\0',5,'2014-02-01 17:46:22',0.00,11550.00,342,'Pembelian','','2014-02-01 17:46:22',543),(367,'\0','\0',5,'2014-02-01 17:46:22',0.00,50400.00,343,'Pembelian','','2014-02-01 17:46:22',543),(368,'\0','\0',5,'2014-02-01 17:46:22',0.00,25200.00,344,'Pembelian','','2014-02-01 17:46:22',543),(369,'\0','\0',5,'2014-02-01 17:46:22',0.00,25200.00,345,'Pembelian','','2014-02-01 17:46:22',543),(370,'\0','\0',5,'2014-02-01 17:46:22',0.00,14000.00,346,'Pembelian','','2014-02-01 17:46:22',543),(371,'\0','\0',5,'2014-02-01 17:46:22',0.00,11200.00,347,'Pembelian','','2014-02-01 17:46:22',543),(372,'\0','\0',5,'2014-02-01 17:46:22',0.00,11200.00,348,'Pembelian','','2014-02-01 17:46:22',543),(373,'\0','\0',5,'2014-02-01 17:46:22',0.00,33600.00,349,'Pembelian','','2014-02-01 17:46:22',543),(374,'\0','\0',5,'2014-02-01 17:46:22',0.00,27300.00,350,'Pembelian','','2014-02-01 17:46:22',543),(375,'\0','\0',5,'2014-02-01 17:46:22',0.00,27300.00,351,'Pembelian','','2014-02-01 17:46:22',543),(376,'\0','\0',5,'2014-02-01 17:46:22',0.00,11550.00,352,'Pembelian','','2014-02-01 17:46:22',543),(377,'\0','\0',5,'2014-02-01 17:46:22',0.00,7700.00,353,'Pembelian','','2014-02-01 17:46:22',543),(378,'\0','\0',5,'2014-02-01 17:46:22',0.00,31500.00,354,'Pembelian','','2014-02-01 17:46:22',543),(379,'\0','\0',5,'2014-02-01 17:46:22',0.00,3850.00,355,'Pembelian','','2014-02-01 17:46:22',543),(380,'\0','\0',5,'2014-02-01 18:06:34',0.00,23100.00,356,'Pembelian','','2014-02-01 18:06:34',543),(381,'\0','\0',4,'2014-02-01 18:40:48',0.00,14700.00,357,'Pembelian','','2014-02-01 18:40:48',543);
/*!40000 ALTER TABLE `accounts` ENABLE KEYS */;
UNLOCK TABLES;

--
-- Table structure for table `companies`
--

DROP TABLE IF EXISTS `companies`;
/*!40101 SET @saved_cs_client     = @@character_set_client */;
/*!40101 SET character_set_client = utf8 */;
CREATE TABLE `companies` (
  `ID` int(11) NOT NULL AUTO_INCREMENT,
  `DELETED` bit(1) NOT NULL,
  `DISABLED` bit(1) NOT NULL,
  `LAST_UPDATED_BY` int(11) NOT NULL,
  `LAST_UPDATED_TIMESTAMP` datetime NOT NULL,
  `ADDRESS` varchar(255) NOT NULL,
  `FAX` varchar(255) DEFAULT NULL,
  `NAME` varchar(255) NOT NULL,
  `PHONE_1` varchar(255) DEFAULT NULL,
  `PHONE_2` varchar(255) DEFAULT NULL,
  PRIMARY KEY (`ID`),
  UNIQUE KEY `NAME` (`NAME`)
) ENGINE=InnoDB AUTO_INCREMENT=2 DEFAULT CHARSET=latin1;
/*!40101 SET character_set_client = @saved_cs_client */;

--
-- Dumping data for table `companies`
--

LOCK TABLES `companies` WRITE;
/*!40000 ALTER TABLE `companies` DISABLE KEYS */;
INSERT INTO `companies` VALUES (1,'\0','\0',0,'2014-01-01 18:43:02','Mini Market SPBU 24-307-24 KM. 30','08127849981','Minimarket KK','0711515904',NULL);
/*!40000 ALTER TABLE `companies` ENABLE KEYS */;
UNLOCK TABLES;

--
-- Table structure for table `customers`
--

DROP TABLE IF EXISTS `customers`;
/*!40101 SET @saved_cs_client     = @@character_set_client */;
/*!40101 SET character_set_client = utf8 */;
CREATE TABLE `customers` (
  `ID` int(11) NOT NULL AUTO_INCREMENT,
  `DELETED` bit(1) NOT NULL,
  `DISABLED` bit(1) NOT NULL,
  `LAST_UPDATED_BY` int(11) NOT NULL,
  `LAST_UPDATED_TIMESTAMP` datetime NOT NULL,
  `ADDRESS` varchar(255) DEFAULT NULL,
  `CODE` varchar(255) NOT NULL,
  `DESCRIPTION` varchar(255) DEFAULT NULL,
  `EMAIL` varchar(255) DEFAULT NULL,
  `NAME` varchar(255) NOT NULL,
  `PHONE` varchar(255) DEFAULT NULL,
  PRIMARY KEY (`ID`),
  UNIQUE KEY `CODE` (`CODE`),
  UNIQUE KEY `NAME` (`NAME`)
) ENGINE=InnoDB DEFAULT CHARSET=latin1;
/*!40101 SET character_set_client = @saved_cs_client */;

--
-- Dumping data for table `customers`
--

LOCK TABLES `customers` WRITE;
/*!40000 ALTER TABLE `customers` DISABLE KEYS */;
INSERT INTO `customers` VALUES (0,'\0','\0',1,'2014-01-18 22:29:05','Umum','CUST-0001','UNTUK SEMUA CUSTOMER YANG TIDAK ADA NAMA','-','UMUM','-');
/*!40000 ALTER TABLE `customers` ENABLE KEYS */;
UNLOCK TABLES;

--
-- Table structure for table `discount`
--

DROP TABLE IF EXISTS `discount`;
/*!40101 SET @saved_cs_client     = @@character_set_client */;
/*!40101 SET character_set_client = utf8 */;
CREATE TABLE `discount` (
  `ID` int(11) NOT NULL AUTO_INCREMENT,
  `DELETED` bit(1) NOT NULL,
  `DISABLED` bit(1) NOT NULL,
  `LAST_UPDATED_BY` int(11) NOT NULL,
  `LAST_UPDATED_TIMESTAMP` datetime NOT NULL,
  `DISCOUNT_PERCENT` decimal(19,2) DEFAULT NULL,
  `QUANTITY` int(11) NOT NULL,
  `ITEM_ID` int(11) NOT NULL,
  PRIMARY KEY (`ID`),
  UNIQUE KEY `QUANTITY` (`QUANTITY`),
  KEY `FK3EEE6541EC3CEFBA` (`ITEM_ID`),
  CONSTRAINT `FK3EEE6541EC3CEFBA` FOREIGN KEY (`ITEM_ID`) REFERENCES `items` (`ID`)
) ENGINE=InnoDB DEFAULT CHARSET=latin1;
/*!40101 SET character_set_client = @saved_cs_client */;

--
-- Dumping data for table `discount`
--

LOCK TABLES `discount` WRITE;
/*!40000 ALTER TABLE `discount` DISABLE KEYS */;
/*!40000 ALTER TABLE `discount` ENABLE KEYS */;
UNLOCK TABLES;

--
-- Table structure for table `item_groups`
--

DROP TABLE IF EXISTS `item_groups`;
/*!40101 SET @saved_cs_client     = @@character_set_client */;
/*!40101 SET character_set_client = utf8 */;
CREATE TABLE `item_groups` (
  `ID` int(11) NOT NULL AUTO_INCREMENT,
  `DELETED` bit(1) NOT NULL,
  `DISABLED` bit(1) NOT NULL,
  `LAST_UPDATED_BY` int(11) NOT NULL,
  `LAST_UPDATED_TIMESTAMP` datetime NOT NULL,
  `NAME` varchar(255) NOT NULL,
  PRIMARY KEY (`ID`),
  UNIQUE KEY `NAME` (`NAME`)
) ENGINE=InnoDB DEFAULT CHARSET=latin1;
/*!40101 SET character_set_client = @saved_cs_client */;

--
-- Dumping data for table `item_groups`
--

LOCK TABLES `item_groups` WRITE;
/*!40000 ALTER TABLE `item_groups` DISABLE KEYS */;
/*!40000 ALTER TABLE `item_groups` ENABLE KEYS */;
UNLOCK TABLES;

--
-- Table structure for table `item_stocks`
--

DROP TABLE IF EXISTS `item_stocks`;
/*!40101 SET @saved_cs_client     = @@character_set_client */;
/*!40101 SET character_set_client = utf8 */;
CREATE TABLE `item_stocks` (
  `ID` int(11) NOT NULL AUTO_INCREMENT,
  `DELETED` bit(1) NOT NULL,
  `DISABLED` bit(1) NOT NULL,
  `LAST_UPDATED_BY` int(11) NOT NULL,
  `LAST_UPDATED_TIMESTAMP` datetime NOT NULL,
  `BUY_PRICE` decimal(19,2) NOT NULL,
  `HPP` decimal(19,2) NOT NULL,
  `MINIMUM_STOCK` int(11) NOT NULL,
  `SELL_PRICE` decimal(19,2) NOT NULL,
  `STOCK` int(11) NOT NULL,
  `UNIT` varchar(255) NOT NULL,
  `ITEM_ID` int(11) NOT NULL,
  PRIMARY KEY (`ID`),
  KEY `FK6535EC9EC3CEFBA` (`ITEM_ID`),
  CONSTRAINT `FK6535EC9EC3CEFBA` FOREIGN KEY (`ITEM_ID`) REFERENCES `items` (`ID`)
) ENGINE=InnoDB AUTO_INCREMENT=372 DEFAULT CHARSET=latin1;
/*!40101 SET character_set_client = @saved_cs_client */;

--
-- Dumping data for table `item_stocks`
--

LOCK TABLES `item_stocks` WRITE;
/*!40000 ALTER TABLE `item_stocks` DISABLE KEYS */;
INSERT INTO `item_stocks` VALUES (1,'\0','\0',4,'2014-02-01 07:26:28',4212.00,0.00,0,7000.00,6,'PCS',1),(2,'\0','\0',2,'2014-01-27 15:50:57',4212.00,0.00,0,7000.00,6,'PCS',2),(3,'\0','\0',2,'2014-01-27 15:52:36',4212.00,0.00,0,7000.00,9,'PCS',3),(4,'\0','\0',2,'2014-01-27 15:53:55',4212.00,0.00,0,7000.00,6,'PCS',4),(5,'\0','\0',1,'2014-01-30 14:34:45',4000.00,0.00,0,9000.00,61,'BOTOL',5),(6,'\0','\0',2,'2014-01-27 16:02:01',891.00,0.00,0,2000.00,40,'BKS',6),(7,'\0','\0',2,'2014-01-27 16:08:41',3545.00,0.00,0,5000.00,5,'PCS',7),(8,'\0','\0',2,'2014-01-27 16:11:34',327310.00,0.00,0,5000.00,5,'pcs',8),(9,'\0','\0',2,'2014-01-27 16:13:54',636.00,0.00,0,2000.00,10,'PCS',9),(10,'\0','\0',2,'2014-01-27 16:15:57',418.00,0.00,0,2000.00,10,'PCS',10),(11,'\0','\0',2,'2014-01-27 16:20:19',5600.00,0.00,0,6500.00,1,'BKS',11),(12,'\0','\0',2,'2014-01-27 16:22:31',7900.00,0.00,0,9000.00,3,'BKS',12),(13,'\0','\0',2,'2014-01-27 16:24:10',0.00,0.00,0,6500.00,3,'BKS',13),(14,'\0','\0',2,'2014-01-27 16:30:10',10454.00,0.00,0,14000.00,6,'BKS',14),(15,'\0','\0',2,'2014-01-27 16:33:01',2045.00,0.00,0,4000.00,12,'PCS',15),(16,'\0','\0',2,'2014-01-27 17:24:48',2000.00,0.00,0,2500.00,6,'BKS',16),(17,'','\0',2,'2014-01-27 16:39:43',2000.00,0.00,0,2500.00,6,'BKS',17),(18,'\0','\0',2,'2014-01-27 17:25:30',2000.00,0.00,0,2500.00,12,'BKS',18),(19,'\0','\0',2,'2014-01-27 16:49:01',818.00,0.00,0,2000.00,12,'BKS',19),(20,'\0','\0',2,'2014-01-27 16:55:13',3500.00,0.00,0,5000.00,20,'PCS',20),(21,'\0','\0',2,'2014-01-27 16:59:38',0.00,0.00,0,3150.00,0,'BKS',21),(22,'\0','\0',2,'2014-01-27 17:35:31',4800.00,0.00,0,6000.00,11,'BKS',22),(23,'\0','\0',2,'2014-01-27 17:44:56',1375.00,0.00,0,2000.00,36,'BKS',23),(24,'\0','\0',2,'2014-01-27 17:47:12',1375.00,0.00,0,2000.00,36,'BKS',24),(25,'\0','\0',2,'2014-01-27 17:49:45',5000.00,0.00,0,7500.00,2,'BKS',25),(26,'\0','\0',2,'2014-01-27 17:52:07',5000.00,0.00,0,7500.00,2,'BKS',26),(27,'\0','\0',2,'2014-01-27 17:53:22',5000.00,0.00,0,7500.00,2,'BKS',27),(28,'\0','\0',2,'2014-01-27 17:55:12',4500.00,0.00,0,6500.00,14,'BKS',28),(29,'\0','\0',2,'2014-01-27 18:00:12',6000.00,0.00,0,8500.00,30,'BKS',29),(30,'\0','\0',2,'2014-01-27 18:02:28',6500.00,0.00,0,8500.00,10,'BKS',30),(31,'\0','\0',2,'2014-01-27 18:03:54',6500.00,0.00,0,8500.00,10,'BKS',31),(32,'\0','\0',2,'2014-01-27 18:06:21',0.00,0.00,0,8500.00,10,'BKS',32),(33,'\0','\0',2,'2014-01-27 18:09:50',9900.00,0.00,0,15000.00,12,'BTL',33),(34,'\0','\0',2,'2014-01-27 18:12:39',9900.00,0.00,0,15000.00,6,'BTL',34),(35,'\0','\0',2,'2014-01-27 18:15:41',4500.00,0.00,0,7000.00,59,'BTL',35),(36,'\0','\0',2,'2014-01-27 18:18:25',9900.00,0.00,0,15000.00,6,'BTL',36),(37,'\0','\0',2,'2014-01-27 18:20:07',3371.00,0.00,0,5500.00,33,'KALENG',37),(38,'\0','\0',2,'2014-01-27 18:24:27',3534.00,0.00,0,5500.00,8,'KALENG',38),(39,'\0','\0',2,'2014-01-27 18:26:49',6324.00,0.00,0,7000.00,21,'KALENG',39),(40,'\0','\0',2,'2014-01-27 18:28:56',3125.00,0.00,0,6000.00,48,'KALENG',40),(41,'\0','\0',2,'2014-01-27 18:31:39',5000.00,0.00,0,7000.00,24,'KALENG',41),(42,'\0','\0',2,'2014-01-27 18:33:50',5000.00,0.00,0,6000.00,5,'KALENG',42),(43,'\0','\0',2,'2014-01-27 18:35:16',2500.00,0.00,0,3000.00,23,'BTL',43),(44,'\0','\0',2,'2014-01-27 18:37:20',4379.00,0.00,0,7000.00,6,'BTL',44),(45,'\0','\0',2,'2014-01-27 18:39:20',4242.00,0.00,0,7000.00,12,'BTL',45),(46,'\0','\0',2,'2014-01-27 18:40:47',4379.00,0.00,0,7000.00,6,'BTL',46),(47,'\0','\0',2,'2014-01-27 18:42:43',0.00,0.00,0,6000.00,7,'BTL',47),(48,'\0','\0',2,'2014-01-28 13:48:45',7362.00,0.00,0,11000.00,12,'BKS',48),(49,'\0','\0',2,'2014-01-28 13:51:26',7262.00,0.00,0,10000.00,12,'BKS',49),(50,'\0','\0',2,'2014-01-28 13:52:49',7225.00,0.00,0,10000.00,10,'BKS',50),(51,'\0','\0',2,'2014-01-28 13:56:20',7225.00,0.00,0,10000.00,9,'BKS',51),(52,'\0','\0',2,'2014-01-28 13:59:09',4500.00,0.00,0,6000.00,12,'PCS',52),(53,'\0','\0',2,'2014-01-28 14:01:11',8000.00,0.00,0,10000.00,12,'KOTAK',53),(54,'\0','\0',2,'2014-01-28 14:04:00',8000.00,0.00,0,10000.00,12,'BKS',54),(55,'\0','\0',2,'2014-01-28 14:05:09',8000.00,0.00,0,10000.00,12,'BKS',55),(56,'\0','\0',2,'2014-01-28 14:13:31',8000.00,0.00,0,10000.00,12,'BKS',56),(57,'\0','\0',2,'2014-01-28 14:07:09',8000.00,0.00,0,10000.00,12,'BKS',57),(58,'\0','\0',2,'2014-01-28 14:08:17',8000.00,0.00,0,10000.00,11,'BKS',58),(59,'\0','\0',2,'2014-01-28 14:09:27',4500.00,0.00,0,6000.00,18,'KOTAK',59),(60,'\0','\0',2,'2014-01-28 14:11:24',7225.00,0.00,0,10000.00,10,'BKS',60),(61,'\0','\0',2,'2014-01-28 14:14:24',5925.00,0.00,0,8000.00,10,'BKS',61),(62,'\0','\0',2,'2014-01-28 14:15:48',4850.00,0.00,0,6500.00,15,'BKS',62),(63,'\0','\0',2,'2014-01-28 14:17:35',4850.00,0.00,0,6500.00,15,'bks',63),(64,'\0','\0',2,'2014-01-28 14:19:13',4617.00,0.00,0,6500.00,18,'BKS',64),(65,'\0','\0',2,'2014-01-28 14:20:29',6350.00,0.00,0,8500.00,15,'BKS',65),(66,'\0','\0',2,'2014-01-28 14:22:07',9362.00,0.00,0,12500.00,12,'BKS',66),(67,'\0','\0',2,'2014-01-28 14:23:30',8000.00,0.00,0,9500.00,10,'BKS',67),(68,'\0','\0',2,'2014-01-28 14:30:22',10875.00,0.00,0,14500.00,9,'BKS',68),(69,'\0','\0',2,'2014-01-28 14:28:42',0.00,0.00,0,14500.00,0,'BKS',69),(70,'\0','\0',2,'2014-01-28 14:32:09',5938.00,0.00,0,7500.00,11,'BKS',70),(71,'\0','\0',2,'2014-01-28 14:36:20',5512.00,0.00,0,7000.00,12,'BKS',71),(72,'\0','\0',2,'2014-01-28 14:38:11',5812.00,0.00,0,7500.00,12,'BKS',72),(73,'\0','\0',2,'2014-01-28 14:39:34',5812.00,0.00,0,7500.00,12,'BKS',73),(74,'\0','\0',2,'2014-01-28 14:41:17',14000.00,0.00,0,17500.00,19,'BKS',74),(75,'\0','\0',2,'2014-01-28 14:43:01',6249.00,0.00,0,8500.00,15,'BKS',75),(76,'\0','\0',2,'2014-01-28 14:44:18',5150.00,0.00,0,7500.00,15,'BKS',76),(77,'\0','\0',2,'2014-01-28 14:45:49',4800.00,0.00,0,6000.00,7,'bks',77),(78,'\0','\0',2,'2014-01-28 14:46:57',4800.00,0.00,0,6000.00,7,'BKS',78),(79,'\0','\0',2,'2014-01-28 14:48:03',0.00,0.00,0,6000.00,7,'BKS',79),(80,'\0','\0',2,'2014-01-28 14:53:29',1500.00,0.00,0,3000.00,40,'BOTOL',80),(81,'\0','\0',2,'2014-01-28 14:54:58',2000.00,0.00,0,3500.00,22,'BOTOL',81),(82,'\0','\0',2,'2014-01-28 14:56:32',4000.00,0.00,0,5500.00,25,'BTL',82),(83,'\0','\0',2,'2014-01-28 14:57:46',2500.00,0.00,0,5000.00,12,'BTL',83),(84,'\0','\0',2,'2014-01-28 14:58:36',4500.00,0.00,0,6000.00,12,'BTL',84),(85,'\0','\0',2,'2014-01-28 14:59:49',2200.00,0.00,0,3500.00,25,'KOTAK',85),(86,'\0','\0',2,'2014-01-28 15:01:06',2450.00,0.00,0,3500.00,46,'KOTAK',86),(87,'\0','\0',2,'2014-01-28 15:10:09',3000.00,0.00,0,4000.00,24,'BTL',87),(88,'\0','\0',2,'2014-01-28 15:11:22',3000.00,0.00,0,4000.00,24,'BTL',88),(89,'\0','\0',2,'2014-01-28 15:25:09',9362.00,0.00,0,12500.00,11,'BKS',89),(90,'\0','\0',2,'2014-01-28 15:26:24',9362.00,0.00,0,12500.00,12,'BKS',90),(91,'\0','\0',2,'2014-01-28 15:28:01',4000.00,0.00,0,5500.00,6,'BKS',91),(92,'\0','\0',2,'2014-01-28 15:29:43',4000.00,0.00,0,5500.00,3,'BKS',92),(93,'\0','\0',2,'2014-01-28 15:30:36',5000.00,0.00,0,7500.00,15,'BKS',93),(94,'\0','\0',2,'2014-01-28 15:32:11',4900.00,0.00,0,7500.00,15,'BKS',94),(95,'\0','\0',2,'2014-01-28 15:33:28',8500.00,0.00,0,11500.00,3,'KOTAK',95),(96,'\0','\0',2,'2014-01-28 15:34:56',850.00,0.00,0,1500.00,18,'PCS',96),(97,'\0','\0',2,'2014-01-28 15:36:17',4500.00,0.00,0,6500.00,3,'BKS',97),(98,'\0','\0',2,'2014-01-28 15:37:53',1500.00,0.00,0,2500.00,18,'PCS',98),(99,'\0','\0',2,'2014-01-28 15:41:33',8500.00,0.00,0,11500.00,3,'KOTAK',99),(100,'\0','\0',2,'2014-01-28 15:43:01',0.00,0.00,0,13500.00,3,'KOTAK',100),(101,'\0','\0',4,'2014-01-30 12:20:57',2500.00,0.00,0,4000.00,4,'BKS',101),(102,'\0','\0',4,'2014-01-30 12:23:08',2000.00,0.00,0,3000.00,6,'BKS',102),(103,'\0','\0',4,'2014-01-30 12:25:20',2500.00,0.00,0,4000.00,3,'BKS',103),(104,'\0','\0',4,'2014-02-01 07:33:22',2500.00,0.00,0,4000.00,3,'BKS',104),(105,'\0','\0',4,'2014-01-30 12:27:18',2000.00,0.00,0,3000.00,3,'BKS',105),(106,'\0','\0',4,'2014-01-30 12:29:31',2000.00,0.00,0,3000.00,5,'BKS',106),(107,'\0','\0',4,'2014-01-30 12:30:37',2000.00,0.00,0,3000.00,3,'BKS',107),(108,'\0','\0',4,'2014-01-30 12:31:29',3800.00,0.00,0,5000.00,3,'BKS',108),(109,'\0','\0',4,'2014-01-30 12:32:40',1800.00,0.00,0,2500.00,10,'BKS',109),(110,'\0','\0',4,'2014-01-30 12:33:40',2000.00,0.00,0,3000.00,3,'BKS',110),(111,'\0','\0',4,'2014-01-30 12:34:30',4000.00,0.00,0,5000.00,3,'BKS',111),(112,'\0','\0',4,'2014-01-30 12:35:30',3500.00,0.00,0,4500.00,0,'BKS',112),(113,'\0','\0',4,'2014-01-30 12:45:06',3700.00,0.00,0,5000.00,5,'BKS',113),(114,'\0','\0',4,'2014-01-30 12:48:14',2000.00,0.00,0,3000.00,9,'BKS',114),(115,'\0','\0',4,'2014-01-30 12:50:04',2000.00,0.00,0,3000.00,6,'BKS',115),(116,'\0','\0',4,'2014-01-30 12:52:01',2000.00,0.00,0,3000.00,7,'BKS',116),(117,'\0','\0',4,'2014-01-30 12:54:11',1500.00,0.00,0,2500.00,5,'BKS',117),(118,'\0','\0',4,'2014-01-30 12:56:29',13000.00,0.00,0,15000.00,1,'BKS',118),(119,'\0','\0',4,'2014-01-30 12:59:08',3000.00,0.00,0,4000.00,5,'BKS',119),(120,'\0','\0',4,'2014-01-30 13:00:59',2500.00,0.00,0,4000.00,12,'BKS',120),(121,'\0','\0',4,'2014-01-30 13:04:04',1400.00,0.00,0,2000.00,12,'BKS',121),(122,'\0','\0',4,'2014-01-30 13:04:53',2000.00,0.00,0,2500.00,7,'BKS',122),(123,'\0','\0',4,'2014-01-30 13:05:53',3500.00,0.00,0,4500.00,6,'BKS',123),(124,'\0','\0',4,'2014-01-30 13:07:04',3000.00,0.00,0,4000.00,4,'BKS',124),(125,'\0','\0',4,'2014-01-30 13:08:36',3000.00,0.00,0,4000.00,4,'BKS',125),(126,'\0','\0',4,'2014-01-30 13:09:16',3000.00,0.00,0,4000.00,4,'BKS',126),(127,'\0','\0',4,'2014-01-30 13:10:26',7000.00,0.00,0,9000.00,6,'PCS',127),(128,'\0','\0',4,'2014-01-30 13:11:54',2000.00,0.00,0,3000.00,10,'BKS',128),(129,'\0','\0',4,'2014-01-30 13:12:55',4500.00,0.00,0,6000.00,6,'BKS',129),(130,'\0','\0',4,'2014-01-30 13:13:54',4000.00,0.00,0,5000.00,6,'BKS',130),(131,'\0','\0',4,'2014-01-30 13:14:34',8000.00,0.00,0,10000.00,1,'BKS',131),(132,'\0','\0',4,'2014-01-30 13:15:15',7800.00,0.00,0,9000.00,1,'BKS',132),(133,'\0','\0',4,'2014-01-30 13:16:15',12800.00,0.00,0,15000.00,6,'PCS',133),(134,'\0','\0',4,'2014-01-30 13:17:23',15000.00,0.00,0,18000.00,3,'PCS',134),(135,'\0','\0',4,'2014-01-30 13:19:29',5500.00,0.00,0,7000.00,6,'PCS',135),(136,'\0','\0',4,'2014-01-30 13:20:56',0.00,0.00,0,13500.00,3,'BTL',136),(137,'\0','\0',1,'2014-01-30 15:01:43',11000.00,0.00,0,15000.00,31,'BKS',137),(138,'\0','\0',1,'2014-01-30 15:04:24',7000.00,0.00,0,10000.00,50,'BKS',138),(139,'\0','\0',1,'2014-01-30 15:08:13',6000.00,0.00,0,11000.00,30,'BKS',139),(140,'\0','\0',1,'2014-01-30 15:08:58',7000.00,0.00,0,13000.00,30,'BKS',140),(141,'\0','\0',1,'2014-01-30 15:10:04',7500.00,0.00,0,12000.00,40,'BKS',141),(142,'\0','\0',1,'2014-01-30 15:11:32',6000.00,0.00,0,11000.00,20,'BKS',142),(143,'\0','\0',1,'2014-01-30 15:12:39',9000.00,0.00,0,15000.00,20,'BKS',143),(144,'\0','\0',1,'2014-01-30 15:13:35',7500.00,0.00,0,11000.00,20,'BKS',144),(145,'\0','\0',1,'2014-01-30 15:14:37',7500.00,0.00,0,12000.00,40,'BKS',145),(146,'\0','\0',1,'2014-01-30 15:16:16',6000.00,0.00,0,8500.00,25,'BKS',146),(147,'\0','\0',1,'2014-01-30 15:17:36',8000.00,0.00,0,12500.00,24,'BKS',147),(148,'\0','\0',2,'2014-01-30 15:48:04',2000.00,0.00,0,3500.00,10,'PCS',148),(149,'\0','\0',2,'2014-01-30 15:49:35',14000.00,0.00,0,17000.00,6,'BTL',149),(150,'\0','\0',2,'2014-01-30 15:50:30',7700.00,0.00,0,9000.00,6,'BTL',150),(151,'\0','\0',2,'2014-01-30 15:51:24',4700.00,0.00,0,6000.00,6,'BTL',151),(152,'\0','\0',2,'2014-01-30 15:53:39',4500.00,0.00,0,5500.00,6,'BTL',152),(153,'\0','\0',2,'2014-01-30 15:55:27',7800.00,0.00,0,10000.00,3,'BTL',153),(154,'\0','\0',2,'2014-01-30 15:58:47',1500.00,0.00,0,2500.00,5,'BKS',154),(155,'\0','\0',2,'2014-01-30 16:00:37',1500.00,0.00,0,2500.00,5,'BKS',155),(156,'\0','\0',2,'2014-01-30 16:01:45',1500.00,0.00,0,2500.00,2,'BKS',156),(157,'\0','\0',2,'2014-01-30 16:03:19',1500.00,0.00,0,2500.00,3,'BKS',157),(158,'\0','\0',2,'2014-01-30 16:05:40',4500.00,0.00,0,5000.00,3,'BTL',158),(159,'\0','\0',2,'2014-01-30 16:06:57',4000.00,0.00,0,5000.00,6,'BKS',159),(160,'\0','\0',2,'2014-01-30 16:07:53',4800.00,0.00,0,6000.00,4,'BTL',160),(161,'\0','\0',2,'2014-01-30 16:08:54',6000.00,0.00,0,7500.00,5,'KOTAK',161),(162,'\0','\0',2,'2014-01-30 16:10:00',4800.00,0.00,0,6000.00,5,'BOX',162),(163,'\0','\0',2,'2014-01-30 16:11:08',6500.00,0.00,0,8000.00,3,'BTL',163),(164,'\0','\0',2,'2014-01-30 16:12:20',2000.00,0.00,0,3000.00,6,'PCS',164),(165,'\0','\0',2,'2014-01-30 16:13:16',4300.00,0.00,0,6000.00,6,'BTL',165),(166,'\0','\0',2,'2014-01-30 16:14:28',10000.00,0.00,0,12000.00,3,'BTL',166),(167,'\0','\0',2,'2014-01-30 16:15:26',16000.00,0.00,0,17500.00,1,'PCS',167),(168,'\0','\0',2,'2014-01-30 16:16:23',7500.00,0.00,0,9000.00,3,'PCS',168),(169,'\0','\0',2,'2014-01-30 16:17:57',3500.00,0.00,0,5000.00,6,'BTL',169),(170,'\0','\0',2,'2014-01-30 16:19:02',4000.00,0.00,0,5000.00,3,'BTL',170),(171,'\0','\0',2,'2014-01-30 16:20:27',6500.00,0.00,0,8000.00,3,'PCS',171),(172,'\0','\0',2,'2014-01-30 16:21:29',16500.00,0.00,0,22000.00,3,'PCS',172),(173,'\0','\0',2,'2014-01-30 16:23:48',3500.00,0.00,0,4500.00,3,'BT',173),(174,'\0','\0',2,'2014-01-30 16:24:50',6000.00,0.00,0,8000.00,3,'PCS',174),(175,'\0','\0',2,'2014-01-30 16:27:21',5000.00,0.00,0,6500.00,3,'BTL',175),(176,'\0','\0',2,'2014-01-30 16:28:34',3000.00,0.00,0,5000.00,3,'BTL',176),(177,'\0','\0',2,'2014-01-30 16:29:24',7500.00,0.00,0,10000.00,3,'PCS',177),(178,'\0','\0',2,'2014-01-30 16:31:00',4500.00,0.00,0,5500.00,3,'PCS',178),(179,'\0','\0',2,'2014-01-30 16:32:10',5500.00,0.00,0,7500.00,3,'PCS',179),(180,'\0','\0',2,'2014-01-30 16:33:20',7000.00,0.00,0,10000.00,3,'PCS',180),(181,'\0','\0',2,'2014-01-30 16:34:10',4000.00,0.00,0,5500.00,3,'PCS',181),(182,'\0','\0',2,'2014-01-30 16:34:50',5000.00,0.00,0,7500.00,3,'PCS',182),(183,'\0','\0',2,'2014-01-30 16:36:17',1500.00,0.00,0,2500.00,4,'BKS',183),(184,'\0','\0',2,'2014-01-30 16:37:07',1500.00,0.00,0,2500.00,4,'BKS',184),(185,'\0','\0',2,'2014-01-30 16:38:28',6000.00,0.00,0,9500.00,5,'ROLL',185),(186,'\0','\0',2,'2014-01-30 16:39:37',4000.00,0.00,0,7500.00,11,'ROLL',186),(187,'\0','\0',2,'2014-01-30 16:40:34',4500.00,0.00,0,8000.00,10,'ROLL',187),(188,'\0','\0',2,'2014-01-30 16:42:22',7500.00,0.00,0,12000.00,79,'BKS',188),(189,'\0','\0',2,'2014-01-30 16:45:57',3000.00,0.00,0,5000.00,30,'BKS',189),(190,'\0','\0',2,'2014-01-30 16:46:46',2000.00,0.00,0,3000.00,40,'BKS',190),(191,'\0','\0',2,'2014-01-30 16:47:28',10500.00,0.00,0,14000.00,10,'PCS',191),(192,'\0','\0',2,'2014-01-30 16:50:43',6000.00,0.00,0,7500.00,15,'PCS',192),(193,'\0','\0',2,'2014-01-30 16:52:39',1500.00,0.00,0,3000.00,50,'PCS',193),(194,'\0','\0',2,'2014-01-30 16:55:30',1200.00,0.00,0,2000.00,47,'PCS',194),(195,'\0','\0',2,'2014-01-30 16:56:36',3000.00,0.00,0,4000.00,48,'PCS ',195),(196,'\0','\0',2,'2014-01-30 16:57:54',2600.00,0.00,0,3500.00,24,'BKS',196),(197,'\0','\0',2,'2014-01-30 16:58:52',7000.00,0.00,0,10000.00,15,'BKS',197),(198,'\0','\0',2,'2014-01-30 16:59:57',5500.00,0.00,0,8000.00,6,'PCS',198),(199,'\0','\0',2,'2014-01-30 17:01:47',5500.00,0.00,0,8500.00,6,'BKS',199),(200,'\0','\0',2,'2014-01-30 17:03:42',5500.00,0.00,0,8500.00,2,'BKS',200),(201,'\0','\0',2,'2014-01-30 17:04:37',5500.00,0.00,0,8500.00,4,'BKS',201),(202,'\0','\0',2,'2014-01-30 17:05:27',3800.00,0.00,0,5500.00,12,'BKS',202),(203,'\0','\0',2,'2014-01-30 17:06:31',4000.00,0.00,0,6000.00,6,'BKS',203),(204,'\0','\0',2,'2014-01-30 17:07:20',4500.00,0.00,0,6000.00,12,'BKS',204),(205,'\0','\0',2,'2014-01-30 17:08:36',4500.00,0.00,0,6500.00,12,'BKS',205),(206,'\0','\0',2,'2014-01-30 17:09:24',3500.00,0.00,0,5000.00,12,'BKS ',206),(207,'\0','\0',2,'2014-01-30 17:10:13',5500.00,0.00,0,8000.00,6,'BKS',207),(208,'\0','\0',2,'2014-01-30 17:11:43',3500.00,0.00,0,5500.00,20,'BKS',208),(209,'\0','\0',2,'2014-01-30 17:12:58',4000.00,0.00,0,6000.00,10,'BKS',209),(210,'\0','\0',2,'2014-01-30 17:13:50',4500.00,0.00,0,6500.00,10,'BKS',210),(211,'\0','\0',2,'2014-01-30 17:15:16',4500.00,0.00,0,5500.00,10,'BKS',211),(212,'\0','\0',2,'2014-01-30 17:16:27',8000.00,0.00,0,11000.00,6,'BKS',212),(213,'\0','\0',2,'2014-01-30 17:17:40',7000.00,0.00,0,8500.00,19,'BKS',213),(214,'\0','\0',2,'2014-01-30 17:18:54',4200.00,0.00,0,5500.00,20,'BKS',214),(215,'\0','\0',2,'2014-01-30 17:19:58',15000.00,0.00,0,18500.00,6,'BKS',215),(216,'\0','\0',2,'2014-01-30 17:20:40',3000.00,0.00,0,4000.00,20,'BKS',216),(217,'\0','\0',2,'2014-01-30 17:22:12',3500.00,0.00,0,5000.00,20,'BKS',217),(218,'\0','\0',2,'2014-01-30 17:23:38',7000.00,0.00,0,9000.00,50,'BKS',218),(219,'\0','\0',2,'2014-01-30 17:25:36',3600.00,0.00,0,5000.00,20,'BKS',219),(220,'\0','\0',2,'2014-01-30 17:28:24',11000.00,0.00,0,14000.00,6,'BKS',220),(221,'\0','\0',2,'2014-01-30 17:29:14',2650.00,0.00,0,4000.00,29,'BKS',221),(222,'\0','\0',2,'2014-01-30 17:34:24',4850.00,0.00,0,7000.00,24,'KALENG',222),(223,'\0','\0',2,'2014-01-30 17:35:51',15500.00,0.00,0,18500.00,6,'BKS',223),(224,'\0','\0',2,'2014-01-30 17:37:59',4000.00,0.00,0,5500.00,6,'KOTAK',224),(225,'\0','\0',2,'2014-01-30 17:38:50',3500.00,0.00,0,5000.00,6,'KOTAK',225),(226,'\0','\0',2,'2014-01-30 17:45:00',900.00,0.00,0,1500.00,12,'BKS',226),(227,'\0','\0',2,'2014-01-30 17:41:19',1500.00,0.00,0,2500.00,12,'BKS',227),(228,'\0','\0',2,'2014-01-30 17:44:04',0.00,0.00,0,1500.00,12,'BKS',228),(229,'\0','\0',2,'2014-01-30 17:53:39',900.00,0.00,0,1500.00,16,'BKS',229),(230,'\0','\0',4,'2014-01-30 17:58:18',10500.00,0.00,0,13000.00,6,'BTL',230),(231,'\0','\0',4,'2014-01-30 18:01:28',5600.00,0.00,0,8000.00,6,'BKS',231),(232,'\0','\0',4,'2014-01-30 18:03:53',2100.00,0.00,0,3000.00,12,'BKS',232),(233,'\0','\0',4,'2014-01-30 18:11:17',2450.00,0.00,0,3500.00,10,'BKS',233),(234,'\0','\0',4,'2014-01-30 18:13:36',2800.00,0.00,0,4000.00,29,'BKS',234),(235,'\0','\0',4,'2014-01-30 18:17:07',7000.00,0.00,0,10000.00,4,'BKS',235),(236,'\0','\0',4,'2014-01-30 18:19:29',2100.00,0.00,0,3000.00,4,'BKS ',236),(237,'\0','\0',4,'2014-01-30 18:22:59',9450.00,0.00,0,13500.00,2,'BTL',237),(238,'\0','\0',4,'2014-01-30 18:25:36',9450.00,0.00,0,13500.00,2,'BTL',238),(239,'\0','\0',4,'2014-01-30 18:28:18',2450.00,0.00,0,3500.00,8,'BKS',239),(240,'\0','\0',4,'2014-01-30 18:35:07',2100.00,0.00,0,3000.00,6,'BKS',240),(241,'','',4,'2014-01-30 21:41:44',0.00,0.00,0,7000.00,0,'BTL',241),(242,'','',4,'2014-01-30 21:42:23',0.00,0.00,0,7000.00,0,'BTL',242),(243,'','',4,'2014-01-30 21:42:36',0.00,0.00,0,13500.00,0,'BTL',243),(244,'','',4,'2014-01-30 22:26:10',0.00,0.00,0,7000.00,0,'BTL',244),(245,'','',4,'2014-01-30 22:26:18',0.00,0.00,0,7000.00,0,'BTL',245),(246,'','',4,'2014-01-30 22:26:29',0.00,0.00,0,13500.00,0,'BTL',246),(247,'','',4,'2014-01-30 22:26:32',0.00,0.00,0,13500.00,0,'BTL',247),(248,'','',4,'2014-01-30 22:26:42',0.00,0.00,0,8500.00,0,'BTL',248),(249,'','',4,'2014-01-30 22:26:47',0.00,0.00,0,6500.00,0,'BTL',249),(250,'','',4,'2014-01-30 22:26:50',0.00,0.00,0,8500.00,0,'BTL',250),(251,'','',4,'2014-01-30 22:26:53',0.00,0.00,0,15500.00,0,'BTL',251),(252,'','',4,'2014-01-30 22:26:56',0.00,0.00,0,14000.00,0,'BTL',252),(253,'','',4,'2014-01-30 22:26:59',0.00,0.00,0,20000.00,0,'BTL',253),(254,'\0','\0',4,'2014-01-31 07:03:14',11550.00,0.00,0,16500.00,3,'BTL',254),(255,'\0','\0',4,'2014-02-01 07:38:09',0.00,0.00,0,18500.00,3,'BTL',255),(256,'\0','\0',4,'2014-02-01 07:22:05',10850.00,0.00,0,15500.00,2,'BTL',256),(257,'\0','\0',4,'2014-02-01 08:02:56',8750.00,0.00,0,12500.00,6,'PCS',257),(258,'\0','\0',4,'2014-02-01 08:13:47',3850.00,0.00,0,5500.00,12,'PCS',258),(259,'\0','\0',4,'2014-02-01 08:17:07',2800.00,0.00,0,4000.00,11,'PCS',259),(260,'\0','\0',4,'2014-02-01 08:29:51',6300.00,0.00,0,9000.00,6,'PCS',260),(261,'\0','\0',4,'2014-02-01 08:39:01',2450.00,0.00,0,3500.00,12,'PCS',261),(262,'\0','\0',4,'2014-02-01 08:42:10',1750.00,0.00,0,2500.00,12,'BKS',262),(263,'\0','\0',4,'2014-02-01 08:49:17',1750.00,0.00,0,2500.00,12,'BKS',263),(264,'\0','\0',4,'2014-02-01 08:54:03',1750.00,0.00,0,1750.00,11,'BKS',264),(265,'\0','\0',4,'2014-02-01 08:58:19',1750.00,0.00,0,2500.00,11,'BKS',265),(266,'\0','\0',4,'2014-02-01 09:01:35',1750.00,0.00,0,2500.00,17,'BKS',266),(267,'\0','\0',4,'2014-02-01 09:07:31',2100.00,0.00,0,3000.00,5,'BKS',267),(268,'\0','\0',4,'2014-02-01 09:13:50',2100.00,0.00,0,3000.00,6,'BKS',268),(269,'\0','\0',4,'2014-02-01 09:17:51',2100.00,0.00,0,2500.00,12,'BKS',269),(270,'\0','\0',4,'2014-02-01 09:22:30',1750.00,0.00,0,2500.00,12,'BKS',270),(271,'\0','\0',4,'2014-02-01 09:30:33',1750.00,0.00,0,2500.00,12,'BKS',271),(272,'\0','\0',4,'2014-02-01 09:34:26',2100.00,0.00,0,3000.00,12,'BKS',272),(273,'\0','\0',4,'2014-02-01 09:36:54',2100.00,0.00,0,3000.00,10,'BKS',273),(274,'\0','\0',4,'2014-02-01 09:41:55',2100.00,0.00,0,3000.00,24,'BKS',274),(275,'\0','\0',4,'2014-02-01 09:49:31',2100.00,0.00,0,3000.00,6,'BKS',275),(276,'\0','\0',4,'2014-02-01 09:52:24',1750.00,0.00,0,2500.00,18,'BKS',276),(277,'\0','\0',4,'2014-02-01 09:55:58',2100.00,0.00,0,3000.00,12,'BKS',277),(278,'\0','\0',4,'2014-02-01 09:58:51',2100.00,0.00,0,3000.00,24,'BKS',278),(279,'\0','\0',4,'2014-02-01 10:01:18',2100.00,0.00,0,3000.00,24,'BKS',279),(280,'\0','\0',4,'2014-02-01 10:04:56',1750.00,0.00,0,2500.00,18,'BKS',280),(281,'\0','\0',4,'2014-02-01 10:10:09',6300.00,0.00,0,9000.00,2,'BKS',281),(282,'\0','\0',4,'2014-02-01 10:15:05',12950.00,0.00,0,18500.00,1,'BTL',282),(283,'\0','\0',4,'2014-02-01 10:18:21',3500.00,0.00,0,5000.00,2,'BTL',283),(284,'','',4,'2014-02-01 12:23:49',0.00,0.00,0,9000.00,0,'BTL',284),(285,'\0','\0',5,'2014-02-01 12:28:10',6300.00,0.00,0,9000.00,4,'BTL',285),(286,'\0','\0',5,'2014-02-01 12:32:24',10500.00,0.00,0,15000.00,2,'BKS',286),(287,'\0','\0',5,'2014-02-01 12:41:14',9800.00,0.00,0,14000.00,2,'BKS',287),(288,'\0','\0',5,'2014-02-01 12:46:05',7000.00,0.00,0,10000.00,5,'BKS',288),(289,'\0','\0',5,'2014-02-01 12:49:07',10500.00,0.00,0,15000.00,1,'BKS',289),(290,'\0','\0',5,'2014-02-01 12:52:20',10500.00,0.00,0,15000.00,2,'BKS',290),(291,'\0','\0',5,'2014-02-01 12:55:19',4200.00,0.00,0,3000.00,6,'BKS',291),(292,'\0','\0',5,'2014-02-01 13:11:12',2450.00,0.00,0,3500.00,3,'BTL',292),(293,'\0','\0',5,'2014-02-01 13:12:53',6300.00,0.00,0,9000.00,2,'BTL',293),(294,'\0','\0',5,'2014-02-01 13:15:08',4200.00,0.00,0,6000.00,3,'BTL',294),(295,'\0','\0',5,'2014-02-01 13:16:37',8400.00,0.00,0,12000.00,2,'BTL',295),(296,'\0','\0',5,'2014-02-01 13:19:00',12950.00,0.00,0,18500.00,3,'BTL',296),(297,'\0','\0',5,'2014-02-01 13:21:04',12950.00,0.00,0,18500.00,3,'BTL',297),(298,'\0','\0',5,'2014-02-01 13:22:41',12950.00,0.00,0,18500.00,3,'BTL',298),(299,'\0','\0',5,'2014-02-01 13:24:35',12950.00,0.00,0,18500.00,3,'BTL',299),(300,'\0','\0',5,'2014-02-01 13:26:03',12950.00,0.00,0,18500.00,3,'BTL',300),(301,'\0','\0',5,'2014-02-01 13:27:48',3500.00,0.00,0,5000.00,2,'BKS',301),(302,'\0','\0',5,'2014-02-01 13:30:20',3500.00,0.00,0,5000.00,4,'BKS',302),(303,'\0','\0',5,'2014-02-01 13:32:37',4200.00,0.00,0,6000.00,24,'BKS',303),(304,'\0','\0',5,'2014-02-01 13:35:28',6300.00,0.00,0,9000.00,3,'BKS',304),(305,'\0','\0',5,'2014-02-01 13:37:50',4550.00,0.00,0,6500.00,6,'BKS',305),(306,'\0','\0',5,'2014-02-01 13:41:14',12600.00,0.00,0,18000.00,2,'BKS',306),(307,'\0','\0',5,'2014-02-01 13:42:55',7000.00,0.00,0,10000.00,2,'BKS',307),(308,'\0','\0',5,'2014-02-01 13:44:28',8400.00,0.00,0,12000.00,2,'BKS',308),(309,'\0','\0',5,'2014-02-01 13:47:35',7700.00,0.00,0,11000.00,2,'BKS',309),(310,'\0','\0',5,'2014-02-01 13:49:27',5250.00,0.00,0,7500.00,3,'BKS',310),(311,'\0','\0',5,'2014-02-01 13:51:18',3150.00,0.00,0,4500.00,3,'BKS',311),(312,'\0','\0',5,'2014-02-01 13:53:21',12250.00,0.00,0,17500.00,2,'BTL',312),(313,'\0','\0',5,'2014-02-01 14:01:24',9450.00,0.00,0,13500.00,3,'BTL',313),(314,'\0','\0',5,'2014-02-01 14:03:37',9450.00,0.00,0,13500.00,3,'BTL',314),(315,'\0','\0',5,'2014-02-01 14:07:28',4900.00,0.00,0,7000.00,6,'BTL',315),(316,'\0','\0',5,'2014-02-01 14:13:17',8050.00,0.00,0,11500.00,3,'BTL',316),(317,'\0','\0',5,'2014-02-01 14:15:57',7000.00,0.00,0,10000.00,3,'BTL',317),(318,'\0','\0',5,'2014-02-01 14:19:00',14000.00,0.00,0,20000.00,6,'BTL',318),(319,'\0','\0',5,'2014-02-01 14:21:14',5950.00,0.00,0,8500.00,3,'BTL',319),(320,'\0','\0',5,'2014-02-01 14:23:17',4900.00,0.00,0,7000.00,6,'BTL',320),(321,'\0','\0',5,'2014-02-01 14:26:00',4900.00,0.00,0,8500.00,3,'BTL',321),(322,'\0','\0',5,'2014-02-01 14:44:38',4200.00,0.00,0,6500.00,6,'BTL',322),(323,'\0','\0',5,'2014-02-01 14:48:15',9800.00,0.00,0,14000.00,2,'BTL',323),(324,'','',5,'2014-02-01 15:33:37',0.00,0.00,0,4500.00,0,'BKS',324),(325,'','',5,'2014-02-01 15:33:43',0.00,0.00,0,6500.00,0,'BKS',325),(326,'\0','\0',5,'2014-02-01 15:37:05',4550.00,0.00,0,6500.00,10,'BKS',326),(327,'\0','\0',5,'2014-02-01 15:40:13',4550.00,0.00,0,6500.00,14,'BKS',327),(328,'\0','\0',5,'2014-02-01 15:43:22',4550.00,0.00,0,6500.00,22,'BKS',328),(329,'\0','\0',5,'2014-02-01 15:47:31',2450.00,0.00,0,3500.00,8,'BKS',329),(330,'\0','\0',5,'2014-02-01 15:49:29',2450.00,0.00,0,3500.00,6,'BKS',330),(331,'\0','\0',5,'2014-02-01 15:52:28',2450.00,0.00,0,3500.00,1,'BKS',331),(332,'\0','\0',5,'2014-02-01 16:00:14',2450.00,0.00,0,3500.00,4,'BKS',332),(333,'\0','\0',5,'2014-02-01 15:56:30',2540.00,0.00,0,3500.00,11,'BKS',333),(334,'\0','\0',5,'2014-02-01 16:02:53',2450.00,0.00,0,3500.00,6,'BKS',334),(335,'\0','\0',5,'2014-02-01 16:04:32',2450.00,0.00,0,3500.00,3,'BKS ',335),(336,'\0','\0',5,'2014-02-01 16:06:39',2540.00,0.00,0,3500.00,1,'BKS',336),(337,'\0','\0',5,'2014-02-01 16:13:05',6650.00,0.00,0,9500.00,2,'BKS',337),(338,'\0','\0',5,'2014-02-01 16:27:57',5600.00,0.00,0,8000.00,6,'BKS',338),(339,'\0','\0',5,'2014-02-01 16:39:26',8750.00,0.00,0,12500.00,5,'BKS',339),(340,'\0','\0',5,'2014-02-01 16:41:38',3150.00,0.00,0,4500.00,12,'BKS',340),(341,'\0','\0',5,'2014-02-01 16:44:05',1750.00,0.00,0,2500.00,11,'BKS',341),(342,'\0','\0',5,'2014-02-01 16:46:21',3850.00,0.00,0,5500.00,9,'BKS',342),(343,'\0','\0',5,'2014-02-01 16:49:40',7000.00,0.00,0,10000.00,6,'BKS',343),(344,'\0','\0',5,'2014-02-01 16:51:56',7000.00,0.00,0,10000.00,6,'BKS',344),(345,'\0','\0',5,'2014-02-01 16:58:17',2800.00,0.00,0,4000.00,12,'KOTAK',345),(346,'\0','\0',5,'2014-02-01 17:00:04',3850.00,0.00,0,5500.00,3,'KOTAK',346),(347,'\0','\0',5,'2014-02-01 17:02:02',3850.00,0.00,0,5500.00,3,'KOTAK',347),(348,'\0','\0',5,'2014-02-01 17:03:27',3850.00,0.00,0,5500.00,3,'KOTAK',348),(349,'\0','\0',5,'2014-02-01 17:04:45',3850.00,0.00,0,5500.00,3,'KOTAK',349),(350,'\0','\0',5,'2014-02-01 17:07:39',2100.00,0.00,0,3000.00,20,'BKS',350),(351,'\0','\0',5,'2014-02-01 17:10:57',2100.00,0.00,0,3000.00,20,'BKS',351),(352,'\0','\0',5,'2014-02-01 17:12:31',3500.00,0.00,0,5000.00,24,'BTL',352),(353,'\0','\0',5,'2014-02-01 17:18:35',2450.00,0.00,0,3500.00,12,'KOTAK',353),(354,'\0','\0',5,'2014-02-01 17:20:33',3850.00,0.00,0,5500.00,3,'BKS',354),(355,'\0','\0',5,'2014-02-01 17:22:10',4200.00,0.00,0,6000.00,12,'BTL',355),(356,'\0','\0',5,'2014-02-01 17:24:02',4200.00,0.00,0,6000.00,6,'BTL',356),(357,'\0','\0',5,'2014-02-01 17:26:02',4200.00,0.00,0,6000.00,6,'BTL',357),(358,'\0','\0',5,'2014-02-01 17:27:38',1400.00,0.00,0,2000.00,10,'BKS',358),(359,'\0','\0',5,'2014-02-01 17:29:35',1400.00,0.00,0,2000.00,8,'BKS',359),(360,'\0','\0',5,'2014-02-01 17:31:24',1400.00,0.00,0,2000.00,8,'BKS',360),(361,'\0','\0',5,'2014-02-01 17:32:43',1400.00,0.00,0,2000.00,24,'BKS',361),(362,'\0','\0',5,'2014-02-01 17:34:18',4550.00,0.00,0,6500.00,6,'BKS',362),(363,'\0','\0',5,'2014-02-01 17:36:36',4550.00,0.00,0,6500.00,6,'BKS',363),(364,'\0','\0',5,'2014-02-01 17:38:11',3850.00,0.00,0,5500.00,3,'BKS',364),(365,'\0','\0',5,'2014-02-01 17:40:02',3850.00,0.00,0,5500.00,2,'BKS',365),(366,'\0','\0',5,'2014-02-01 17:41:19',5250.00,0.00,0,7500.00,6,'BKS',366),(367,'\0','\0',5,'2014-02-01 17:42:54',3850.00,0.00,0,5500.00,1,'BKS',367),(368,'','',5,'2014-02-01 18:02:14',0.00,0.00,0,11000.00,0,'BTL',368),(369,'','',5,'2014-02-01 18:02:24',0.00,0.00,0,13500.00,0,'KOTAK',369),(370,'\0','\0',5,'2014-02-01 18:03:56',7700.00,0.00,0,11000.00,3,'BTL',370),(371,'','',5,'2014-02-01 19:48:10',0.00,0.00,0,12000.00,0,'BKS',371);
/*!40000 ALTER TABLE `item_stocks` ENABLE KEYS */;
UNLOCK TABLES;

--
-- Table structure for table `items`
--

DROP TABLE IF EXISTS `items`;
/*!40101 SET @saved_cs_client     = @@character_set_client */;
/*!40101 SET character_set_client = utf8 */;
CREATE TABLE `items` (
  `ID` int(11) NOT NULL AUTO_INCREMENT,
  `DELETED` bit(1) NOT NULL,
  `DISABLED` bit(1) NOT NULL,
  `LAST_UPDATED_BY` int(11) NOT NULL,
  `LAST_UPDATED_TIMESTAMP` datetime NOT NULL,
  `BARCODE` varchar(255) DEFAULT NULL,
  `CODE` varchar(255) NOT NULL,
  `NAME` varchar(255) NOT NULL,
  PRIMARY KEY (`ID`),
  UNIQUE KEY `CODE` (`CODE`),
  UNIQUE KEY `NAME` (`NAME`)
) ENGINE=InnoDB AUTO_INCREMENT=372 DEFAULT CHARSET=latin1;
/*!40101 SET character_set_client = @saved_cs_client */;

--
-- Dumping data for table `items`
--

LOCK TABLES `items` WRITE;
/*!40000 ALTER TABLE `items` DISABLE KEYS */;
INSERT INTO `items` VALUES (1,'\0','\0',4,'2014-02-01 07:26:28','8998685182307','ITEM-0001','FROZZ TROPICAL MANGO 15 GR'),(2,'\0','\0',2,'2014-01-27 15:50:57','8998685056301','ITEM-0002','FROZZ LIME 15 GR'),(3,'\0','\0',2,'2014-01-27 15:52:36','8998685052303','ITEM-0003','FROZZ BARLEY MINT 15 GR'),(4,'\0','\0',2,'2014-01-27 15:53:55','8998685054307','ITEM-0004','FROZZ ORANGE MINT 15 GR'),(5,'\0','\0',1,'2014-01-30 14:34:45','8991212826668','ITEM-0005','PARFUM WARNA WARNI'),(6,'\0','\0',2,'2014-01-27 16:02:01','8998685021002','ITEM-0006','NANO NANO KULIT JERUK'),(7,'\0','\0',2,'2014-01-27 16:08:41','8852008940244','ITEM-0007','LOTTE FUSEN NO MI STRAW 15 GR'),(8,'\0','\0',2,'2014-01-27 16:11:34','8852008940213','ITEM-0008','LOTTE FUSEN NO MI BLUBER 15 GR'),(9,'\0','\0',2,'2014-01-27 16:13:54','8998685011003','ITEM-0009','HEXOX MINT 12,5 GR'),(10,'\0','\0',2,'2014-01-27 16:15:57','8998685013007','ITEM-00010','HEXOX BARLEY MINT 12,5 GR'),(11,'\0','\0',2,'2014-01-27 16:20:19','95506302','ITEM-00011','STREPSIL O\'COOL 15,6 GR'),(12,'\0','\0',2,'2014-01-27 16:22:31','8993560151041','ITEM-0012','STREPSIL SUGAR FREE'),(13,'\0','\0',2,'2014-01-27 16:24:10','95506296','ITEM-0013','STREPSIL ORIGINAL'),(14,'\0','\0',2,'2014-01-27 16:30:10','50819317','ITEM-0014','FISHERMAN\'S FRIEND 25 GR'),(15,'\0','\0',2,'2014-01-27 16:33:01','8992696420014','ITEM-0015','FOX\'S BERRIES 38 GR'),(16,'\0','\0',2,'2014-01-27 17:24:48','8991102303101','ITEM-0016','TANGO WAFER STRAWBERY 2@19 GR '),(17,'\0','\0',2,'2014-01-27 16:39:43','8991102300520','ITEM-0017','TANGO WAFER VANILA 19 GR'),(18,'\0','\0',2,'2014-01-27 17:25:30','8991102300322','ITEM-0018','TANGO WAFER COKLAT 2@19 GR'),(19,'\0','\0',2,'2014-01-27 16:49:01','89926581','ITEM-0019','POLO PEPPERMINT 24 GR '),(20,'\0','\0',2,'2014-01-27 16:55:13','8991102385176','ITEM-OO20','TANGGO WAFFLE CRUNCHOX 70GR'),(21,'\0','\0',2,'2014-01-27 16:59:38','8991102386272','ITEM-0021','TANGO WAFFLE CRUNCHMILK 70 GR '),(22,'\0','\0',2,'2014-01-27 17:35:31','8991102384841','ITEM-OO22','TANGO WAFER CHOCOLATE 114 GR'),(23,'\0','\0',2,'2014-01-27 17:44:56','8992760121014','ITEM-0023','OREO KRIM VANILA 29,4 GR'),(24,'\0','\0',2,'2014-01-27 17:47:12','7622300442477','ITEM-OO24','OREO ICE CREAM 29,4 GR'),(25,'\0','\0',2,'2014-01-27 17:49:45','7622300442507','ITEM-OO25','OREO ICE CREAM 137 GR'),(26,'\0','\0',2,'2014-01-27 17:52:07','7622300136055','ITEM-0026','OREO STRAWBERRY CREME 137 GR'),(27,'\0','\0',2,'2014-01-27 17:53:22','7622300484071','ITEM-OO27','OREO GOLDEN 137 GR'),(28,'\0','\0',2,'2014-01-27 17:55:12','8888166996076','ITEM-0028','BISKUIT KELAPA IJO 220 G'),(29,'\0','\0',2,'2014-01-27 18:00:12','8888166336568','ITEM-OO29','CRISPY CRACKERS 225 GR'),(30,'\0','\0',2,'2014-01-27 18:02:28','8888166336827','ITEM-OO30','BIG ROYAL STRAWBERRY 200 GR'),(31,'\0','\0',2,'2014-01-27 18:03:54','8888166603509','ITEM-0031','BIG ROYAL COCONUT 200 GR'),(32,'\0','\0',2,'2014-01-27 18:06:21','8888166989306','ITEM-OO32','BIG ROYAL CHOCOLATE 200 GR'),(33,'\0','\0',2,'2014-01-27 18:09:50','8992761136031','ITEM-0033','SPRITE 1,5 L'),(34,'\0','\0',2,'2014-01-27 18:12:39','8992761136055','ITEM-0034','FANTA STROBERI 1,5 L'),(35,'\0','\0',2,'2014-01-27 18:15:41','8992761166038','ITEM-0035','PULPY ORANGE 350 ML'),(36,'\0','\0',2,'2014-01-27 18:18:25','8992761136017','ITEM-0036','COCA COLA 1,5 L'),(37,'\0','\0',2,'2014-01-27 18:20:07','8992761111540','ITEM-0037','FANTA STROBERI 250 ML'),(38,'\0','\0',2,'2014-01-27 18:24:27','8992761111533','ITEM-0038','SPRITE 250 ML'),(39,'\0','\0',2,'2014-01-27 18:26:49','8992696404441','ITEM-0039','NESTLE BEAR BRAND 185 ML'),(40,'\0','\0',2,'2014-01-27 18:28:56','8888640059839','ITEM-0040','DAY DAY SARANG WALET 320 ML'),(41,'\0','\0',2,'2014-01-27 18:31:39','738989886017','ITEM-0041','BIR BINTANG ZERO 330 ML'),(42,'\0','\0',2,'2014-01-27 18:33:50','8999988888828','ITEM-0042','LARUTAN PENYEGAR STROBERI 320 ML'),(43,'\0','\0',2,'2014-01-27 18:35:16','8995227500124','ITEM-0043','LARUTAN CAP KAKI TIGA 200 ML'),(44,'\0','\0',2,'2014-01-27 18:37:20','8997009510130','ITEM-0044','YOU C1000 APPLE 140 ML'),(45,'\0','\0',2,'2014-01-27 18:39:20','8997009510017','ITEM-0045','YOU C1000 LEMON 140 ML'),(46,'\0','\0',2,'2014-01-27 18:40:47','8997009510055','ITEM-0046','YOU C1000 ORANGE 140 ML'),(47,'\0','\0',2,'2014-01-27 18:42:43','8992858527308','ITEM-0047','HYDRO COCO ORIGINAL 250 ML'),(48,'\0','\0',2,'2014-01-28 13:48:45','8888166604797','ITEM-0048','KHONG GUAN CREAM CRACKERS 275 GR'),(49,'\0','\0',2,'2014-01-28 13:51:26','8888166604827','ITEM-0049','KHONG GUAN SUGAR PUFF 275 GR'),(50,'\0','\0',2,'2014-01-28 13:52:49','8888166607958','ITEM 0050','KHONG GUAN SALTCHEESE COMBERRY 190 GR'),(51,'\0','\0',2,'2014-01-28 13:56:20','8888166607408','ITEM-0051','KHONG GUAN SALTCHEESE COMBOCIZ 190 GR'),(52,'\0','\0',2,'2014-01-28 13:59:09','8991102820288','ITEM-0052','OT OOPS HOTSA 100 GR'),(53,'\0','\0',2,'2014-01-28 14:01:11','8991102300544','ITEM-0053','OT TANGO SUSU VANILLA 171 GR'),(54,'\0','\0',2,'2014-01-28 14:04:00','8991102383745','ITEM-0054','OT TANGO COCOPANDAN 171 GR'),(55,'\0','\0',2,'2014-01-28 14:05:09','8991102303309','ITEM-0055','OT TANGO STRAWBERRY 171 GR'),(56,'\0','\0',2,'2014-01-28 14:13:31','8991102384964','ITEM-0056','OT TANGO VANILLA BLACK 171 gr'),(57,'\0','\0',2,'2014-01-28 14:07:09','8991102303002','ITEM-0057','OT TANGO CAPPUCCINO 171 gr'),(58,'\0','\0',2,'2014-01-28 14:08:17','8991102300421','ITEM-0058','OT TANGO CHOCOLATE 171 GR'),(59,'\0','\0',2,'2014-01-28 14:09:27','8991102383417','ITEM-0059','OT TANGO CRUNCH CAKE 80 GR'),(60,'\0','\0',2,'2014-01-28 14:11:24','8888166607392','ITEM-0060','KHONG GUAN SALTCHEESE COMBO 190 GR'),(61,'\0','\0',2,'2014-01-28 14:14:24','8888166605329','ITEM-0061','KHONG GUAN MARIE SUSU 160 GR'),(62,'\0','\0',2,'2014-01-28 14:15:48','8888166607637','ITEM-0062','KHONG GUAN SUPERCO SARIKAYA 138 GR'),(63,'\0','\0',2,'2014-01-28 14:17:35','8888166606166','ITEM-0063','KHONG GUAN SUPERCO KRIM COKLAT 138 GR'),(64,'\0','\0',2,'2014-01-28 14:19:13','8888166330306','ITEM-0064','NISSIN LEMONIA 130 GR'),(65,'\0','\0',2,'2014-01-28 14:20:29','8888166606173','ITEM-0065','KHONG GUAN MILK SHORT CAKE 225 GR'),(66,'\0','\0',2,'2014-01-28 14:22:07','8888166607866','ITEM-0066','KHONG GUAN CREAM WAFERS 240 GR'),(67,'\0','\0',2,'2014-01-28 14:23:30','8888166994713','ITEM-0067','NISSIN BISKUIT KELAPA 300 GR'),(68,'\0','\0',2,'2014-01-28 14:30:22','8888166989399','ITEM-0068','KHONG GUAN ASSORTED BISCUITS red 300 GR'),(69,'\0','\0',2,'2014-01-28 14:28:42','8888166603455','ITEM-0069','KHONG GUAN ASSORTED BISCUITS green 300 GR'),(70,'\0','\0',2,'2014-01-28 14:32:09','8888166989832','ITEM-0070','MONDE GENJI SOFT PIE STROBERI 105 GR'),(71,'\0','\0',2,'2014-01-28 14:36:20','8888166842557','ITEM-0071','MONDE GENJI ORIGINAL 70 GR'),(72,'\0','\0',2,'2014-01-28 14:38:11','8888166842571','ITEM-0072','MONDE GENJI LEMON PIE 85 GR'),(73,'\0','\0',2,'2014-01-28 14:39:34','8888166842649','ITEM-0073','MONDE GENJI STRAWBERRY PIE 85 GR'),(74,'\0','\0',2,'2014-01-28 14:41:17','8888166607132','ITEM-0074','KHONG GUAN CLASSIC CHOCOLATE 350 GR'),(75,'\0','\0',2,'2014-01-28 14:43:01','8888166996083','ITEM-0075','NISSIN KELAPA IJO 280 GR'),(76,'\0','\0',2,'2014-01-28 14:44:18','8888166989474','ITEM-0076','NISSIN WAFERS MILK 120 GR'),(77,'\0','\0',2,'2014-01-28 14:45:49','8992758110044','ITEM-0077','INTERBIS ROSE CHOCOLATE 240 GR'),(78,'\0','\0',2,'2014-01-28 14:46:57','8992758110105','ITEM-0078','INTERBIS BON-BON CHOCOLATE CREAM 240 GR'),(79,'\0','\0',2,'2014-01-28 14:48:03','8992758110068','ITEM-0079','INTERBIS ROSE CREAM 240 GR'),(80,'\0','\0',2,'2014-01-28 14:53:29','8993153126005','ITEM-0080','ALFA ONE 600 ML'),(81,'\0','\0',2,'2014-01-28 14:54:58','8886008101053','ITEM-0081','AQUA 600 ML'),(82,'\0','\0',2,'2014-01-28 14:56:32','8992761111519','ITEM-0082','COCA COLA 250 ML'),(83,'\0','\0',2,'2014-01-28 14:57:46','8993153121505','ITEM-0083','ALFA ONE 1500 ML'),(84,'\0','\0',2,'2014-01-28 14:58:36','8886008101091','ITEM-0084','AQUA 1500 ML '),(85,'\0','\0',2,'2014-01-28 14:59:49','8992753184002','ITEM-0085','FRISIAN FLAG COOL-BERRY 115 ML'),(86,'\0','\0',2,'2014-01-28 15:01:06','8998009010606','ITEM-0086','ULTRA MILK STROBERI 125 ML'),(87,'\0','\0',2,'2014-01-28 15:10:09','8992753172207','ITEM-0087','FRISIAN FLAG COKELAT 190 ML'),(88,'\0','\0',2,'2014-01-28 15:11:22','8992753174201','ITEM-0088','FRISIAN FLAG STROBERI 190 ML'),(89,'\0','\0',2,'2014-01-28 15:25:09','8888266222075','ITEM-0089','KHONG GUAN CREAM WAFERS CHOCOLATE 240 GR'),(90,'\0','\0',2,'2014-01-28 15:26:24','8888166222090','ITEM-0090','KHONG GUAN CREAM WAFERS COCONUT'),(91,'\0','\0',2,'2014-01-28 15:28:01','8991102281430','ITEM-0091','OT MINTZ DOUBLEMINT 125 GR'),(92,'\0','\0',2,'2014-01-28 15:29:43','8991102281416','ITEM-0092','OT MINTZ PEPPERMINT 25 GR'),(93,'\0','\0',2,'2014-01-28 15:30:36','8888166336605','ITEM-0093','NISSIN WAFERS CHOCOLATE 135 GR'),(94,'\0','\0',2,'2014-01-28 15:32:11','8888166337305','ITEM-0094','NISSIN WAFERS STRAWBERRY 120 GR'),(95,'\0','\0',2,'2014-01-28 15:33:28','8992775312469','ITEM-0095','GERRY SALUT CHOCOLATE 24 PCS'),(96,'\0','\0',2,'2014-01-28 15:34:56','8991102300063','ITEM-0096','OT OOPS WAFER KEJU 24 GR'),(97,'\0','\0',2,'2014-01-28 15:36:17','8992696418936','ITEM-0097','FOX\'S FRUITS 90 GR'),(98,'\0','\0',2,'2014-01-28 15:37:53','8991001242716','ITEM-0098','DELFI FUNTIME STRAWBERRY 26 GR'),(99,'\0','\0',2,'2014-01-28 15:41:33','8992775312391','ITEM-0099','GERY WAFER stroberi 20 PCS'),(100,'\0','\0',2,'2014-01-28 15:43:01','8992775317242','ITEM-0100','GERY DONUTS CHOCOMILK'),(101,'\0','\0',4,'2014-01-30 12:20:57','8993058000929','ITEM-0101','BINTANG TOEDJOE (OBT SKT KPL) 3@BKS'),(102,'\0','\0',4,'2014-01-30 12:23:08','8998667100206','ITEM-0102','PARAMEX (OBT SKT KPL) 4TABLET'),(103,'\0','\0',4,'2014-01-30 12:25:20','8999908071903','ITEM-0103','BODREX MIGRA 4 TABLET'),(104,'\0','\0',4,'2014-02-01 07:33:22','8999908285003','ITEM-0104','BODREX EKSTRA 4 TABLET'),(105,'\0','\0',4,'2014-01-30 12:27:18','8999908057709','ITEM-0105','BODREX PE 4 TABLET'),(106,'\0','\0',4,'2014-01-30 12:29:31','8991212326748','ITEM-0106','BODREX BULET 4 TABLET'),(107,'\0','\0',4,'2014-01-30 12:30:37','8999908039309','ITEM-0107','OSKADON (OBT SKT KPL) 4 TABLET'),(108,'\0','\0',4,'2014-01-30 12:31:29','89991039','ITEM-0108','SARIDON (OBT SKT KEPALA) 4 TABLET'),(109,'\0','\0',4,'2014-01-30 12:32:40','8997013070019','ITEM-0109','PILKITA (OBT KUAT) 2 TABLET@ 700ML'),(110,'\0','\0',4,'2014-01-30 12:33:40','8992112025021','ITEM-0110','DECOLGEN 4 TABLET'),(111,'\0','\0',4,'2014-01-30 12:34:30','8992858666106','ITEM-0111','PROCOLD 6 TABLET'),(112,'\0','\0',4,'2014-01-30 12:35:30','8999809400031','ITEM-0112','STOP COLD 4 TABLET'),(113,'\0','\0',4,'2014-01-30 12:45:06','8996001304433','ITEM-0113','ROMA SLAI O\'LAI 128 GR'),(114,'\0','\0',4,'2014-01-30 12:48:14','8992858664706','ITEM-0114','PROMAG BULAT 4 TABLET'),(115,'\0','\0',4,'2014-01-30 12:50:04','8998667100169','ITEM-O115','NEO NAPACIN'),(116,'\0','\0',4,'2014-01-30 12:52:01','4987176003829','ITEM-0116','VICKS FORMULA 44 DT 2@6.7 ML'),(117,'\0','\0',4,'2014-01-30 12:54:11','8991212760740','ITEM-0117','BODREXIN BULAT GOLD 4 TABLET'),(118,'\0','\0',4,'2014-01-30 12:56:29','8993212111089','ITEM-0118','COMBANTRIN PIRANTEL PAMOAT  2 TABLET'),(119,'\0','\0',4,'2014-01-30 12:59:08','8991212137375','ITEM-0119','RHEUMACYL 4 TABLET'),(120,'\0','\0',4,'2014-01-30 13:00:59','8991212124382','ITEM-0120','ADEM SARI 2@ 7 GR'),(121,'\0','\0',4,'2014-01-30 13:04:04','8991212904007','ITEM-0121','HANSAPLAST KECIL ISI 4'),(122,'\0','\0',4,'2014-01-30 13:04:53','8991212760016','ITEM-0122','HANSAPLAST BESAR ISI 3'),(123,'\0','\0',4,'2014-01-30 13:05:53','8992772231015','ITEM-0123','VEGETA 2@ 6,3 GR'),(124,'\0','\0',4,'2014-01-30 13:07:04','8999988778587','ITEM-0124','LASEGAR JERUK 2@7 GR'),(125,'\0','\0',4,'2014-01-30 13:08:36','8999988778198','ITEM-0125','LASEGAR ANGGUR 2@7 GR'),(126,'\0','\0',4,'2014-01-30 13:09:16','8999988778686','ITEM-0126','LASEGAR JERUK NIPIS 2@7 GR'),(127,'\0','\0',4,'2014-01-30 13:10:26','8993988350002','ITEM-0127','STAPLER JOYKO '),(128,'\0','\0',4,'2014-01-30 13:11:54','8998898310184','ITEM-0128','SIDOMUNCUL'),(129,'\0','\0',4,'2014-01-30 13:12:55','8993498210230','ITEM-0129','ANTIMO DIMENHYDRINATE 1 STRIP@10TABLET'),(130,'\0','\0',4,'2014-01-30 13:13:54','8995858899888','ITEM-0130','FATIGON 4 TABLET '),(131,'\0','\0',4,'2014-01-30 13:14:34','8993338005033','ITEM-0131','KOYO CABE'),(132,'\0','\0',4,'2014-01-30 13:15:15','8992870410206','ITEM-0132','SALONPAS'),(133,'\0','\0',4,'2014-01-30 13:16:15','8994472000038','ITEM-0133','CAP KAPAK MINYAK ANGIN 10 ML'),(134,'\0','\0',4,'2014-01-30 13:17:23','8999908204202','ITEM-0134','MY BABY MINYAK TELON 600 ML'),(135,'\0','\0',4,'2014-01-30 13:19:29','8993176110036','ITEM-0135','MINYAK ANGIN LANG 3 ML'),(136,'\0','\0',4,'2014-01-30 13:20:56','8993176803099','ITEM-0136','TELON LANG CAP LANG 60 ML'),(137,'\0','\0',1,'2014-01-30 15:01:43','8991212755777','ITEM-0137','PEYEK IKAN TERI '),(138,'\0','\0',1,'2014-01-30 15:04:24','8991212561019','ITEM-0138','SALE PISANG ORIGINAL'),(139,'\0','\0',1,'2014-01-30 15:08:13','8991212243786','ITEM-0139','KERIPIK SINGKONG BALADO BULAT '),(140,'\0','\0',1,'2014-01-30 15:08:58','8991212101635','ITEM-0140','KERIPIK TEMPE 200 GR'),(141,'\0','\0',1,'2014-01-30 15:10:04','8991212767282','ITEM-0141','AKAR KELAPA'),(142,'\0','\0',1,'2014-01-30 15:11:32','8991212703754','ITEM-0142','KERIPIK SINGKONG PEDAS'),(143,'\0','\0',1,'2014-01-30 15:12:39','8991212380252','ITEM-0143','KERIPIK SANJAI PADANG PJ.BESAR'),(144,'\0','\0',1,'2014-01-30 15:13:35','8991212944195','ITEM-0144','KERIPIK PISANG '),(145,'\0','\0',1,'2014-01-30 15:14:37','8991212523888','ITEM-0145','KERIPIK SUKUN GURIH'),(146,'\0','\0',1,'2014-01-30 15:16:16','8991212563631','ITEM-0146','KERUPUK SELANG'),(147,'\0','\0',1,'2014-01-30 15:17:36','8991212353614','ITEM-0147','KERUPUK MAWAR'),(148,'\0','\0',2,'2014-01-30 15:48:04','428016975783','ITEM-0148','VISION NOTA KONTAN 25 LEMBAR'),(149,'\0','\0',2,'2014-01-30 15:49:35','8993176111279','ITEM-0149','CAP LANG MINYAK KAYU PUTIH 60 ML'),(150,'\0','\0',2,'2014-01-30 15:50:30','8993176110081','ITEM-0150','CAP LANG MINYAK KAYU PUTIH 30 ML'),(151,'\0','\0',2,'2014-01-30 15:51:24','8993176110098','ITEM-0151','CAP LANG MINYAK KAYU PUTIH 15 ML'),(152,'\0','\0',2,'2014-01-30 15:53:39','8994472000014','ITEM-0152','MINYAK ANGIN CAP KAPAK 3 ML'),(153,'\0','\0',2,'2014-01-30 15:55:27','8999908326805','ITEM-0153','BODREXIN BATUK&PILEK'),(154,'\0','\0',2,'2014-01-30 15:58:47','8993058300500','ITEM-0154','KOMIX PEPPERMINT 2@7ML'),(155,'\0','\0',2,'2014-01-30 16:00:37','8993058301200','ITEM-0155','KOMIX OBH NATURAL 2@7ML'),(156,'\0','\0',2,'2014-01-30 16:01:45','8990358300500','ITEM-0156','KOMIX RASA JAHE 2@7ML'),(157,'\0','\0',2,'2014-01-30 16:03:19','8993058300807','ITEM-0157','KOMIX RASA JERUK NIPIS 2@7ML'),(158,'\0','\0',2,'2014-01-30 16:05:40','8991212272861','ITEM-0158','UNI BABY\'S COUDH SYRUP 60 ML'),(159,'\0','\0',2,'2014-01-30 16:06:57','8992003782354','ITEM-0159','ANTANGIN SIRUP HERBAL 2@15ML'),(160,'\0','\0',2,'2014-01-30 16:07:53','8991212677338','ITEM-0160','LASERIN 30 ML'),(161,'\0','\0',2,'2014-01-30 16:08:54','8993058000653','ITEM-0161','EXTRAJOSS KOTAK'),(162,'\0','\0',2,'2014-01-30 16:10:00','8998898830125','ITEM-0162','KUKU BIMA ENER-G RS ANGGUR KOTAK'),(163,'\0','\0',2,'2014-01-30 16:11:08','8991212260745','ITEM-0163','SIDOLA MINYAK KAYU PUTIH 15 ML'),(164,'\0','\0',2,'2014-01-30 16:12:20','8993014730112','ITEM-0164','MADURASA RS JERUK 2@20 ML'),(165,'\0','\0',2,'2014-01-30 16:13:16','8991102800020','ITEM-0165','OT KIRANTI ORIGINAL 150 ML'),(166,'\0','\0',2,'2014-01-30 16:14:28','8992695203441','ITEM-0166','INSTO REGULER 75 ML '),(167,'\0','\0',2,'2014-01-30 16:15:26','8993212111102','ITEM-0167','COMBANTRIN PIRANTEL PAMOAT RS JERUK 10 ML'),(168,'\0','\0',2,'2014-01-30 16:16:23','8996200900016','ITEM-0168','HEROCYN 75 GR '),(169,'\0','\0',2,'2014-01-30 16:17:57','8992843992012','ITEM-0169','BETADINE POVIDONE IODINE 5 ML'),(170,'\0','\0',2,'2014-01-30 16:19:02','8992858544817','ITEM-0170','KALPANAX CAIR 10 ML'),(171,'\0','\0',2,'2014-01-30 16:20:27','8997013148688','ITEM-0171','SALEB 88 6 GR'),(172,'\0','\0',2,'2014-01-30 16:21:29','6920561000148','ITEM-0172','DIE DA YAO JING 30 CC'),(173,'\0','\0',2,'2014-01-30 16:23:48','8991212835646','ITEM-0173','RIVANOL MOLEX 100 ML'),(174,'\0','\0',2,'2014-01-30 16:24:50','8993176150018','ITEM-0174','INHALER LANG CAP LANG'),(175,'\0','\0',2,'2014-01-30 16:27:21','8991212160403','ITEM-0175','ALKOHOL MOLEX 100 ML'),(176,'\0','\0',2,'2014-01-30 16:28:34','8997009230076','ITEM-0176','OBHCITO SIRUP 100 ML'),(177,'\0','\0',2,'2014-01-30 16:29:24','8993176120028','ITEM-0177','BALSEM LANG CAP LANG 20 GR'),(178,'\0','\0',2,'2014-01-30 16:31:00','8993176120035','ITEM-0178','BALSEM LANG CAP LANG 10 GR'),(179,'\0','\0',2,'2014-01-30 16:32:10','8991212887409','ITEM-0179','NOSIB CAP BISON 14 GR'),(180,'\0','\0',2,'2014-01-30 16:33:20','8993176812022','ITEM-0180','GELIGA BALSEM OTOT 20 GR'),(181,'\0','\0',2,'2014-01-30 16:34:10','8993176812039','ITEM-0181','GELIGA BALSEM OTOT 10 GR'),(182,'\0','\0',2,'2014-01-30 16:34:50','8993060100235','ITEM-0182','BALPIRIK EKSTRA KUAT '),(183,'\0','\0',2,'2014-01-30 16:36:17','8992772311014','ITEM-0183','SOFFEL RS JERUK 3@ 13 LT'),(184,'\0','\0',2,'2014-01-30 16:37:07','8992772011013','ITEM-0184','SOFFEL RS BUNGA GERANIUM 3@ 13 LT'),(185,'\0','\0',2,'2014-01-30 16:38:28','8991212763628','ITEM-0185','NACHITAPE BESAR'),(186,'\0','\0',2,'2014-01-30 16:39:37','8991212554073','ITEM-0186','NACHITAPE KECIL'),(187,'\0','\0',2,'2014-01-30 16:40:34','8991212146094','ITEM-0187','NACHITAPE SEDANG '),(188,'\0','\0',2,'2014-01-30 16:42:22','8991212217190','ITEM-0188','SAGON KELAPA'),(189,'\0','\0',2,'2014-01-30 16:45:57','8991001501011','ITEM-0189','DELFI CHIC CHOC 65 GR'),(190,'\0','\0',2,'2014-01-30 16:46:46','8998288016627','ITEM-0190','MY JELLY 70 GR'),(191,'\0','\0',2,'2014-01-30 16:47:28','8991001121615','ITEM-0191','SILVER QUEEN MILK CHOCOLATE 75 GR'),(192,'\0','\0',2,'2014-01-30 16:50:43','8991001111289','ITEM-0192','SILVER QUEEN CHASEW 33 GR'),(193,'\0','\0',2,'2014-01-30 16:52:39','8991212467656','ITEM-0193','KOREK API TOKAI'),(194,'\0','\0',2,'2014-01-30 16:55:30','89917015','ITEM-0194','VITACIMIN SWEETLET 2@BKS'),(195,'\0','\0',2,'2014-01-30 16:56:36','95502489','ITEM-0195','NESTLE KITKAT 17 GR'),(196,'\0','\0',2,'2014-01-30 16:57:54','8990800100050','ITEM-0196','MENTOS RASA BUAH 37 GR'),(197,'\0','\0',2,'2014-01-30 16:58:52','8991001501028','ITEM-0197','DELFI CHA-CHA PEANUT 80 GR'),(198,'\0','\0',2,'2014-01-30 16:59:57','8999801310239','ITEM-0198','BATERE ABC KECIL 4@BKS'),(199,'\0','\0',2,'2014-01-30 17:01:47','8887229020017','ITEM-0199','CHOCOLATE SHORTCAKE BANANA 225 GR'),(200,'\0','\0',2,'2014-01-30 17:03:42','8887229020123','ITEM-0200','CHOCOLATE SHORTCAKE TIRAMISHU 225 GR'),(201,'\0','\0',2,'2014-01-30 17:04:37','8887229021670','ITEM-0201','CHOCOLATE SHORTCAKE BLUEBERRY 225 GR'),(202,'\0','\0',2,'2014-01-30 17:05:27','8992758111072','ITEM-0202','INTERBIS BISKUIT MARIE 180 GR'),(203,'\0','\0',2,'2014-01-30 17:06:31','4711036008200','ITEM-0203','HATARI SEE HONG PUFF 260 GR'),(204,'\0','\0',2,'2014-01-30 17:07:20','8992726938663','ITEM-0204','INACO NATA DE COCO 360 GR'),(205,'\0','\0',2,'2014-01-30 17:08:36','8997006331738','ITEM-0205','HOCK SEN SEE HONG PUFF 210 GR'),(206,'\0','\0',2,'2014-01-30 17:09:24','8992758110983','ITEM-0206','BISKUIT MARIE INTERBIS 200 GR'),(207,'\0','\0',2,'2014-01-30 17:10:13','8996001301142','ITEM-0207','ROMA BISKUIT KELAPA 300 GR'),(208,'\0','\0',2,'2014-01-30 17:11:43','8886052828289','ITEM-0209','DANE\'S MILK MARIE SUSU 200 GR'),(209,'\0','\0',2,'2014-01-30 17:12:58','I8888166606265','ITEM-0210','KHONG GUAN MALKIST SAYUR 135 GR'),(210,'\0','\0',2,'2014-01-30 17:13:50','8888166607262','ITEM-02','KONG GUAN MALKIST ABON 135 GR'),(211,'\0','\0',2,'2014-01-30 17:15:16','8888166989344','ITEM-02011','KONG GUAN MALKIST CRAKERS 115 GR'),(212,'\0','\0',2,'2014-01-30 17:16:27','089686611649','ITEM-0211','QTELA SINGKONG BARBEQUE 185 GR'),(213,'\0','\0',2,'2014-01-30 17:17:40','089686598476','ITEM-0212','CHITATO RS AYAM BUMBU 75 GR'),(214,'\0','\0',2,'2014-01-30 17:18:54','089686598421','ITEM-0213','CHITATO RS AYAM BUMBU 40 GR'),(215,'\0','\0',2,'2014-01-30 17:19:58','089686596502','ITEM-0214','LAY\'S RS RUMPUT LAUT 184 GR'),(216,'\0','\0',2,'2014-01-30 17:20:40','089686611731','ITEM-0215','QTELA SINGKONG RS KEJU PANGGANG 60 GR'),(217,'\0','\0',2,'2014-01-30 17:22:12','089686611519','ITEM-0216','QTELA SINGKONG RS ORIGINAL 60 GR'),(218,'\0','\0',2,'2014-01-30 17:23:38','089686596465','ITEM-0217','LAYS RS RUMPUT LAUT 750 GR'),(219,'\0','\0',2,'2014-01-30 17:25:36','089686598025','ITEM-0218','CHITATO RS SAPI PANGGANG 40 GR'),(220,'\0','\0',2,'2014-01-30 17:28:24','011747233033','ITEM-0219','DUA KELINCI KACANG GARING 250 GR'),(221,'\0','\0',2,'2014-01-30 17:29:14','8888166989634','ITEM-0220','MONDE SERENA SNACK 50 GR'),(222,'\0','\0',2,'2014-01-30 17:34:24','3898988601','ITEM-0221','BINTANG ZERO 330 ML'),(223,'\0','\0',2,'2014-01-30 17:35:51','8999999100506','ITEM-0222','BANGO KECAP MANIS 600 ML '),(224,'\0','\0',2,'2014-01-30 17:37:59','8999999195649','ITEM-0223','SARI WANGI KOTAK 46,23 MG'),(225,'\0','\0',2,'2014-01-30 17:38:50','8999999031602','ITEM-0224','SARI MURNI 40 GR'),(226,'\0','\0',2,'2014-01-30 17:45:00','8992770035110','ITEM-0225','AJINOMOTO MASAKO AYAM 3@7,5 GR'),(227,'\0','\0',2,'2014-01-30 17:41:19','8999999193522','ITEM-0226','SARIWANGI TEH ASLI 2@9,25 GR'),(228,'\0','\0',2,'2014-01-30 17:44:04','8992770035127','ITEM-0227','AJINOMOTO MASAKO SAPI 2@7,5 GR'),(229,'\0','\0',2,'2014-01-30 17:53:39','8999999036041','ITEM-0228','ROYCO RASA AYAM 3@7 GR'),(230,'\0','\0',4,'2014-01-30 17:58:18','8999999002503','ITEM-0229','BANGO KECAP MANIS 275 ML'),(231,'\0','\0',4,'2014-01-30 18:01:28','8999999012625','ITEM-0230','BANGO KECAP MANIS 220 ML '),(232,'\0','\0',4,'2014-01-30 18:03:53','8994366110010','ITEM-0231','KERATON SARI JAHE 30 ML'),(233,'\0','\0',4,'2014-01-30 18:11:17','8991002109155','ITEM-0232','KAPAL API FRESCO 3BKS@30 GR'),(234,'\0','\0',4,'2014-01-30 18:13:36','8991002115149','ITEM-0233','KAPAL API GRANDE 3@20G'),(235,'\0','\0',4,'2014-01-30 18:17:07','8991001301024','ITEM-0234','CERES FESTIVE 90 GR'),(236,'\0','\0',4,'2014-01-30 18:19:29','089686381016','ITEM-0235','INDOFOOD MAGIC LEZAT 50GR'),(237,'\0','\0',4,'2014-01-30 18:22:59','8995952011223','ITEM-0236','MORIN ORANGE MARMALADE 170 GR'),(238,'\0','\0',4,'2014-01-30 18:25:36','8995952001224','ITEM-0237','MORIN KAYA SPREAD 170 GR'),(239,'\0','\0',4,'2014-01-30 18:28:18','8992952925925','ITEM-0238','BELLA COKLAT MEISES HAGELMIXS 90 GR'),(240,'\0','\0',4,'2014-01-30 18:35:07','8999999027032','ITEM-0239','LIFEBOY STRONG & SHINY 8@ 10 ML'),(241,'','',4,'2014-01-30 21:41:44',NULL,'ITEM-0240','LIFEBOY SHAMPO STRONG & SHINY 70 ML'),(242,'','',4,'2014-01-30 21:42:23',NULL,'ITEM-0241','LIFEBOY ANTI DUNDRUFF 70 ML'),(243,'','',4,'2014-01-30 21:42:36',NULL,'ITEM-0242','LIFEBOY STRONG & SHINY BESAR 170 ML'),(244,'','',4,'2014-01-30 22:26:10',NULL,'ITEM-0243','LIFEBOY STRONG & SHINY 70 ML'),(245,'','',4,'2014-01-30 22:26:18',NULL,'ITEM-0244','LIFEBOY ANTI DANDRUFF 70 ML'),(246,'','',4,'2014-01-30 22:26:29',NULL,'ITEM-0245','LIFEBOY STRONG & SHINY 170 ML'),(247,'','',4,'2014-01-30 22:26:32',NULL,'ITEM-0246','LIFEBOY HAIR FALL 170 ML'),(248,'','',4,'2014-01-30 22:26:42',NULL,'ITEM-0247','SUNSLIK BLACK SHINE 80 ML'),(249,'','',4,'2014-01-30 22:26:47',NULL,'ITEM-0248','CITRA LASTING WHITE 60 ML'),(250,'','',4,'2014-01-30 22:26:50',NULL,'ITEM-0249','SUNSLIK NURISHING SOFT & SMOOTH 80 ML'),(251,'','',4,'2014-01-30 22:26:53',NULL,'ITEM-0250','ESKULIN MIST COLOGNE 125 ML'),(252,'','',4,'2014-01-30 22:26:56',NULL,'ITEM-0251','ESKULIN SPLASH COLGNE 125 ML'),(253,'','',4,'2014-01-30 22:26:59',NULL,'ITEM-0252','PONDS WHITE BEAUTY 100 GR'),(254,'\0','\0',4,'2014-01-31 07:03:14','8999999003753','ITEM-0253','CITRA LASTING WHITE UV 250 ML'),(255,'\0','\0',4,'2014-02-01 07:38:09','8999999003760','ITEM-0254','CITRA PEARLY WHITE UV 250 ML '),(256,'\0','\0',4,'2014-02-01 07:22:05','8993417402234','ITEM-0255','ESKULIN MIST 125 ML'),(257,'\0','\0',4,'2014-02-01 08:02:56','8999999710866','ITEM-0256','PEPSODENT HERBAL JERUK NIPIS 190 GR'),(258,'\0','\0',4,'2014-02-01 08:13:47','8999999710880','ITEM-0257','PEPSODENT HERBAL JERUK NIPIS 75 GR'),(259,'\0','\0',4,'2014-02-01 08:17:07','8999999706081','ITEM-0258','PEPSODENT 12 JAM 75 GR'),(260,'\0','\0',4,'2014-02-01 08:29:51','8999999706180','ITEM-0259','PEPSODENT 12 JAM 190 GR'),(261,'\0','\0',4,'2014-02-01 08:39:01','8999999713201','ITEM-0260','SKT GIGI PEPSODENT MEDIUM'),(262,'\0','\0',4,'2014-02-01 08:42:10','8999999027780','ITEM-0261','DOVE HAIR TERAPY 10 ML'),(263,'\0','\0',4,'2014-02-01 08:49:17','8999999027766','ITEM-026','DOVE HAIR THERAPY DUNDRUFF CARE 10 ML'),(264,'\0','\0',4,'2014-02-01 08:54:03','8999999027759','ITEM- 0261','DOVE HAIRTHERAPY DAILY SHINE 10 ML'),(265,'\0','\0',4,'2014-02-01 08:58:19','8999999027018','ITEM-0262','SUNSLIK NOURISHING SOFT & SMOOTH 10 ML'),(266,'\0','\0',4,'2014-02-01 09:01:35','8999999027025','ITEM-0263','SUNSLIK BLACK SHINE 10 ML'),(267,'\0','\0',4,'2014-02-01 09:07:31','8999999027056','ITEM-0264','LIFEBOY ANTI DANDRUFF 10 ML '),(268,'\0','\0',4,'2014-02-01 09:13:50','8999999027049','ITEM-0265','LIFEBOY ANTI HAIR FALL 10 ML'),(269,'\0','\0',4,'2014-02-01 09:17:51','8999999027582','ITEM-0266','CLEAR WOMAN 10 ML'),(270,'\0','\0',4,'2014-02-01 09:22:30','8999999027599','ITEM-0267','CLEAR SHAMPO ANTI KETOMBE 10 ML'),(271,'\0','\0',4,'2014-02-01 09:30:33','8999999027605  ','ITEM-0268','CLEAR COMPLETE SOFT CARE 10 ML'),(272,'\0','\0',4,'2014-02-01 09:34:26','8934868015024','ITEM-0269','REXONA WOMEN DEO LOTION 10 GR'),(273,'\0','\0',4,'2014-02-01 09:36:54','8934868015031','ITEM-0270','REXONA MEN ICE COOL 10 GR'),(274,'\0','\0',4,'2014-02-01 09:41:55','8999999021979','ITEM-0271','LIFEBOY MILDCARE 80 GR'),(275,'\0','\0',4,'2014-02-01 09:49:31','8999999036676','ITEM-0272','LUX AQUA SPARKLY 85 GR'),(276,'\0','\0',4,'2014-02-01 09:52:24','8999999002312','ITEM-0273','CITRA PEARLY WHITE 75 GR'),(277,'\0','\0',4,'2014-02-01 09:55:58','8999999036638','ITEM-0274','LUX VELVET TOUCH 85 GR'),(278,'\0','\0',4,'2014-02-01 09:58:51','8999999021962','ITEM-0275','LIFEBOY TOTAL 80 GR'),(279,'\0','\0',4,'2014-02-01 10:01:18','8999999027896','ITEM-0276','LIFEBOY LEMON FRESH 80 GR'),(280,'\0','\0',4,'2014-02-01 10:04:56','8999999023980','ITEM-0277','CITRA SPOTLESS WHITE 75 GR'),(281,'\0','\0',4,'2014-02-01 10:10:09','8998103000589','ITEM-0278','CUSSON BABY SOOFT & SMOOTH 175 GR'),(282,'\0','\0',4,'2014-02-01 10:15:05','8998103000688','ITEM-0279','CUSSON BABY SOFT & SMOOTH 500 GR'),(283,'\0','\0',4,'2014-02-01 10:18:21','8998103000565','ITEM-0280','CUSSON BABY SOFT & SMOOTH 88 GR'),(284,'','',4,'2014-02-01 12:23:49',NULL,'ITEM-0281','CUSSONS BABY MILD GENTLE 200 GR'),(285,'\0','\0',5,'2014-02-01 12:28:10','8888103201218','ITEM-0282','CUSSONS BABY MILD&GENTLE 200 GR'),(286,'\0','\0',5,'2014-02-01 12:32:24','8888103006844','ITEM-0283','CUSSONS BABY WIPES MILD & GENTLE 50 SHEETS'),(287,'\0','\0',5,'2014-02-01 12:41:14','8998103100685','ITEM-0284','CUSSONS BABY WIPES NATURALLY REFRESHING 50 SHEETS'),(288,'\0','\0',5,'2014-02-01 12:46:05','8999999036898','ITEM-0285','LUX MOISTURIZING BODY WASH 250 ML'),(289,'\0','\0',5,'2014-02-01 12:49:07','8998103100692','ITEM-0286','CUSSONS BABY WIPES CARES & PROTECTS 50 SHEETS'),(290,'\0','\0',5,'2014-02-01 12:52:20','8888103006882','ITEM- 0287','CUSSONS BABY WIPES SOFT & SMOOTH 50 SHEETS'),(291,'\0','\0',5,'2014-02-01 12:55:19','8999999036690','ITEM-0288','LUX MAGICAL SPELL 85 G'),(292,'\0','\0',5,'2014-02-01 13:11:12','8998103011806','ITEM- 0289','CUSSONS BABY BLUEBERRY SMOOTHIE 50 G'),(293,'\0','\0',5,'2014-02-01 13:12:53','8998103004488','ITEM- 02890','CUSSONS BABY OLI 50 G'),(294,'\0','\0',5,'2014-02-01 13:15:08','8998103011561','ITEM-02891','CUSSONS BABY MILK BATH 50 G'),(295,'\0','\0',5,'2014-02-01 13:16:37','8998103008158','ITEM-02892','CUSSONS BABY HAIR LOTION 50 G'),(296,'\0','\0',5,'2014-02-01 13:19:00','4902430400886','ITEM-02893','PANTENE SHAMPO HAIR FALL CONTROL 170 ML'),(297,'\0','\0',5,'2014-02-01 13:21:04','4902430400602','ITEM-02894','PANTENE SHAMPO TOTAL DAMAGE CARE 170 ML'),(298,'\0','\0',5,'2014-02-01 13:22:41','4902430418300','ITEM-02895','PANTENE SHAMPO LONG BLACK 170 ML'),(299,'\0','\0',5,'2014-02-01 13:24:35','4902430400879','ITEM-02896','PANTENE SHAMPO SILKY SMOOTH CARE 170 ML'),(300,'\0','\0',5,'2014-02-01 13:26:03','4902430400947','ITEM-02897','PANTENE SHAMPO ANTI DANDRUFF 170 ML'),(301,'\0','\0',5,'2014-02-01 13:27:48','8888103006820','ITEM-02898','CUSSONS BABY WIPES MILD & GENTLE 10 SHEETS'),(302,'\0','\0',5,'2014-02-01 13:30:20','8888103006868','ITEM-02899','CUSSONS BABY WIPES SOFT & SMOOTH 10 SHEETS'),(303,'\0','\0',5,'2014-02-01 13:32:37','8993189270819','ITEM-028100','MAMY POKO PANTS STANDAR 1PCS'),(304,'\0','\0',5,'2014-02-01 13:35:28','8992727003087','ITEM-028101','LAURIER RELAX NIGHT 6 PADS'),(305,'\0','\0',5,'2014-02-01 13:37:50','8993189270086','ITEM-028102','CHARM BODY FIT 8 PADS'),(306,'\0','\0',5,'2014-02-01 13:41:14','8992959508893','ITEM-028103','SWEETY FIT PANTZ S 4-8 KG'),(307,'\0','\0',5,'2014-02-01 13:42:55','8993189272424','ITEM-028104','CHARM EXTRA DRY 6 PADS'),(308,'\0','\0',5,'2014-02-01 13:44:28','8850007331353','ITEM-028105','CAREFREE SUPER DRY LONG'),(309,'\0','\0',5,'2014-02-01 13:47:35','8993189320347','ITEM-028106','CHARM EXTRA DRY LONG 25 CM 8 PADS'),(310,'\0','\0',5,'2014-02-01 13:49:27','8993189270758','ITEM-028107','CHARM LONG & WIDE 20 LBR'),(311,'\0','\0',5,'2014-02-01 13:51:18','8992727004053','ITEM- 028108','ACTIVE DAY 8 PADS'),(312,'\0','\0',5,'2014-02-01 13:53:21','8998103204451','ITEM- 028109','CUSSONS BABY HAIR LOTTION 100 ML'),(313,'\0','\0',5,'2014-02-01 14:01:24','8999999033132','ITEM-028110','LIFEBUOY SHAMPO RAMBUT LEBAT 170 ML'),(314,'\0','\0',5,'2014-02-01 14:03:37','8999999033170','ITEM-028111','LIFEBUOY STRONG &SHINY 170 ML'),(315,'\0','\0',5,'2014-02-01 14:07:28','8999999033163','ITEM-028112','LIFEBUOY STRONG & SHINY 70 ML'),(316,'\0','\0',5,'2014-02-01 14:13:17','8999999003722','ITEM-028113','CITRA PEARLY WHITE UV 120 ML '),(317,'\0','\0',5,'2014-02-01 14:15:57','8999999003708','ITEM-028114','CITRA LASTING WHITE UV SEDANG 120 ML'),(318,'\0','\0',5,'2014-02-01 14:19:00','8999999717094','ITEM-028115','PONDS BEAUTY 100 G'),(319,'\0','\0',5,'2014-02-01 14:21:14','8999999029364','ITEM-028116','SUNSILK BLACK SHINE 80 ML'),(320,'\0','\0',5,'2014-02-01 14:23:17','8999999033200','ITEM-028117','LIFEBUOY ANTI DANDRUFF 70 ML'),(321,'\0','\0',5,'2014-02-01 14:26:00','8999999029333','ITEM-028118','SUNSLIK NOURISHING SOFT &SMOOTH 80 ML'),(322,'\0','\0',5,'2014-02-01 14:44:38','8999999004194','ITEM-028119','CITRA LASTING WHITE UV 60 ML'),(323,'\0','\0',5,'2014-02-01 14:48:14','8993417412219','ITEM-028120','ESKULIN SPLASH COLOGNE 125 ML'),(324,'','',5,'2014-02-01 15:33:37',NULL,'ITEM-028121','GOOD TIME MINI 1 TRIPLE CHOCOCHIPS'),(325,'','',5,'2014-02-01 15:33:43',NULL,'ITEM-028122','GOOD TIME MINI TRIPLE CHOCOCHIPS'),(326,'\0','\0',5,'2014-02-01 15:37:05','8994755030400','ITEM-028123','GOOD TIME MINI DOUBLE CHOC CHOCOCHIPS 45 GR'),(327,'\0','\0',5,'2014-02-01 15:40:13','8994755030417','ITEM-028124','GOOD TIME CLASSIC CHOCOCHIP 45 GR'),(328,'\0','\0',5,'2014-02-01 15:43:22','8994755030424','ITEM-028125','GOOD TIME TRIPLE CHOCOCHIPS 45 GR'),(329,'\0','\0',5,'2014-02-01 15:47:31','8886015414061','ITEM-028126','NYAM NYAM BUBLE PUFF CHOCO 18 GR'),(330,'\0','\0',5,'2014-02-01 15:49:29','8994755020241','ITEM-028127','NYAM NYAM BUBLE PUFF STRAWBERRY 18 GR'),(331,'\0','\0',5,'2014-02-01 15:52:28','8994755020258','ITEM- 028128','NYAM NYAM BUBBLE PUFF BLUEBERRY 18 GR '),(332,'\0','\0',5,'2014-02-01 16:00:14','8994755020265','ITEM-028129','NYAM NYAM FANTASY STICK BLUEBERY 25 GR'),(333,'\0','\0',5,'2014-02-01 15:56:30','8886015409289','ITEM-028130','NYAM NYAM FANTASY STICK CHOCOBERRY 25 GR'),(334,'\0','\0',5,'2014-02-01 16:02:53','8886015401030','ITEM-028131','NYAM NYAM FANTASY STICK 25 GR'),(335,'\0','\0',5,'2014-02-01 16:04:32','8886015403034','ITEM-028132','NYAM NYAM FANTASY STICK STRAWBERRY 25 GR'),(336,'\0','\0',5,'2014-02-01 16:06:39','8886015402037','ITEM-028133','NYAM NYAM FANTASY STICK SPARKLING CHOCO 22,5 GR'),(337,'\0','\0',5,'2014-02-01 16:13:05','8992759114348','ITEM-028134','NICE FACIAL TISSUE JERUK 200 SHEETS '),(338,'\0','\0',5,'2014-02-01 16:27:57','8999999390181','ITEM-028135','SUNLIGHT JERUK NIPIS 400 ML'),(339,'\0','\0',5,'2014-02-01 16:39:26','8999999390198','ITEM-028136','SUNLIGHT JERUK NIPIS 800 ML'),(340,'\0','\0',5,'2014-02-01 16:41:38','8999999390419','ITEM-028137','SUNLIGHT JERUK NIPIS 200 ML'),(341,'\0','\0',5,'2014-02-01 16:44:05','8999999037352','ITEM-028138','SUNLIGHT JERUK NIPIS 85 ML'),(342,'\0','\0',5,'2014-02-01 16:46:21','8999999406936','ITEM-028139','SUPER PELL JERUK 400 ML'),(343,'\0','\0',5,'2014-02-01 16:49:40','8999999406943','ITEM-028140','SUPER PELL JERUK 800 ML'),(344,'\0','\0',5,'2014-02-01 16:51:56','8999999406929','ITEM-028141','SUPER PELL APLE 800 ML'),(345,'\0','\0',5,'2014-02-01 16:58:17','8998009040023','ITEM-028142','TEH KOTAK MELATI 200 ML'),(346,'\0','\0',5,'2014-02-01 17:00:04','8998009020216','ITEM- 028143','BUAVITA LECI 250 ML'),(347,'\0','\0',5,'2014-02-01 17:02:02','8998009020209','ITEM-028144','BUAVITA SIRSAK 250 ML'),(348,'\0','\0',5,'2014-02-01 17:03:27','8998009020193','ITEM- 028145','BUAVITA MANGGO 250 ML'),(349,'\0','\0',5,'2014-02-01 17:04:45','8998009020223','ITEM-028146','BUAVITA APPLE 250 ML'),(350,'\0','\0',5,'2014-02-01 17:07:39','089686061079','ITEM-028147','POP MIE SOTO 35 G'),(351,'\0','\0',5,'2014-02-01 17:10:57','089686061024','ITEM-028148','POP MIE AYAM BAWANG 35 G'),(352,'\0','\0',5,'2014-02-01 17:12:31','8886057883665','ITEM- 028149','KRATINGDAENG 150 ML'),(353,'\0','\0',5,'2014-02-01 17:18:35','8998009010590','ITEM-028150','ULTRA MILD COKLAT 125 ML'),(354,'\0','\0',5,'2014-02-01 17:20:33','8999999406950','ITEM-028151','SUPER PELL APLE 400 ML'),(355,'\0','\0',5,'2014-02-01 17:22:10','8992388101023','ITEM- 028152','NII GREEN TEA MADU 500 ML'),(356,'\0','\0',5,'2014-02-01 17:24:02','8992752111306','ITEM-028153','MIZONE COCOPINA 500 ML'),(357,'\0','\0',5,'2014-02-01 17:26:02','8992752119104','ITEM- 028154','MIZONE LYCHEE LEMON 500 ML'),(358,'\0','\0',5,'2014-02-01 17:27:38','8996001524091','ITEM-028155','SUPER BUBUR AYAM 27 G'),(359,'\0','\0',5,'2014-02-01 17:29:35','089686530209','ITEM- 028156','PROMINA PISANG 20 G'),(360,'\0','\0',5,'2014-02-01 17:31:24','08968653010','ITEM-028157','PROMINA KACANG HJAU 20 G'),(361,'\0','\0',5,'2014-02-01 17:32:43','089686530001','ITEM-028158','PROMINA BERAS MERAH 20 G'),(362,'\0','\0',5,'2014-02-01 17:34:18','8999999400903','ITEM-028159','MOLTO PEWANGI FLORAL BLISS 450 ML'),(363,'\0','\0',5,'2014-02-01 17:36:36','8999999400934','ITEM-028160','MOLTO PEWNANGI FLOWER SHOWER 450 ML '),(364,'\0','\0',5,'2014-02-01 17:38:11','8999999001117','ITEM-028161','LIFEBUOY TOTAL 250 ML'),(365,'\0','\0',5,'2014-02-01 17:40:02','8999999027278','ITEM-028162','LIFEBUOY LEMONFRESH 250 ML'),(366,'\0','\0',5,'2014-02-01 17:41:19','8999999407872','ITEM-028163','WIPOL 450 ML'),(367,'\0','\0',5,'2014-02-01 17:42:54','8999999001124','ITEM-028164','LIFEBUOY MILDCARE 250 ML'),(368,'','',5,'2014-02-01 18:02:14',NULL,'ITEM-028165','WIPOL BOTOL 450 ML'),(369,'','',5,'2014-02-01 18:02:24',NULL,'ITEM-028166','PASEO ELEGANT 200 SHEETS'),(370,'\0','\0',5,'2014-02-01 18:03:56','8999999407896','ITEM-028167','WIPOL BOTOL 450ML'),(371,'','',5,'2014-02-01 19:48:10',NULL,'ITEM-028168','KERIPIK PANGSIT 200 GR');
/*!40000 ALTER TABLE `items` ENABLE KEYS */;
UNLOCK TABLES;

--
-- Table structure for table `payable_summaries`
--

DROP TABLE IF EXISTS `payable_summaries`;
/*!40101 SET @saved_cs_client     = @@character_set_client */;
/*!40101 SET character_set_client = utf8 */;
CREATE TABLE `payable_summaries` (
  `ID` int(11) NOT NULL AUTO_INCREMENT,
  `DELETED` bit(1) NOT NULL,
  `DISABLED` bit(1) NOT NULL,
  `LAST_UPDATED_BY` int(11) NOT NULL,
  `LAST_UPDATED_TIMESTAMP` datetime NOT NULL,
  `CLIENT_ID` int(11) NOT NULL,
  `LAST_PAYABLE_TRANSACTION_ID` int(11) NOT NULL,
  `REMAINING_AMOUNT` decimal(19,2) NOT NULL,
  PRIMARY KEY (`ID`),
  UNIQUE KEY `CLIENT_ID` (`CLIENT_ID`)
) ENGINE=InnoDB AUTO_INCREMENT=2 DEFAULT CHARSET=latin1;
/*!40101 SET character_set_client = @saved_cs_client */;

--
-- Dumping data for table `payable_summaries`
--

LOCK TABLES `payable_summaries` WRITE;
/*!40000 ALTER TABLE `payable_summaries` DISABLE KEYS */;
INSERT INTO `payable_summaries` VALUES (1,'\0','\0',4,'2014-02-01 10:46:53',1,5,784350.00);
/*!40000 ALTER TABLE `payable_summaries` ENABLE KEYS */;
UNLOCK TABLES;

--
-- Table structure for table `payable_transactions`
--

DROP TABLE IF EXISTS `payable_transactions`;
/*!40101 SET @saved_cs_client     = @@character_set_client */;
/*!40101 SET character_set_client = utf8 */;
CREATE TABLE `payable_transactions` (
  `ID` int(11) NOT NULL AUTO_INCREMENT,
  `DELETED` bit(1) NOT NULL,
  `DISABLED` bit(1) NOT NULL,
  `LAST_UPDATED_BY` int(11) NOT NULL,
  `LAST_UPDATED_TIMESTAMP` datetime NOT NULL,
  `ACCOUNT_ACTION` varchar(255) NOT NULL,
  `ACTION_TIMESTAMP` datetime NOT NULL,
  `AMOUNT` decimal(19,2) NOT NULL,
  `DESCRIPTION` varchar(255) NOT NULL,
  `MATURITY_DATE` datetime NOT NULL,
  `REFF_NUMBER` varchar(255) NOT NULL,
  `PAYABLE_SUMMARY_ID` int(11) NOT NULL,
  PRIMARY KEY (`ID`),
  UNIQUE KEY `REFF_NUMBER` (`REFF_NUMBER`),
  KEY `FKA36CBC92651BD8D5` (`PAYABLE_SUMMARY_ID`),
  CONSTRAINT `FKA36CBC92651BD8D5` FOREIGN KEY (`PAYABLE_SUMMARY_ID`) REFERENCES `payable_summaries` (`ID`)
) ENGINE=InnoDB AUTO_INCREMENT=6 DEFAULT CHARSET=latin1;
/*!40101 SET character_set_client = @saved_cs_client */;

--
-- Dumping data for table `payable_transactions`
--

LOCK TABLES `payable_transactions` WRITE;
/*!40000 ALTER TABLE `payable_transactions` DISABLE KEYS */;
INSERT INTO `payable_transactions` VALUES (1,'\0','\0',4,'2014-01-31 07:06:48','INCREASE','2014-01-31 07:06:48',34650.00,'Hutang untuk transaksi pembelian: PUR20140131070104','2015-01-31 07:06:48','PAY20140131070648',1),(2,'\0','\0',4,'2014-02-01 07:24:07','INCREASE','2014-02-01 07:24:07',21700.00,'Hutang untuk transaksi pembelian: PUR20140201071901','2015-02-01 07:24:07','PAY20140201072407',1),(3,'\0','\0',4,'2014-02-01 08:05:41','INCREASE','2014-02-01 08:05:41',52500.00,'Hutang untuk transaksi pembelian: PUR20140201075923','2015-02-01 08:05:41','PAY20140201080541',1),(4,'\0','\0',4,'2014-02-01 08:21:31','INCREASE','2014-02-01 08:21:31',77000.00,'Hutang untuk transaksi pembelian: PUR20140201081146','2015-02-01 08:21:31','PAY20140201082131',1),(5,'\0','\0',4,'2014-02-01 10:46:53','INCREASE','2014-02-01 10:46:53',598500.00,'Hutang untuk transaksi pembelian: PUR20140201082644','2015-02-01 10:46:53','PAY20140201104653',1);
/*!40000 ALTER TABLE `payable_transactions` ENABLE KEYS */;
UNLOCK TABLES;

--
-- Table structure for table `permissions`
--

DROP TABLE IF EXISTS `permissions`;
/*!40101 SET @saved_cs_client     = @@character_set_client */;
/*!40101 SET character_set_client = utf8 */;
CREATE TABLE `permissions` (
  `ID` int(11) NOT NULL AUTO_INCREMENT,
  `DELETED` bit(1) NOT NULL,
  `DISABLED` bit(1) NOT NULL,
  `LAST_UPDATED_BY` int(11) NOT NULL,
  `LAST_UPDATED_TIMESTAMP` datetime NOT NULL,
  `DESCRIPTION` varchar(255) DEFAULT NULL,
  `NAME` varchar(255) NOT NULL,
  PRIMARY KEY (`ID`),
  UNIQUE KEY `NAME` (`NAME`)
) ENGINE=InnoDB DEFAULT CHARSET=latin1;
/*!40101 SET character_set_client = @saved_cs_client */;

--
-- Dumping data for table `permissions`
--

LOCK TABLES `permissions` WRITE;
/*!40000 ALTER TABLE `permissions` DISABLE KEYS */;
/*!40000 ALTER TABLE `permissions` ENABLE KEYS */;
UNLOCK TABLES;

--
-- Table structure for table `purchase_details`
--

DROP TABLE IF EXISTS `purchase_details`;
/*!40101 SET @saved_cs_client     = @@character_set_client */;
/*!40101 SET character_set_client = utf8 */;
CREATE TABLE `purchase_details` (
  `ID` int(11) NOT NULL AUTO_INCREMENT,
  `DELETED` bit(1) NOT NULL,
  `DISABLED` bit(1) NOT NULL,
  `LAST_UPDATED_BY` int(11) NOT NULL,
  `LAST_UPDATED_TIMESTAMP` datetime NOT NULL,
  `ITEM_CODE` varchar(255) NOT NULL,
  `ITEM_NAME` varchar(255) NOT NULL,
  `ORDER_NUM` int(11) NOT NULL,
  `PRICE_PER_UNIT` decimal(19,2) NOT NULL,
  `QUANTITY` int(11) NOT NULL,
  `TOTAL_AMOUNT` decimal(19,2) NOT NULL,
  `UNIT` varchar(255) NOT NULL,
  `PURCHASE_HEADER_ID` int(11) NOT NULL,
  PRIMARY KEY (`ID`),
  KEY `FK4F4288E4E74BCC1D` (`PURCHASE_HEADER_ID`),
  CONSTRAINT `FK4F4288E4E74BCC1D` FOREIGN KEY (`PURCHASE_HEADER_ID`) REFERENCES `purchase_headers` (`ID`)
) ENGINE=InnoDB AUTO_INCREMENT=358 DEFAULT CHARSET=latin1;
/*!40101 SET character_set_client = @saved_cs_client */;

--
-- Dumping data for table `purchase_details`
--

LOCK TABLES `purchase_details` WRITE;
/*!40000 ALTER TABLE `purchase_details` DISABLE KEYS */;
INSERT INTO `purchase_details` VALUES (1,'\0','\0',2,'2014-01-27 16:05:18','ITEM-0001','FROZZ TROPICAL MANGO 15 GR',1,4212.00,6,25272.00,'PCS',1),(2,'\0','\0',2,'2014-01-27 16:05:18','ITEM-0002','FROZZ LIME 15 GR',2,4212.00,6,25272.00,'PCS',1),(3,'\0','\0',2,'2014-01-27 16:05:18','ITEM-0003','FROZZ BARLEY MINT 15 GR',3,4212.00,9,37908.00,'PCS',1),(4,'\0','\0',2,'2014-01-27 16:05:18','ITEM-0004','FROZZ ORANGE MINT 15 GR',4,4212.00,6,25272.00,'PCS',1),(5,'\0','\0',2,'2014-01-27 16:05:18','ITEM-0005','PARFUM DOVE',5,4000.00,61,244000.00,'BOTOL',1),(6,'\0','\0',2,'2014-01-27 16:05:18','ITEM-0006','NANO NANO KULIT JERUK',6,891.00,40,35640.00,'BKS',1),(7,'\0','\0',2,'2014-01-27 16:25:06','ITEM-0007','LOTTE FUSEN NO MI STRAW 15 GR',1,3545.00,5,17725.00,'PCS',2),(8,'\0','\0',2,'2014-01-27 16:25:06','ITEM-0008','LOTTE FUSEN NO MI BLUBER 15 GR',2,327310.00,5,1636550.00,'pcs',2),(9,'\0','\0',2,'2014-01-27 16:25:06','ITEM-0009','HEXOX MINT 12,5 GR',3,636.00,10,6360.00,'PCS',2),(10,'\0','\0',2,'2014-01-27 16:25:06','ITEM-00010','HEXOX BARLEY MINT 12,5 GR',4,418.00,10,4180.00,'PCS',2),(11,'\0','\0',2,'2014-01-27 16:25:06','ITEM-00011','STREPSIL O\'COOL 15,6 GR',5,5600.00,1,5600.00,'BKS',2),(12,'\0','\0',2,'2014-01-27 16:25:06','ITEM-0012','STREPSIL SUGAR FREE',6,7900.00,3,23700.00,'BKS',2),(13,'\0','\0',2,'2014-01-27 16:25:06','ITEM-0013','STREPSIL ORIGINAL',7,0.00,3,0.00,'BKS',2),(14,'\0','\0',2,'2014-01-27 16:44:46','ITEM-0014','FISHERMAN\'S FRIEND 25 GR',1,10454.00,6,62724.00,'BKS',3),(15,'\0','\0',2,'2014-01-27 16:44:46','ITEM-0015','FOX\'S BERRIES 38 GR',2,2045.00,12,24540.00,'PCS',3),(16,'\0','\0',2,'2014-01-27 16:44:46','ITEM-0016','TANGO WAFER STRAWBERY 19 GR ',3,2000.00,6,12000.00,'BKS',3),(17,'\0','\0',2,'2014-01-27 16:44:46','ITEM-0017','TANGO WAFER VANILA 19 GR',4,2000.00,6,12000.00,'BKS',3),(18,'\0','\0',2,'2014-01-27 16:44:46','ITEM-0018','TANGO WAFER COKLAT 19 GR',5,0.00,12,0.00,'BKS',3),(19,'\0','\0',2,'2014-01-27 17:00:22','ITEM-0019','POLO PEPPERMINT 24 GR ',1,818.00,12,9816.00,'BKS',4),(20,'\0','\0',2,'2014-01-27 17:00:22','ITEM-OO20','TANGGO WAFFLE CRUNCHOX 70GR',2,3500.00,20,70000.00,'PCS',4),(21,'\0','\0',2,'2014-01-27 17:00:22','ITEM-0021','TANGO WAFFLE CRUNCHMILK 70 GR ',3,0.00,0,0.00,'BKS',4),(22,'\0','\0',2,'2014-01-27 17:10:35','ITEM-0018','TANGO WAFER COKLAT 19 GR',1,0.00,-12,0.00,'BKS',5),(23,'\0','\0',2,'2014-01-27 17:13:57','ITEM-0018','TANGO WAFER COKLAT 19 GR',1,2000.00,12,24000.00,'BKS',6),(24,'\0','\0',2,'2014-01-27 18:07:17','ITEM-OO22','TANGO WAFER CHOCOLATE 114 GR',1,4800.00,11,52800.00,'BKS',7),(25,'\0','\0',2,'2014-01-27 18:07:17','ITEM-0023','OREO KRIM VANILA 29,4 GR',2,1375.00,36,49500.00,'BKS',7),(26,'\0','\0',2,'2014-01-27 18:07:17','ITEM-OO24','OREO ICE CREAM 29,4 GR',3,1375.00,36,49500.00,'BKS',7),(27,'\0','\0',2,'2014-01-27 18:07:17','ITEM-OO25','OREO ICE CREAM 137 GR',4,5000.00,2,10000.00,'BKS',7),(28,'\0','\0',2,'2014-01-27 18:07:17','ITEM-0026','OREO STRAWBERRY CREME 137 GR',5,5000.00,2,10000.00,'BKS',7),(29,'\0','\0',2,'2014-01-27 18:07:17','ITEM-OO27','OREO GOLDEN 137 GR',6,5000.00,2,10000.00,'BKS',7),(30,'\0','\0',2,'2014-01-27 18:07:17','ITEM-0028','BISKUIT KELAPA IJO 220 G',7,4500.00,14,63000.00,'BKS',7),(31,'\0','\0',2,'2014-01-27 18:07:17','ITEM-OO29','CRISPY CRACKERS 225 GR',8,6000.00,30,180000.00,'BKS',7),(32,'\0','\0',2,'2014-01-27 18:07:17','ITEM-OO30','BIG ROYAL STRAWBERRY 200 GR',9,6500.00,10,65000.00,'BKS',7),(33,'\0','\0',2,'2014-01-27 18:07:17','ITEM-0031','BIG ROYAL COCONUT 200 GR',10,6500.00,10,65000.00,'BKS',7),(34,'\0','\0',2,'2014-01-27 18:07:17','ITEM-OO32','BIG ROYAL CHOCOLATE 200 GR',11,0.00,10,0.00,'BKS',7),(35,'\0','\0',2,'2014-01-27 18:44:06','ITEM-0033','SPRITE 1,5 L',1,9900.00,12,118800.00,'BTL',8),(36,'\0','\0',2,'2014-01-27 18:44:06','ITEM-0034','FANTA STROBERI 1,5 L',2,9900.00,6,59400.00,'BTL',8),(37,'\0','\0',2,'2014-01-27 18:44:06','ITEM-0035','PULPY ORANGE 350 ML',3,4500.00,65,292500.00,'BTL',8),(38,'\0','\0',2,'2014-01-27 18:44:06','ITEM-0036','COCA COLA 1,5 L',4,9900.00,6,59400.00,'BTL',8),(39,'\0','\0',2,'2014-01-27 18:44:06','ITEM-0037','FANTA STROBERI 250 ML',5,3371.00,33,111243.00,'KALENG',8),(40,'\0','\0',2,'2014-01-27 18:44:06','ITEM-0038','SPRITE 250 ML',6,3534.00,8,28272.00,'KALENG',8),(41,'\0','\0',2,'2014-01-27 18:44:06','ITEM-0039','NESTLE BEAR BRAND 185 ML',7,6324.00,21,132804.00,'KALENG',8),(42,'\0','\0',2,'2014-01-27 18:44:06','ITEM-0040','DAY DAY SARANG WALET 320 ML',8,3125.00,48,150000.00,'KALENG',8),(43,'\0','\0',2,'2014-01-27 18:44:06','ITEM-0041','BIR BINTANG ZERO 330 ML',9,5000.00,24,120000.00,'KALENG',8),(44,'\0','\0',2,'2014-01-27 18:44:06','ITEM-0042','LARUTAN PENYEGAR STROBERI 320 ML',10,5000.00,5,25000.00,'KALENG',8),(45,'\0','\0',2,'2014-01-27 18:44:06','ITEM-0043','LARUTAN CAP KAKI TIGA 200 ML',11,2500.00,24,60000.00,'BTL',8),(46,'\0','\0',2,'2014-01-27 18:44:06','ITEM-0044','YOU C1000 APPLE 140 ML',12,4379.00,6,26274.00,'BTL',8),(47,'\0','\0',2,'2014-01-27 18:44:06','ITEM-0045','YOU C1000 LEMON 140 ML',13,4242.00,12,50904.00,'BTL',8),(48,'\0','\0',2,'2014-01-27 18:44:06','ITEM-0046','YOU C1000 ORANGE 140 ML',14,4379.00,6,26274.00,'BTL',8),(49,'\0','\0',2,'2014-01-27 18:44:06','ITEM-0047','HYDRO COCO ORIGINAL 250 ML',15,0.00,7,0.00,'BTL',8),(50,'\0','\0',2,'2014-01-28 14:12:27','ITEM-0048','KHONG GUAN CREAM CRACKERS 275 GR',1,7362.00,12,88344.00,'BKS',9),(51,'\0','\0',2,'2014-01-28 14:12:27','ITEM-0049','KHONG GUAN SUGAR PUFF 275 GR',2,7262.00,12,87144.00,'BKS',9),(52,'\0','\0',2,'2014-01-28 14:12:27','ITEM 0050','KHONG GUAN SALTCHEESE COMBERRY 190 GR',3,7225.00,10,72250.00,'BKS',9),(53,'\0','\0',2,'2014-01-28 14:12:27','ITEM-0051','KHONG GUAN SALTCHEESE COMBOCIZ 190 GR',4,7225.00,9,65025.00,'BKS',9),(54,'\0','\0',2,'2014-01-28 14:12:27','ITEM-0052','OT OOPS HOTSA 100 GR',5,4500.00,12,54000.00,'PCS',9),(55,'\0','\0',2,'2014-01-28 14:12:27','ITEM-0053','OT TANGO SUSU VANILLA 171 GR',6,8000.00,12,96000.00,'KOTAK',9),(56,'\0','\0',2,'2014-01-28 14:12:27','ITEM-0054','OT TANGO COCOPANDAN 171 GR',7,8000.00,12,96000.00,'BKS',9),(57,'\0','\0',2,'2014-01-28 14:12:27','ITEM-0055','OT TANGO STRAWBERRY 171 GR',8,8000.00,12,96000.00,'BKS',9),(58,'\0','\0',2,'2014-01-28 14:12:27','ITEM-0056','OT TANGO VANILLA BLACK',9,8000.00,12,96000.00,'BKS',9),(59,'\0','\0',2,'2014-01-28 14:12:27','ITEM-0057','OT TANGO CAPPUCCINO 171 gr',10,8000.00,12,96000.00,'BKS',9),(60,'\0','\0',2,'2014-01-28 14:12:27','ITEM-0058','OT TANGO CHOCOLATE 171 GR',11,8000.00,11,88000.00,'BKS',9),(61,'\0','\0',2,'2014-01-28 14:12:27','ITEM-0059','OT TANGO CRUNCH CAKE 80 GR',12,4500.00,18,81000.00,'KOTAK',9),(62,'\0','\0',2,'2014-01-28 14:12:27','ITEM-0060','KHONG GUAN SALTCHEESE COMBO 190 GR',13,7225.00,10,72250.00,'BKS',9),(63,'\0','\0',2,'2014-01-28 14:29:39','ITEM-0061','KHONG GUAN MARIE SUSU 160 GR',1,5925.00,10,59250.00,'BKS',10),(64,'\0','\0',2,'2014-01-28 14:29:39','ITEM-0062','KHONG GUAN SUPERCO SARIKAYA 138 GR',2,4850.00,15,72750.00,'BKS',10),(65,'\0','\0',2,'2014-01-28 14:29:39','ITEM-0063','KHONG GUAN SUPERCO KRIM COKLAT 138 GR',3,4850.00,15,72750.00,'bks',10),(66,'\0','\0',2,'2014-01-28 14:29:39','ITEM-0064','NISSIN LEMONIA 130 GR',4,4617.00,18,83106.00,'BKS',10),(67,'\0','\0',2,'2014-01-28 14:29:39','ITEM-0065','KHONG GUAN MILK SHORT CAKE 225 GR',5,6350.00,15,95250.00,'BKS',10),(68,'\0','\0',2,'2014-01-28 14:29:39','ITEM-0066','KHONG GUAN CREAM WAFERS 240 GR',6,9362.00,12,112344.00,'BKS',10),(69,'\0','\0',2,'2014-01-28 14:29:39','ITEM-0067','NISSIN BISKUIT KELAPA 300 GR',7,8000.00,10,80000.00,'BKS',10),(70,'\0','\0',2,'2014-01-28 14:29:39','ITEM-0068','KHONG GUAN ASSORTED BISCUITS 300 GR',8,10875.00,9,97875.00,'BKS',10),(71,'\0','\0',2,'2014-01-28 14:29:39','ITEM-0069','KHONG GUAN ASSORTED BISCUITS green 300 GR',9,0.00,0,0.00,'BKS',10),(72,'\0','\0',2,'2014-01-28 14:33:10','ITEM-0070','MONDE GENJI SOFT PIE STROBERI 105 GR',1,5938.00,11,65318.00,'BKS',11),(73,'\0','\0',2,'2014-01-28 14:48:30','ITEM-0071','MONDE GENJI ORIGINAL 70 GR',1,5512.00,12,66144.00,'BKS',12),(74,'\0','\0',2,'2014-01-28 14:48:30','ITEM-0072','MONDE GENJI LEMON PIE 85 GR',2,5812.00,12,69744.00,'BKS',12),(75,'\0','\0',2,'2014-01-28 14:48:30','ITEM-0073','MONDE GENJI STRAWBERRY PIE 85 GR',3,5812.00,12,69744.00,'BKS',12),(76,'\0','\0',2,'2014-01-28 14:48:30','ITEM-0074','KHONG GUAN CLASSIC CHOCOLATE 350 GR',4,13225.00,12,158700.00,'BKS',12),(77,'\0','\0',2,'2014-01-28 14:48:30','ITEM-0075','NISSIN KELAPA IJO 280 GR',5,6249.00,15,93735.00,'BKS',12),(78,'\0','\0',2,'2014-01-28 14:48:30','ITEM-0076','NISSIN WAFERS MILK 120 GR',6,5150.00,15,77250.00,'BKS',12),(79,'\0','\0',2,'2014-01-28 14:48:30','ITEM-0077','INTERBIS ROSE CHOCOLATE 240 GR',7,4800.00,7,33600.00,'bks',12),(80,'\0','\0',2,'2014-01-28 14:48:30','ITEM-0078','INTERBIS BON-BON CHOCOLATE CREAM 240 GR',8,4800.00,7,33600.00,'BKS',12),(81,'\0','\0',2,'2014-01-28 14:48:30','ITEM-0079','INTERBIS ROSE CREAM 240 GR',9,0.00,7,0.00,'BKS',12),(82,'\0','\0',2,'2014-01-28 15:03:25','ITEM-0080','ALFA ONE 600 ML',1,1500.00,42,63000.00,'BOTOL',13),(83,'\0','\0',2,'2014-01-28 15:03:25','ITEM-0081','AQUA 600 ML',2,2000.00,24,48000.00,'BOTOL',13),(84,'\0','\0',2,'2014-01-28 15:03:25','ITEM-0082','COCA COLA 250 ML',3,4000.00,25,100000.00,'BTL',13),(85,'\0','\0',2,'2014-01-28 15:03:25','ITEM-0083','ALFA ONE 1500 ML',4,2500.00,12,30000.00,'BTL',13),(86,'\0','\0',2,'2014-01-28 15:03:25','ITEM-0084','AQUA 1500 ML ',5,4500.00,12,54000.00,'BTL',13),(87,'\0','\0',2,'2014-01-28 15:03:25','ITEM-0085','FRISIAN FLAG COOL-BERRY 115 ML',6,2200.00,25,55000.00,'KOTAK',13),(88,'\0','\0',2,'2014-01-28 15:03:25','ITEM-0086','ULTRA MILK STROBERI 125 ML',7,2150.00,40,86000.00,'KOTAK',13),(89,'\0','\0',2,'2014-01-28 15:12:22','ITEM-0074','KHONG GUAN CLASSIC CHOCOLATE 350 GR',1,14000.00,7,98000.00,'BKS',14),(90,'\0','\0',2,'2014-01-28 15:12:22','ITEM-0087','FRISIAN FLAG COKELAT 190 ML',2,3000.00,24,72000.00,'BTL',14),(91,'\0','\0',2,'2014-01-28 15:12:22','ITEM-0088','FRISIAN FLAG STROBERI 190 ML',3,3000.00,24,72000.00,'BTL',14),(92,'\0','\0',2,'2014-01-28 15:40:30','ITEM-0089','KHONG GUAN CREAM WAFERS CHOCOLATE 240 GR',1,9362.00,12,112344.00,'BKS',15),(93,'\0','\0',2,'2014-01-28 15:40:30','ITEM-0090','KHONG GUAN CREAM WAFERS COCONUT',2,9362.00,12,112344.00,'BKS',15),(94,'\0','\0',2,'2014-01-28 15:40:30','ITEM-0091','OT MINTZ DOUBLEMINT 125 GR',3,4000.00,6,24000.00,'BKS',15),(95,'\0','\0',2,'2014-01-28 15:40:30','ITEM-0092','OT MINTZ PEPPERMINT 25 GR',4,4000.00,3,12000.00,'BKS',15),(96,'\0','\0',2,'2014-01-28 15:40:30','ITEM-0093','NISSIN WAFERS CHOCOLATE 135 GR',5,5000.00,15,75000.00,'BKS',15),(97,'\0','\0',2,'2014-01-28 15:40:30','ITEM-0094','NISSIN WAFERS STRAWBERRY 120 GR',6,4900.00,15,73500.00,'BKS',15),(98,'\0','\0',2,'2014-01-28 15:40:30','ITEM-0095','GERRY SALUT CHOCOLATE 24 PCS',7,8500.00,3,25500.00,'KOTAK',15),(99,'\0','\0',2,'2014-01-28 15:40:30','ITEM-0096','OT OOPS WAFER KEJU 24 GR',8,850.00,18,15300.00,'PCS',15),(100,'\0','\0',2,'2014-01-28 15:40:30','ITEM-0097','FOX\'S FRUITS 90 GR',9,4500.00,3,13500.00,'BKS',15),(101,'\0','\0',2,'2014-01-28 15:40:30','ITEM-0098','DELFI FUNTIME STRAWBERRY 26 GR',10,1500.00,18,27000.00,'PCS',15),(102,'\0','\0',2,'2014-01-28 15:40:30','ITEM-0099','GERY WAFER 20 PCS',11,8500.00,0,0.00,'KOTAK',15),(103,'\0','\0',2,'2014-01-28 15:43:35','ITEM-0099','GERY WAFER stroberi 20 PCS',1,8500.00,3,25500.00,'KOTAK',16),(104,'\0','\0',2,'2014-01-28 15:43:35','ITEM-0100','GERY DONUTS CHOCOMILK',2,0.00,3,0.00,'KOTAK',16),(105,'\0','\0',4,'2014-01-30 12:36:17','ITEM-0101','BINTANG TOEDJOE (OBT SKT KPL) 3@BKS',1,2500.00,4,10000.00,'BKS',17),(106,'\0','\0',4,'2014-01-30 12:36:17','ITEM-0102','PARAMEX (OBT SKT KPL) 4TABLET',2,2000.00,6,12000.00,'BKS',17),(107,'\0','\0',4,'2014-01-30 12:36:17','ITEM-0103','BODREX MIGRA 4 TABLET',3,2500.00,3,7500.00,'BKS',17),(108,'\0','\0',4,'2014-01-30 12:36:17','ITEM-0104','BODREX EKSTRA 4 TABLET',4,2500.00,3,7500.00,'BKS',17),(109,'\0','\0',4,'2014-01-30 12:36:17','ITEM-0105','BODREX PE 4 TABLET',5,2000.00,3,6000.00,'BKS',17),(110,'\0','\0',4,'2014-01-30 12:36:17','ITEM-0106','BODREX BULET 4 TABLET',6,2000.00,5,10000.00,'BKS',17),(111,'\0','\0',4,'2014-01-30 12:36:17','ITEM-0107','OSKADON (OBT SKT KPL) 4 TABLET',7,2000.00,3,6000.00,'BKS',17),(112,'\0','\0',4,'2014-01-30 12:36:17','ITEM-0108','SARIDON (OBT SKT KEPALA) 4 TABLET',8,3800.00,3,11400.00,'BKS',17),(113,'\0','\0',4,'2014-01-30 12:36:17','ITEM-0109','PILKITA (OBT KUAT) 2 TABLET@ 700ML',9,1800.00,10,18000.00,'BKS',17),(114,'\0','\0',4,'2014-01-30 12:36:17','ITEM-0110','DECOLGEN 4 TABLET',10,2000.00,3,6000.00,'BKS',17),(115,'\0','\0',4,'2014-01-30 12:36:17','ITEM-0111','PROCOLD 6 TABLET',11,4000.00,3,12000.00,'BKS',17),(116,'\0','\0',4,'2014-01-30 12:36:17','ITEM-0112','STOP COLD 4 TABLET',12,3500.00,0,0.00,'BKS',17),(117,'\0','\0',4,'2014-01-30 12:57:33','ITEM-0113','ROMA SLAI O\'LAI 128 GR',1,3700.00,5,18500.00,'BKS',18),(118,'\0','\0',4,'2014-01-30 12:57:33','ITEM-0114','PROMAG BULAT 4 TABLET',2,2000.00,9,18000.00,'BKS',18),(119,'\0','\0',4,'2014-01-30 12:57:33','ITEM-O115','NEO NAPACIN',3,2000.00,6,12000.00,'BKS',18),(120,'\0','\0',4,'2014-01-30 12:57:33','ITEM-0116','VICKS FORMULA 44 DT 2@6.7 ML',4,2000.00,7,14000.00,'BKS',18),(121,'\0','\0',4,'2014-01-30 12:57:33','ITEM-0117','BODREXIN BULAT GOLD 4 TABLET',5,1500.00,5,7500.00,'BKS',18),(122,'\0','\0',4,'2014-01-30 12:57:33','ITEM-0118','COMBANTRIN PIRANTEL PAMOAT  2 TABLET',6,13000.00,1,13000.00,'BKS',18),(123,'\0','\0',4,'2014-01-30 13:21:52','ITEM-0119','RHEUMACYL 4 TABLET',1,3000.00,5,15000.00,'BKS',19),(124,'\0','\0',4,'2014-01-30 13:21:52','ITEM-0120','ADEM SARI 2@ 7 GR',2,2500.00,12,30000.00,'BKS',19),(125,'\0','\0',4,'2014-01-30 13:21:52','ITEM-0121','HANSAPLAST KECIL ISI 4',3,1400.00,12,16800.00,'BKS',19),(126,'\0','\0',4,'2014-01-30 13:21:52','ITEM-0122','HANSAPLAST BESAR ISI 3',4,2000.00,7,14000.00,'BKS',19),(127,'\0','\0',4,'2014-01-30 13:21:52','ITEM-0123','VEGETA 2@ 6,3 GR',5,3500.00,6,21000.00,'BKS',19),(128,'\0','\0',4,'2014-01-30 13:21:52','ITEM-0124','LASEGAR JERUK 2@7 GR',6,3000.00,4,12000.00,'BKS',19),(129,'\0','\0',4,'2014-01-30 13:21:52','ITEM-0125','LASEGAR ANGGUR 2@7 GR',7,3000.00,4,12000.00,'BKS',19),(130,'\0','\0',4,'2014-01-30 13:21:52','ITEM-0126','LASEGAR JERUK NIPIS 2@7 GR',8,3000.00,4,12000.00,'BKS',19),(131,'\0','\0',4,'2014-01-30 13:21:52','ITEM-0127','STAPLER JOYKO ',9,7000.00,6,42000.00,'PCS',19),(132,'\0','\0',4,'2014-01-30 13:21:52','ITEM-0128','SIDOMUNCUL',10,2000.00,10,20000.00,'BKS',19),(133,'\0','\0',4,'2014-01-30 13:21:52','ITEM-0129','ANTIMO DIMENHYDRINATE 1 STRIP@10TABLET',11,4500.00,6,27000.00,'BKS',19),(134,'\0','\0',4,'2014-01-30 13:21:52','ITEM-0130','FATIGON 4 TABLET ',12,4000.00,6,24000.00,'BKS',19),(135,'\0','\0',4,'2014-01-30 13:21:52','ITEM-0131','KOYO CABE',13,8000.00,1,8000.00,'BKS',19),(136,'\0','\0',4,'2014-01-30 13:21:52','ITEM-0132','SALONPAS',14,7800.00,1,7800.00,'BKS',19),(137,'\0','\0',4,'2014-01-30 13:21:52','ITEM-0133','CAP KAPAK MINYAK ANGIN 10 ML',15,12800.00,6,76800.00,'PCS',19),(138,'\0','\0',4,'2014-01-30 13:21:52','ITEM-0134','MY BABY MINYAK TELON 600 ML',16,15000.00,3,45000.00,'PCS',19),(139,'\0','\0',4,'2014-01-30 13:21:52','ITEM-0135','MINYAK ANGIN LANG 3 ML',17,5500.00,6,33000.00,'PCS',19),(140,'\0','\0',4,'2014-01-30 13:21:52','ITEM-0136','TELON LANG CAP LANG 60 ML',18,0.00,3,0.00,'BTL',19),(141,'\0','\0',1,'2014-01-30 15:15:29','ITEM-0137','PEYEK IKAN TERI ',1,11000.00,31,341000.00,'BKS',20),(142,'\0','\0',1,'2014-01-30 15:15:29','ITEM-0138','SALE PISANG ORIGINAL',2,7000.00,50,350000.00,'BKS',20),(143,'\0','\0',1,'2014-01-30 15:15:29','ITEM-0139','KERIPIK SINGKONG BALADO BULAT ',3,6000.00,30,180000.00,'BKS',20),(144,'\0','\0',1,'2014-01-30 15:15:29','ITEM-0140','KERIPIK TEMPE 200 GR',4,7000.00,30,210000.00,'BKS',20),(145,'\0','\0',1,'2014-01-30 15:15:29','ITEM-0141','AKAR KELAPA',5,7500.00,40,300000.00,'BKS',20),(146,'\0','\0',1,'2014-01-30 15:15:29','ITEM-0142','KERIPIK SINGKONG PEDAS',6,6000.00,20,120000.00,'BKS',20),(147,'\0','\0',1,'2014-01-30 15:15:29','ITEM-0143','KERIPIK SANJAI PADANG PJ.BESAR',7,9000.00,20,180000.00,'BKS',20),(148,'\0','\0',1,'2014-01-30 15:15:29','ITEM-0144','KERIPIK PISANG ',8,7500.00,20,150000.00,'BKS',20),(149,'\0','\0',1,'2014-01-30 15:15:29','ITEM-0145','KERIPIK SUKUN GURIH',9,7500.00,40,300000.00,'BKS',20),(150,'\0','\0',1,'2014-01-30 15:18:22','ITEM-0146','KERUPUK SELANG',1,6000.00,25,150000.00,'BKS',21),(151,'\0','\0',1,'2014-01-30 15:18:22','ITEM-0147','KERUPUK MAWAR',2,8000.00,24,192000.00,'BKS',21),(152,'\0','\0',2,'2014-01-30 16:26:53','ITEM-0148','VISION NOTA KONTAN 25 LEMBAR',1,2000.00,10,20000.00,'PCS',22),(153,'\0','\0',2,'2014-01-30 16:26:53','ITEM-0149','CAP LANG MINYAK KAYU PUTIH 60 ML',2,14000.00,6,84000.00,'BTL',22),(154,'\0','\0',2,'2014-01-30 16:26:53','ITEM-0150','CAP LANG MINYAK KAYU PUTIH 30 ML',3,7700.00,6,46200.00,'BTL',22),(155,'\0','\0',2,'2014-01-30 16:26:53','ITEM-0151','CAP LANG MINYAK KAYU PUTIH 15 ML',4,4700.00,6,28200.00,'BTL',22),(156,'\0','\0',2,'2014-01-30 16:26:53','ITEM-0152','MINYAK ANGIN CAP KAPAK 3 ML',5,4500.00,6,27000.00,'BTL',22),(157,'\0','\0',2,'2014-01-30 16:26:53','ITEM-0153','BODREXIN BATUK&PILEK',6,7800.00,3,23400.00,'BTL',22),(158,'\0','\0',2,'2014-01-30 16:26:53','ITEM-0154','KOMIX PEPPERMINT 2@7ML',7,1500.00,5,7500.00,'BKS',22),(159,'\0','\0',2,'2014-01-30 16:26:53','ITEM-0155','KOMIX OBH NATURAL 2@7ML',8,1500.00,5,7500.00,'BKS',22),(160,'\0','\0',2,'2014-01-30 16:26:53','ITEM-0156','KOMIX RASA JAHE 2@7ML',9,1500.00,2,3000.00,'BKS',22),(161,'\0','\0',2,'2014-01-30 16:26:53','ITEM-0157','KOMIX RASA JERUK NIPIS 2@7ML',10,1500.00,3,4500.00,'BKS',22),(162,'\0','\0',2,'2014-01-30 16:26:53','ITEM-0158','UNI BABY\'S COUDH SYRUP 60 ML',11,4500.00,3,13500.00,'BTL',22),(163,'\0','\0',2,'2014-01-30 16:26:53','ITEM-0159','ANTANGIN SIRUP HERBAL 2@15ML',12,4000.00,6,24000.00,'BKS',22),(164,'\0','\0',2,'2014-01-30 16:26:53','ITEM-0160','LASERIN 30 ML',13,4800.00,4,19200.00,'BTL',22),(165,'\0','\0',2,'2014-01-30 16:26:53','ITEM-0161','EXTRAJOSS KOTAK',14,6000.00,5,30000.00,'KOTAK',22),(166,'\0','\0',2,'2014-01-30 16:26:53','ITEM-0162','KUKU BIMA ENER-G RS ANGGUR KOTAK',15,4800.00,5,24000.00,'BOX',22),(167,'\0','\0',2,'2014-01-30 16:26:53','ITEM-0163','SIDOLA MINYAK KAYU PUTIH 15 ML',16,6500.00,3,19500.00,'BTL',22),(168,'\0','\0',2,'2014-01-30 16:26:53','ITEM-0164','MADURASA RS JERUK 2@20 ML',17,2000.00,6,12000.00,'PCS',22),(169,'\0','\0',2,'2014-01-30 16:26:53','ITEM-0165','OT KIRANTI ORIGINAL 150 ML',18,4300.00,6,25800.00,'BTL',22),(170,'\0','\0',2,'2014-01-30 16:26:53','ITEM-0166','INSTO REGULER 75 ML ',19,10000.00,3,30000.00,'BTL',22),(171,'\0','\0',2,'2014-01-30 16:26:53','ITEM-0167','COMBANTRIN PIRANTEL PAMOAT RS JERUK 10 ML',20,16000.00,1,16000.00,'PCS',22),(172,'\0','\0',2,'2014-01-30 16:26:53','ITEM-0168','HEROCYN 75 GR ',21,7500.00,3,22500.00,'PCS',22),(173,'\0','\0',2,'2014-01-30 16:26:53','ITEM-0169','BETADINE POVIDONE IODINE 5 ML',22,3500.00,6,21000.00,'BTL',22),(174,'\0','\0',2,'2014-01-30 16:26:53','ITEM-0170','KALPANAX CAIR 10 ML',23,4000.00,3,12000.00,'BTL',22),(175,'\0','\0',2,'2014-01-30 16:26:53','ITEM-0171','SALEB 88 6 GR',24,6500.00,3,19500.00,'PCS',22),(176,'\0','\0',2,'2014-01-30 16:26:53','ITEM-0172','DIE DA YAO JING 30 CC',25,16500.00,3,49500.00,'PCS',22),(177,'\0','\0',2,'2014-01-30 16:26:53','ITEM-0173','RIVANOL MOLEX 100 ML',26,3500.00,3,10500.00,'BT',22),(178,'\0','\0',2,'2014-01-30 16:26:53','ITEM-0174','INHALER LANG CAP LANG',27,6000.00,3,18000.00,'PCS',22),(179,'\0','\0',2,'2014-01-30 16:26:53','ITEM-0175','MOLEX ALKOHOL 100 ML',28,5000.00,3,15000.00,'BTL',22),(180,'\0','\0',2,'2014-01-30 17:31:19','ITEM-0176','OBHCITO SIRUP 100 ML',1,3000.00,3,9000.00,'BTL',23),(181,'\0','\0',2,'2014-01-30 17:31:19','ITEM-0177','BALSEM LANG CAP LANG 20 GR',2,7500.00,3,22500.00,'PCS',23),(182,'\0','\0',2,'2014-01-30 17:31:19','ITEM-0178','BALSEM LANG CAP LANG 10 GR',3,4500.00,3,13500.00,'PCS',23),(183,'\0','\0',2,'2014-01-30 17:31:19','ITEM-0179','NOSIB CAP BISON 14 GR',4,5500.00,3,16500.00,'PCS',23),(184,'\0','\0',2,'2014-01-30 17:31:19','ITEM-0180','GELIGA BALSEM OTOT 20 GR',5,7000.00,3,21000.00,'PCS',23),(185,'\0','\0',2,'2014-01-30 17:31:19','ITEM-0181','GELIGA BALSEM OTOT 10 GR',6,4000.00,3,12000.00,'PCS',23),(186,'\0','\0',2,'2014-01-30 17:31:19','ITEM-0182','BALPIRIK EKSTRA KUAT ',7,5000.00,3,15000.00,'PCS',23),(187,'\0','\0',2,'2014-01-30 17:31:19','ITEM-0183','SOFFEL RS JERUK 3@ 13 LT',8,1500.00,4,6000.00,'BKS',23),(188,'\0','\0',2,'2014-01-30 17:31:19','ITEM-0184','SOFFEL RS BUNGA GERANIUM 3@ 13 LT',9,1500.00,4,6000.00,'BKS',23),(189,'\0','\0',2,'2014-01-30 17:31:19','ITEM-0185','NACHITAPE BESAR',10,6000.00,5,30000.00,'ROLL',23),(190,'\0','\0',2,'2014-01-30 17:31:19','ITEM-0186','NACHITAPE KECIL',11,4000.00,11,44000.00,'ROLL',23),(191,'\0','\0',2,'2014-01-30 17:31:19','ITEM-0187','NACHITAPE SEDANG ',12,4500.00,10,45000.00,'ROLL',23),(192,'\0','\0',2,'2014-01-30 17:31:19','ITEM-0188','SAGON KELAPA',13,7500.00,80,600000.00,'BKS',23),(193,'\0','\0',2,'2014-01-30 17:31:19','ITEM-0189','DELFI CHIC CHOC 65 GR',14,3000.00,30,90000.00,'BKS',23),(194,'\0','\0',2,'2014-01-30 17:31:19','ITEM-0190','MY JELLY 70 GR',15,2000.00,40,80000.00,'BKS',23),(195,'\0','\0',2,'2014-01-30 17:31:19','ITEM-0191','SILVER QUEEN MILK CHOCOLATE 75 GR',16,10500.00,10,105000.00,'PCS',23),(196,'\0','\0',2,'2014-01-30 17:31:19','ITEM-0192','SILVER QUEEN CHASEW 33 GR',17,6000.00,15,90000.00,'PCS',23),(197,'\0','\0',2,'2014-01-30 17:31:19','ITEM-0193','KOREK API TOKAI',18,1500.00,50,75000.00,'PCS',23),(198,'\0','\0',2,'2014-01-30 17:31:19','ITEM-0194','VITACIMIN SWEETLET 2@BKS',19,1200.00,48,57600.00,'PCS',23),(199,'\0','\0',2,'2014-01-30 17:31:19','ITEM-0195','NESTLE KITKAT 17 GR',20,3000.00,48,144000.00,'PCS ',23),(200,'\0','\0',2,'2014-01-30 17:31:19','ITEM-0196','MENTOS RASA BUAH 37 GR',21,2600.00,24,62400.00,'BKS',23),(201,'\0','\0',2,'2014-01-30 17:31:19','ITEM-0197','DELFI CHA-CHA PEANUT 80 GR',22,7000.00,15,105000.00,'BKS',23),(202,'\0','\0',2,'2014-01-30 17:31:19','ITEM-0198','BATERE ABC KECIL 4@BKS',23,5500.00,6,33000.00,'PCS',23),(203,'\0','\0',2,'2014-01-30 17:31:19','ITEM-0199','CHOCOLATE SHORTCAKE BANANA 225 GR',24,5500.00,6,33000.00,'BKS',23),(204,'\0','\0',2,'2014-01-30 17:31:19','ITEM-0200','CHOCOLATE SHORTCAKE TIRAMISHU 225 GR',25,5500.00,2,11000.00,'BKS',23),(205,'\0','\0',2,'2014-01-30 17:31:19','ITEM-0201','CHOCOLATE SHORTCAKE BLUEBERRY 225 GR',26,5500.00,4,22000.00,'BKS',23),(206,'\0','\0',2,'2014-01-30 17:31:19','ITEM-0202','INTERBIS BISKUIT MARIE 180 GR',27,3800.00,12,45600.00,'BKS',23),(207,'\0','\0',2,'2014-01-30 17:31:19','ITEM-0203','HATARI SEE HONG PUFF 260 GR',28,4000.00,6,24000.00,'BKS',23),(208,'\0','\0',2,'2014-01-30 17:31:19','ITEM-0204','INACO NATA DE COCO 360 GR',29,4500.00,12,54000.00,'BKS',23),(209,'\0','\0',2,'2014-01-30 17:31:19','ITEM-0205','HOCK SEN SEE HONG PUFF 210 GR',30,4500.00,12,54000.00,'BKS',23),(210,'\0','\0',2,'2014-01-30 17:31:19','ITEM-0206','BISKUIT MARIE INTERBIS 200 GR',31,3500.00,12,42000.00,'BKS ',23),(211,'\0','\0',2,'2014-01-30 17:31:19','ITEM-0207','ROMA BISKUIT KELAPA 300 GR',32,5500.00,6,33000.00,'BKS',23),(212,'\0','\0',2,'2014-01-30 17:31:19','ITEM-0209','DANE\'S MILK MARIE SUSU 200 GR',33,3500.00,20,70000.00,'BKS',23),(213,'\0','\0',2,'2014-01-30 17:31:19','ITEM-0210','KHONG GUAN MALKIST SAYUR 135 GR',34,4000.00,10,40000.00,'BKS',23),(214,'\0','\0',2,'2014-01-30 17:31:19','ITEM-02','KONG GUAN MALKIST ABON 135 GR',35,4500.00,10,45000.00,'BKS',23),(215,'\0','\0',2,'2014-01-30 17:31:19','ITEM-02011','KONG GUAN MALKIST CRAKERS 115 GR',36,4500.00,10,45000.00,'BKS',23),(216,'\0','\0',2,'2014-01-30 17:31:19','ITEM-0211','QTELA SINGKONG BARBEQUE 185 GR',37,8000.00,6,48000.00,'BKS',23),(217,'\0','\0',2,'2014-01-30 17:31:19','ITEM-0212','CHITATO RS AYAM BUMBU 75 GR',38,7000.00,19,133000.00,'BKS',23),(218,'\0','\0',2,'2014-01-30 17:31:19','ITEM-0213','CHITATO RS AYAM BUMBU 40 GR',39,4200.00,20,84000.00,'BKS',23),(219,'\0','\0',2,'2014-01-30 17:31:19','ITEM-0214','LAY\'S RS RUMPUT LAUT 184 GR',40,15000.00,6,90000.00,'BKS',23),(220,'\0','\0',2,'2014-01-30 17:31:19','ITEM-0215','QTELA SINGKONG RS KEJU PANGGANG 60 GR',41,3000.00,20,60000.00,'BKS',23),(221,'\0','\0',2,'2014-01-30 17:31:19','ITEM-0216','QTELA SINGKONG RS ORIGINAL 60 GR',42,3500.00,20,70000.00,'BKS',23),(222,'\0','\0',2,'2014-01-30 17:31:19','ITEM-0217','LAYS RS RUMPUT LAUT 750 GR',43,7000.00,50,350000.00,'BKS',23),(223,'\0','\0',2,'2014-01-30 17:31:19','ITEM-0218','CHITATO RS SAPI PANGGANG 40 GR',44,3600.00,20,72000.00,'BKS',23),(224,'\0','\0',2,'2014-01-30 17:31:19','ITEM-0219','DUA KELINCI KACANG GARING 250 GR',45,11000.00,6,66000.00,'BKS',23),(225,'\0','\0',2,'2014-01-30 17:31:19','ITEM-0220','MONDE SERENA SNACK 50 GR',46,2650.00,30,79500.00,'BKS',23),(226,'\0','\0',2,'2014-01-30 17:44:34','ITEM-0221','BINTANG ZERO 330 ML',1,4850.00,24,116400.00,'KALENG',24),(227,'\0','\0',2,'2014-01-30 17:44:34','ITEM-0222','BANGO KECAP MANIS 600 ML ',2,15500.00,6,93000.00,'BKS',24),(228,'\0','\0',2,'2014-01-30 17:44:34','ITEM-0223','SARI WANGI KOTAK 46,23 MG',3,4000.00,6,24000.00,'KOTAK',24),(229,'\0','\0',2,'2014-01-30 17:44:34','ITEM-0224','SARI MURNI 40 GR',4,3500.00,6,21000.00,'KOTAK',24),(230,'\0','\0',2,'2014-01-30 17:44:34','ITEM-0225','AJINOMOTO MASAKO RS SAPI 3@7,5 GR',5,900.00,12,10800.00,'BKS',24),(231,'\0','\0',2,'2014-01-30 17:44:34','ITEM-0226','SARIWANGI TEH ASLI 2@9,25 GR',6,1500.00,12,18000.00,'BKS',24),(232,'\0','\0',2,'2014-01-30 17:44:34','ITEM-0227','AJINOMOTO MASAKO SAPI 2@7,5 GR',7,0.00,12,0.00,'BKS',24),(233,'\0','\0',2,'2014-01-30 17:54:09','ITEM-0228','ROYCO RASA AYAM 3@7 GR',1,900.00,16,14400.00,'BKS',25),(234,'\0','\0',4,'2014-01-30 18:09:46','ITEM-0229','BANGO KECAP MANIS 275 ML',1,10500.00,6,63000.00,'BTL',26),(235,'\0','\0',4,'2014-01-30 18:09:46','ITEM-0230','BANGO KECAP MANIS 220 ML ',2,5600.00,6,33600.00,'BKS',26),(236,'\0','\0',4,'2014-01-30 18:09:46','ITEM-0231','KERATON SARI JAHE 30 ML',3,2100.00,12,25200.00,'BKS',26),(237,'\0','\0',4,'2014-01-30 18:09:46','ITEM-0232','KAPAL API FRESCO 30',4,2450.00,10,24500.00,'BKS',26),(238,'\0','\0',4,'2014-01-30 18:33:00','ITEM-0233','KAPAL API GRANDE 3@20G',1,2800.00,30,84000.00,'BKS',27),(239,'\0','\0',4,'2014-01-30 18:33:00','ITEM-0234','CERES FESTIVE 90 GR',2,7000.00,4,28000.00,'BKS',27),(240,'\0','\0',4,'2014-01-30 18:33:00','ITEM-0235','INDOFOOD MAGIC LEZAT 50GR',3,2100.00,4,8400.00,'BKS ',27),(241,'\0','\0',4,'2014-01-30 18:33:00','ITEM-0236','MORIN ORANGE MARMALADE 170 GR',4,9450.00,2,18900.00,'BTL',27),(242,'\0','\0',4,'2014-01-30 18:33:00','ITEM-0237','MORIN KAYA SPREAD 170 GR',5,9450.00,2,18900.00,'BTL',27),(243,'\0','\0',4,'2014-01-30 18:33:00','ITEM-0238','BELLA COKLAT MEISES HAGELMIXS 90 GR',6,2450.00,8,19600.00,'BKS',27),(244,'\0','\0',4,'2014-01-30 18:33:00','ITEM-0239','LIFEBOYSTRONG & SHINY',7,2100.00,6,12600.00,'BKS',27),(245,'\0','\0',4,'2014-01-31 07:06:48','ITEM-0253','CITRA LASTING WHITE UV 250 ML',1,11550.00,3,34650.00,'BTL',28),(246,'\0','\0',4,'2014-01-31 07:11:59','ITEM-0254','CITRA PEARLY WHITE UV 250 ML ',1,0.00,3,0.00,'BTL',29),(247,'\0','\0',4,'2014-02-01 07:24:07','ITEM-0255','ESKULIN MIST 125 ML',1,10850.00,2,21700.00,'BTL',30),(248,'\0','\0',4,'2014-02-01 08:05:41','ITEM-0256','PEPSODENT HERBAL JERUK NIPIS 190 GR',1,8750.00,6,52500.00,'PCS',31),(249,'\0','\0',4,'2014-02-01 08:21:31','ITEM-0257','PEPSODENT HERBAL JERUK NIPIS 75 GR',1,3850.00,12,46200.00,'PCS',32),(250,'\0','\0',4,'2014-02-01 08:21:31','ITEM-0258','PEPSODENT 12 JAM 75 GR',2,2800.00,11,30800.00,'PCS',32),(251,'\0','\0',4,'2014-02-01 10:46:53','ITEM-0259','PEPSODENT 12 JAM 190 GR',1,6300.00,6,37800.00,'PCS',33),(252,'\0','\0',4,'2014-02-01 10:46:53','ITEM-0260','SKT GIGI PEPSODENT MEDIUM',2,2450.00,12,29400.00,'PCS',33),(253,'\0','\0',4,'2014-02-01 10:46:53','ITEM-0261','DOVE HAIR TERAPY 10 ML',3,1750.00,12,21000.00,'BKS',33),(254,'\0','\0',4,'2014-02-01 10:46:53','ITEM-026','DOVE HAIR THERAPY DUNDRUFF CARE 10 ML',4,1750.00,12,21000.00,'BKS',33),(255,'\0','\0',4,'2014-02-01 10:46:53','ITEM- 0261','DOVE HAIRTHERAPY DAILY SHINE 10 ML',5,1750.00,11,19250.00,'BKS',33),(256,'\0','\0',4,'2014-02-01 10:46:53','ITEM-0262','SUNSLIK NOURISHING SOFT & SMOOTH 10 ML',6,1750.00,11,19250.00,'BKS',33),(257,'\0','\0',4,'2014-02-01 10:46:53','ITEM-0263','SUNSLIK BLACK SHINE 10 ML',7,1750.00,17,29750.00,'BKS',33),(258,'\0','\0',4,'2014-02-01 10:46:53','ITEM-0264','LIFEBOY ANTI DANDRUFF 10 ML ',8,2100.00,5,10500.00,'BKS',33),(259,'\0','\0',4,'2014-02-01 10:46:53','ITEM-0265','LIFEBOY ANTI HAIR FALL 10 ML',9,2100.00,6,12600.00,'BKS',33),(260,'\0','\0',4,'2014-02-01 10:46:53','ITEM-0266','CLEAR WOMAN 10 ML',10,2100.00,12,25200.00,'BKS',33),(261,'\0','\0',4,'2014-02-01 10:46:53','ITEM-0267','CLEAR SHAMPO ANTI KETOMBE 10 ML',11,1750.00,12,21000.00,'BKS',33),(262,'\0','\0',4,'2014-02-01 10:46:53','ITEM-0268','CLEAR COMPLETE SOFT CARE 10 ML',12,1750.00,12,21000.00,'BKS',33),(263,'\0','\0',4,'2014-02-01 10:46:53','ITEM-0269','REXONA WOMEN DEO LOTION 10 GR',13,2100.00,12,25200.00,'BKS',33),(264,'\0','\0',4,'2014-02-01 10:46:53','ITEM-0270','REXONA MEN ICE COOL 10 GR',14,2100.00,10,21000.00,'BKS',33),(265,'\0','\0',4,'2014-02-01 10:46:53','ITEM-0271','LIFEBOY MILDCARE 80 GR',15,2100.00,24,50400.00,'BKS',33),(266,'\0','\0',4,'2014-02-01 10:46:53','ITEM-0272','LUX AQUA SPARKLY 85 GR',16,2100.00,6,12600.00,'BKS',33),(267,'\0','\0',4,'2014-02-01 10:46:53','ITEM-0273','CITRA PEARLY WHITE 75 GR',17,1750.00,18,31500.00,'BKS',33),(268,'\0','\0',4,'2014-02-01 10:46:53','ITEM-0274','LUX VELVET TOUCH 85 GR',18,2100.00,12,25200.00,'BKS',33),(269,'\0','\0',4,'2014-02-01 10:46:53','ITEM-0275','LIFEBOY TOTAL 80 GR',19,2100.00,24,50400.00,'BKS',33),(270,'\0','\0',4,'2014-02-01 10:46:53','ITEM-0276','LIFEBOY LEMON FRESH 80 GR',20,2100.00,24,50400.00,'BKS',33),(271,'\0','\0',4,'2014-02-01 10:46:53','ITEM-0277','CITRA SPOTLESS WHITE 75 GR',21,1750.00,18,31500.00,'BKS',33),(272,'\0','\0',4,'2014-02-01 10:46:53','ITEM-0278','CUSSON BABY SOOFT & SMOOTH 175 GR',22,6300.00,2,12600.00,'BKS',33),(273,'\0','\0',4,'2014-02-01 10:46:53','ITEM-0279','CUSSON BABY SOFT & SMOOTH 500 GR',23,12950.00,1,12950.00,'BTL',33),(274,'\0','\0',4,'2014-02-01 10:46:53','ITEM-0280','CUSSON BABY SOFT & SMOOTH 88 GR',24,3500.00,2,7000.00,'BTL',33),(275,'\0','\0',5,'2014-02-01 12:35:04','ITEM-0282','CUSSONS BABY MILD&GENTLE 200 GR',1,6300.00,4,25200.00,'BTL',34),(276,'\0','\0',5,'2014-02-01 12:35:04','ITEM-0283','CUSSONS BABY WIPES MILD & GENTLE 50 SHEETS',2,10500.00,2,21000.00,'BKS',34),(277,'\0','\0',5,'2014-02-01 12:58:58','ITEM-0284','CUSSONS BABY WIPES NATURALLY REFRESHING 50 SHEETS',1,9800.00,2,19600.00,'BKS',35),(278,'\0','\0',5,'2014-02-01 12:58:58','ITEM-0285','LUX MOISTURIZING BODY WASH 250 ML',2,7000.00,5,35000.00,'BKS',35),(279,'\0','\0',5,'2014-02-01 12:58:58','ITEM-0286','CUSSONS BABY WIPES CARES & PROTECTS 50 SHEETS',3,10500.00,1,10500.00,'BKS',35),(280,'\0','\0',5,'2014-02-01 12:58:58','ITEM- 0287','CUSSONS BABY WIPES SOFT & SMOOTH 50 SHEETS',4,10500.00,2,21000.00,'BKS',35),(281,'\0','\0',5,'2014-02-01 12:58:58','ITEM-0288','LUX MAGICAL SPELL 85 G',5,4200.00,6,25200.00,'BKS',35),(282,'\0','\0',5,'2014-02-01 13:54:16','ITEM- 0289','CUSSONS BABY BLUEBERRY SMOOTHIE 50 G',1,2450.00,3,7350.00,'BTL',36),(283,'\0','\0',5,'2014-02-01 13:54:16','ITEM- 02890','CUSSONS BABY OLI 50 G',2,6300.00,2,12600.00,'BTL',36),(284,'\0','\0',5,'2014-02-01 13:54:16','ITEM-02891','CUSSONS BABY MILK BATH 50 G',3,4200.00,3,12600.00,'BTL',36),(285,'\0','\0',5,'2014-02-01 13:54:16','ITEM-02892','CUSSONS BABY HAIR LOTION 50 G',4,8400.00,2,16800.00,'BTL',36),(286,'\0','\0',5,'2014-02-01 13:54:16','ITEM-02893','PANTENE SHAMPO HAIR FALL CONTROL 170 ML',5,12950.00,3,38850.00,'BTL',36),(287,'\0','\0',5,'2014-02-01 13:54:16','ITEM-02894','PANTENE SHAMPO TOTAL DAMAGE CARE 170 ML',6,12950.00,3,38850.00,'BTL',36),(288,'\0','\0',5,'2014-02-01 13:54:16','ITEM-02895','PANTENE SHAMPO LONG BLACK 170 ML',7,12950.00,3,38850.00,'BTL',36),(289,'\0','\0',5,'2014-02-01 13:54:16','ITEM-02896','PANTENE SHAMPO SILKY SMOOTH CARE 170 ML',8,12950.00,3,38850.00,'BTL',36),(290,'\0','\0',5,'2014-02-01 13:54:16','ITEM-02897','PANTENE SHAMPO ANTI DANDRUFF 170 ML',9,12950.00,3,38850.00,'BTL',36),(291,'\0','\0',5,'2014-02-01 13:54:16','ITEM-02898','CUSSONS BABY WIPES MILD & GENTLE 10 SHEETS',10,3500.00,2,7000.00,'BKS',36),(292,'\0','\0',5,'2014-02-01 13:54:16','ITEM-02899','CUSSONS BABY WIPES SOFT & SMOOTH 10 SHEETS',11,3500.00,4,14000.00,'BKS',36),(293,'\0','\0',5,'2014-02-01 13:54:16','ITEM-028100','MAMY POKO PANTS STANDAR 1PCS',12,4200.00,24,100800.00,'BKS',36),(294,'\0','\0',5,'2014-02-01 13:54:16','ITEM-028101','LAURIER RELAX NIGHT 6 PADS',13,6300.00,3,18900.00,'BKS',36),(295,'\0','\0',5,'2014-02-01 13:54:16','ITEM-028102','CHARM BODY FIT 8 PADS',14,4550.00,6,27300.00,'BKS',36),(296,'\0','\0',5,'2014-02-01 13:54:16','ITEM-028103','SWEETY FIT PANTZ S 4-8 KG',15,12600.00,2,25200.00,'BKS',36),(297,'\0','\0',5,'2014-02-01 13:54:16','ITEM-028104','CHARM EXTRA DRY 6 PADS',16,7000.00,2,14000.00,'BKS',36),(298,'\0','\0',5,'2014-02-01 13:54:16','ITEM-028105','CAREFREE SUPER DRY LONG',17,8400.00,2,16800.00,'BKS',36),(299,'\0','\0',5,'2014-02-01 13:54:16','ITEM-028106','CHARM EXTRA DRY LONG 25 CM 8 PADS',18,7700.00,2,15400.00,'BKS',36),(300,'\0','\0',5,'2014-02-01 13:54:16','ITEM-028107','CHARM LONG & WIDE 20 LBR',19,5250.00,3,15750.00,'BKS',36),(301,'\0','\0',5,'2014-02-01 13:54:16','ITEM- 028108','ACTIVE DAY 8 PADS',20,3150.00,3,9450.00,'BKS',36),(302,'\0','\0',5,'2014-02-01 13:54:16','ITEM- 028109','CUSSONS BABY HAIR LOTTION 100 ML',21,12250.00,2,24500.00,'BTL',36),(303,'\0','\0',5,'2014-02-01 14:04:48','ITEM-028110','LIFEBUOY SHAMPO RAMBUT LEBAT 170 ML',1,9450.00,3,28350.00,'BTL',37),(304,'\0','\0',5,'2014-02-01 14:04:48','ITEM-028111','LIFEBUOY STRONG &SHINY 170 ML',2,9450.00,3,28350.00,'BTL',37),(305,'\0','\0',5,'2014-02-01 14:10:33','ITEM-028112','LIFEBUOY STRONG & SHINY 70 ML',1,4900.00,6,29400.00,'BTL',38),(306,'\0','\0',5,'2014-02-01 14:27:18','ITEM-028113','CITRA PEARLY WHITE UV 120 ML ',1,8050.00,3,24150.00,'BTL',39),(307,'\0','\0',5,'2014-02-01 14:27:18','ITEM-028114','CITRA LASTING WHITE UV SEDANG 120 ML',2,7000.00,3,21000.00,'BTL',39),(308,'\0','\0',5,'2014-02-01 14:27:18','ITEM-028115','PONDS BEAUTY 100 G',3,14000.00,6,84000.00,'BTL',39),(309,'\0','\0',5,'2014-02-01 14:27:18','ITEM-028116','SUNSILK BLACK SHINE 80 ML',4,5950.00,3,17850.00,'BTL',39),(310,'\0','\0',5,'2014-02-01 14:27:18','ITEM-028117','LIFEBUOY ANTI DANDRUFF 70 ML',5,4900.00,6,29400.00,'BTL',39),(311,'\0','\0',5,'2014-02-01 14:27:18','ITEM-028118','SUNSLIK NOURISHING SOFT &SMOOTH 80 ML',6,4900.00,3,14700.00,'BTL',39),(312,'\0','\0',5,'2014-02-01 14:49:16','ITEM-028119','CITRA LASTING WHITE UV 60 ML',1,4200.00,6,25200.00,'BTL',40),(313,'\0','\0',5,'2014-02-01 14:49:16','ITEM-028120','ESKULIN SPLASH COLOGNE 125 ML',2,9800.00,2,19600.00,'BTL',40),(314,'\0','\0',5,'2014-02-01 15:58:14','ITEM-028123','GOOD TIME MINI DOUBLE CHOC CHOCOCHIPS 45 GR',1,4550.00,10,45500.00,'BKS',41),(315,'\0','\0',5,'2014-02-01 15:58:14','ITEM-028124','GOOD TIME CLASSIC CHOCOCHIP 45 GR',2,4550.00,14,63700.00,'BKS',41),(316,'\0','\0',5,'2014-02-01 15:58:14','ITEM-028125','GOOD TIME TRIPLE CHOCOCHIPS 45 GR',3,4550.00,22,100100.00,'BKS',41),(317,'\0','\0',5,'2014-02-01 15:58:14','ITEM-028126','NYAM NYAM BUBLE PUFF CHOCO 18 GR',4,2450.00,8,19600.00,'BKS',41),(318,'\0','\0',5,'2014-02-01 15:58:14','ITEM-028127','NYAM NYAM BUBLE PUFF STRAWBERRY 18 GR',5,2450.00,6,14700.00,'BKS',41),(319,'\0','\0',5,'2014-02-01 15:58:14','ITEM- 028128','NYAM NYAM BUBBLE PUFF BLUEBERRY 18 GR ',6,2450.00,1,2450.00,'BKS',41),(320,'\0','\0',5,'2014-02-01 15:58:14','ITEM-028129','NYAM NYAM FANTASY STICK BLUEBERY 18 GR',7,2450.00,4,9800.00,'BKS',41),(321,'\0','\0',5,'2014-02-01 15:58:14','ITEM-028130','NYAM NYAM FANTASY STICK CHOCOBERRY 25 GR',8,2540.00,11,27940.00,'BKS',41),(322,'\0','\0',5,'2014-02-01 16:07:19','ITEM-028131','NYAM NYAM FANTASY STICK 25 GR',1,2450.00,6,14700.00,'BKS',42),(323,'\0','\0',5,'2014-02-01 16:07:19','ITEM-028132','NYAM NYAM FANTASY STICK STRAWBERRY 25 GR',2,2450.00,3,7350.00,'BKS ',42),(324,'\0','\0',5,'2014-02-01 16:07:19','ITEM-028133','NYAM NYAM FANTASY STICK SPARKLING CHOCO 22,5 GR',3,2540.00,1,2540.00,'BKS',42),(325,'\0','\0',5,'2014-02-01 16:14:47','ITEM-028134','NICE FACIAL TISSUE JERUK 200 SHEETS ',1,6650.00,3,19950.00,'BKS',43),(326,'\0','\0',5,'2014-02-01 16:28:59','ITEM-028135','SUNLIGHT JERUK NIPIS 400 ML',1,5600.00,6,33600.00,'BKS',44),(327,'\0','\0',5,'2014-02-01 16:54:54','ITEM-028136','SUNLIGHT JERUK NIPIS 800 ML',1,8750.00,5,43750.00,'BKS',45),(328,'\0','\0',5,'2014-02-01 16:54:54','ITEM-028137','SUNLIGHT JERUK NIPIS 200 ML',2,3150.00,12,37800.00,'BKS',45),(329,'\0','\0',5,'2014-02-01 16:54:54','ITEM-028138','SUNLIGHT JERUK NIPIS 85 ML',3,1750.00,11,19250.00,'BKS',45),(330,'\0','\0',5,'2014-02-01 16:54:54','ITEM-028139','SUPER PELL JERUK 400 ML',4,3850.00,9,34650.00,'BKS',45),(331,'\0','\0',5,'2014-02-01 16:54:54','ITEM-028140','SUPER PELL JERUK 800 ML',5,7000.00,6,42000.00,'BKS',45),(332,'\0','\0',5,'2014-02-01 16:54:54','ITEM-028141','SUPER PELL APLE 800 ML',6,7000.00,6,42000.00,'BKS',45),(333,'\0','\0',5,'2014-02-01 17:15:51','ITEM-028142','TEH KOTAK MELATI 200 ML',1,2800.00,12,33600.00,'KOTAK',46),(334,'\0','\0',5,'2014-02-01 17:15:51','ITEM- 028143','BUAVITA LECI 250 ML',2,3850.00,3,11550.00,'KOTAK',46),(335,'\0','\0',5,'2014-02-01 17:15:51','ITEM-028144','BUAVITA SIRSAK 250 ML',3,3850.00,3,11550.00,'KOTAK',46),(336,'\0','\0',5,'2014-02-01 17:15:51','ITEM- 028145','BUAVITA MANGGO 250 ML',4,3850.00,3,11550.00,'KOTAK',46),(337,'\0','\0',5,'2014-02-01 17:15:51','ITEM-028146','BUAVITA APPLE 250 ML',5,3850.00,3,11550.00,'KOTAK',46),(338,'\0','\0',5,'2014-02-01 17:15:51','ITEM-028147','POP MIE SOTO 35 G',6,2100.00,20,42000.00,'BKS',46),(339,'\0','\0',5,'2014-02-01 17:15:51','ITEM-028148','POP MIE AYAM BAWANG 35 G',7,2100.00,20,42000.00,'BKS',46),(340,'\0','\0',5,'2014-02-01 17:15:51','ITEM- 028149','KRATINGDAENG 150 ML',8,3500.00,24,84000.00,'BTL',46),(341,'\0','\0',5,'2014-02-01 17:46:22','ITEM-028150','ULTRA MILD COKLAT 125 ML',1,2450.00,12,29400.00,'KOTAK',47),(342,'\0','\0',5,'2014-02-01 17:46:22','ITEM-028151','SUPER PELL APLE 400 ML',2,3850.00,3,11550.00,'BKS',47),(343,'\0','\0',5,'2014-02-01 17:46:22','ITEM- 028152','NII GREEN TEA MADU 500 ML',3,4200.00,12,50400.00,'BTL',47),(344,'\0','\0',5,'2014-02-01 17:46:22','ITEM-028153','MIZONE COCOPINA 500 ML',4,4200.00,6,25200.00,'BTL',47),(345,'\0','\0',5,'2014-02-01 17:46:22','ITEM- 028154','MIZONE LYCHEE LEMON 500 ML',5,4200.00,6,25200.00,'BTL',47),(346,'\0','\0',5,'2014-02-01 17:46:22','ITEM-028155','SUPER BUBUR AYAM 27 G',6,1400.00,10,14000.00,'BKS',47),(347,'\0','\0',5,'2014-02-01 17:46:22','ITEM- 028156','PROMINA PISANG 20 G',7,1400.00,8,11200.00,'BKS',47),(348,'\0','\0',5,'2014-02-01 17:46:22','ITEM-028157','PROMINA KACANG HJAU 20 G',8,1400.00,8,11200.00,'BKS',47),(349,'\0','\0',5,'2014-02-01 17:46:22','ITEM-028158','PROMINA BERAS MERAH 20 G',9,1400.00,24,33600.00,'BKS',47),(350,'\0','\0',5,'2014-02-01 17:46:22','ITEM-028159','MOLTO PEWANGI FLORAL BLISS 450 ML',10,4550.00,6,27300.00,'BKS',47),(351,'\0','\0',5,'2014-02-01 17:46:22','ITEM-028160','MOLTO PEWNANGI FLOWER SHOWER 450 ML ',11,4550.00,6,27300.00,'BKS',47),(352,'\0','\0',5,'2014-02-01 17:46:22','ITEM-028161','LIFEBUOY TOTAL 250 ML',12,3850.00,3,11550.00,'BKS',47),(353,'\0','\0',5,'2014-02-01 17:46:22','ITEM-028162','LIFEBUOY LEMONFRESH 250 ML',13,3850.00,2,7700.00,'BKS',47),(354,'\0','\0',5,'2014-02-01 17:46:22','ITEM-028163','WIPOL 450 ML',14,5250.00,6,31500.00,'BKS',47),(355,'\0','\0',5,'2014-02-01 17:46:22','ITEM-028164','LIFEBUOY MILDCARE 250 ML',15,3850.00,1,3850.00,'BKS',47),(356,'\0','\0',5,'2014-02-01 18:06:34','ITEM-028167','WIPOL BOTOL 450ML',1,7700.00,3,23100.00,'BTL',48),(357,'\0','\0',4,'2014-02-01 18:40:48','ITEM-0086','ULTRA MILK STROBERI 125 ML',1,2450.00,6,14700.00,'KOTAK',49);
/*!40000 ALTER TABLE `purchase_details` ENABLE KEYS */;
UNLOCK TABLES;

--
-- Table structure for table `purchase_headers`
--

DROP TABLE IF EXISTS `purchase_headers`;
/*!40101 SET @saved_cs_client     = @@character_set_client */;
/*!40101 SET character_set_client = utf8 */;
CREATE TABLE `purchase_headers` (
  `ID` int(11) NOT NULL AUTO_INCREMENT,
  `DELETED` bit(1) NOT NULL,
  `DISABLED` bit(1) NOT NULL,
  `LAST_UPDATED_BY` int(11) NOT NULL,
  `LAST_UPDATED_TIMESTAMP` datetime NOT NULL,
  `ADVANCE_PAYMENT` decimal(19,2) NOT NULL,
  `DISCOUNT` decimal(19,2) NOT NULL,
  `EXPENSES` decimal(19,2) NOT NULL,
  `PAID_IN_FULL_FLAG` bit(1) NOT NULL,
  `REMAINING_PAYMENT` decimal(19,2) NOT NULL,
  `SUB_TOTAL_AMOUNT` decimal(19,2) NOT NULL,
  `TOTAL_AMOUNT` decimal(19,2) NOT NULL,
  `TRANSACTION_NUMBER` varchar(255) NOT NULL,
  `TRANSACTION_TIMESTAMP` datetime NOT NULL,
  `SUPPLIER_ID` int(11) NOT NULL,
  PRIMARY KEY (`ID`),
  UNIQUE KEY `TRANSACTION_NUMBER` (`TRANSACTION_NUMBER`),
  KEY `FK21D106282FFD91A` (`SUPPLIER_ID`),
  CONSTRAINT `FK21D106282FFD91A` FOREIGN KEY (`SUPPLIER_ID`) REFERENCES `suppliers` (`ID`)
) ENGINE=InnoDB AUTO_INCREMENT=50 DEFAULT CHARSET=latin1;
/*!40101 SET character_set_client = @saved_cs_client */;

--
-- Dumping data for table `purchase_headers`
--

LOCK TABLES `purchase_headers` WRITE;
/*!40000 ALTER TABLE `purchase_headers` DISABLE KEYS */;
INSERT INTO `purchase_headers` VALUES (1,'\0','\0',2,'2014-01-27 16:05:18',393364.00,0.00,0.00,'',0.00,393364.00,393364.00,'PUR20140127153956','2014-01-27 15:39:56',1),(2,'\0','\0',2,'2014-01-27 16:25:06',1694115.00,0.00,0.00,'',0.00,1694115.00,1694115.00,'PUR20140127160557','2014-01-27 16:05:57',1),(3,'\0','\0',2,'2014-01-27 16:44:46',111264.00,0.00,0.00,'',0.00,111264.00,111264.00,'PUR20140127162547','2014-01-27 16:25:47',1),(4,'\0','\0',2,'2014-01-27 17:00:22',79816.00,0.00,0.00,'',0.00,79816.00,79816.00,'PUR20140127164512','2014-01-27 16:45:12',1),(5,'\0','\0',2,'2014-01-27 17:10:35',0.00,0.00,0.00,'',0.00,0.00,0.00,'PUR20140127170832','2014-01-27 17:08:32',1),(6,'\0','\0',2,'2014-01-27 17:13:57',24000.00,0.00,0.00,'',0.00,24000.00,24000.00,'PUR20140127171042','2014-01-27 17:10:42',1),(7,'\0','\0',2,'2014-01-27 18:07:17',554800.00,0.00,0.00,'',0.00,554800.00,554800.00,'PUR20140127173343','2014-01-27 17:33:44',1),(8,'\0','\0',2,'2014-01-27 18:44:06',1260871.00,0.00,0.00,'',0.00,1260871.00,1260871.00,'PUR20140127180740','2014-01-27 18:07:40',1),(9,'\0','\0',2,'2014-01-28 14:12:27',1088013.00,0.00,0.00,'',0.00,1088013.00,1088013.00,'PUR20140128134057','2014-01-28 13:40:57',1),(10,'\0','\0',2,'2014-01-28 14:29:39',673325.00,0.00,0.00,'',0.00,673325.00,673325.00,'PUR20140128141341','2014-01-28 14:13:41',1),(11,'\0','\0',2,'2014-01-28 14:33:10',65318.00,0.00,0.00,'',0.00,65318.00,65318.00,'PUR20140128143028','2014-01-28 14:30:28',1),(12,'\0','\0',2,'2014-01-28 14:48:30',602517.00,0.00,0.00,'',0.00,602517.00,602517.00,'PUR20140128143513','2014-01-28 14:35:13',1),(13,'\0','\0',2,'2014-01-28 15:03:25',436000.00,0.00,0.00,'',0.00,436000.00,436000.00,'PUR20140128145124','2014-01-28 14:51:24',1),(14,'\0','\0',2,'2014-01-28 15:12:22',242000.00,0.00,0.00,'',0.00,242000.00,242000.00,'PUR20140128150806','2014-01-28 15:08:06',1),(15,'\0','\0',2,'2014-01-28 15:40:30',490488.00,0.00,0.00,'',0.00,490488.00,490488.00,'PUR20140128151248','2014-01-28 15:12:48',1),(16,'\0','\0',2,'2014-01-28 15:43:35',25500.00,0.00,0.00,'',0.00,25500.00,25500.00,'PUR20140128154141','2014-01-28 15:41:41',1),(17,'\0','\0',4,'2014-01-30 12:36:17',106400.00,0.00,0.00,'',0.00,106400.00,106400.00,'PUR20140130121736','2014-01-30 12:17:36',1),(18,'\0','\0',4,'2014-01-30 12:57:33',83000.00,0.00,0.00,'',0.00,83000.00,83000.00,'PUR20140130124323','2014-01-30 12:43:23',1),(19,'\0','\0',4,'2014-01-30 13:21:52',416400.00,0.00,0.00,'',0.00,416400.00,416400.00,'PUR20140130125814','2014-01-30 12:58:14',1),(20,'\0','\0',1,'2014-01-30 15:15:29',2131000.00,0.00,0.00,'',0.00,2131000.00,2131000.00,'PUR20140130150051','2014-01-30 15:00:51',1),(21,'\0','\0',1,'2014-01-30 15:18:22',342000.00,0.00,0.00,'',0.00,342000.00,342000.00,'PUR20140130151544','2014-01-30 15:15:44',1),(22,'\0','\0',2,'2014-01-30 16:26:53',633300.00,0.00,0.00,'',0.00,633300.00,633300.00,'PUR20140130154634','2014-01-30 15:46:34',1),(23,'\0','\0',2,'2014-01-30 17:31:19',3253600.00,0.00,0.00,'',0.00,3253600.00,3253600.00,'PUR20140130162725','2014-01-30 16:27:25',1),(24,'\0','\0',2,'2014-01-30 17:44:34',283200.00,0.00,0.00,'',0.00,283200.00,283200.00,'PUR20140130173313','2014-01-30 17:33:13',1),(25,'\0','\0',2,'2014-01-30 17:54:09',14400.00,0.00,0.00,'',0.00,14400.00,14400.00,'PUR20140130175203','2014-01-30 17:52:03',1),(26,'\0','\0',4,'2014-01-30 18:09:46',146300.00,0.00,0.00,'',0.00,146300.00,146300.00,'PUR20140130175625','2014-01-30 17:56:25',1),(27,'\0','\0',4,'2014-01-30 18:33:00',190400.00,0.00,0.00,'',0.00,190400.00,190400.00,'PUR20140130181128','2014-01-30 18:11:28',1),(28,'\0','\0',4,'2014-01-31 07:06:48',0.00,0.00,0.00,'\0',34650.00,34650.00,34650.00,'PUR20140131070104','2014-01-31 07:01:04',1),(29,'\0','\0',4,'2014-01-31 07:11:59',0.00,0.00,0.00,'',0.00,0.00,0.00,'PUR20140131070903','2014-01-31 07:09:03',1),(30,'\0','\0',4,'2014-02-01 07:24:07',0.00,0.00,0.00,'\0',21700.00,21700.00,21700.00,'PUR20140201071901','2014-02-01 07:19:01',1),(31,'\0','\0',4,'2014-02-01 08:05:41',0.00,0.00,0.00,'\0',52500.00,52500.00,52500.00,'PUR20140201075923','2014-02-01 07:59:23',1),(32,'\0','\0',4,'2014-02-01 08:21:31',0.00,0.00,0.00,'\0',77000.00,77000.00,77000.00,'PUR20140201081146','2014-02-01 08:11:46',1),(33,'\0','\0',4,'2014-02-01 10:46:53',0.00,0.00,0.00,'\0',598500.00,598500.00,598500.00,'PUR20140201082644','2014-02-01 08:26:44',1),(34,'\0','\0',5,'2014-02-01 12:35:04',46200.00,0.00,0.00,'',0.00,46200.00,46200.00,'PUR20140201122608','2014-02-01 12:26:08',1),(35,'\0','\0',5,'2014-02-01 12:58:58',111300.00,0.00,0.00,'',0.00,111300.00,111300.00,'PUR20140201123854','2014-02-01 12:38:54',1),(36,'\0','\0',5,'2014-02-01 13:54:16',532700.00,0.00,0.00,'',0.00,532700.00,532700.00,'PUR20140201130307','2014-02-01 13:03:07',1),(37,'\0','\0',5,'2014-02-01 14:04:48',56700.00,0.00,0.00,'',0.00,56700.00,56700.00,'PUR20140201135859','2014-02-01 13:58:59',1),(38,'\0','\0',5,'2014-02-01 14:10:33',29400.00,0.00,0.00,'',0.00,29400.00,29400.00,'PUR20140201140547','2014-02-01 14:05:47',1),(39,'\0','\0',5,'2014-02-01 14:27:18',191100.00,0.00,0.00,'',0.00,191100.00,191100.00,'PUR20140201141125','2014-02-01 14:11:25',1),(40,'\0','\0',5,'2014-02-01 14:49:16',44800.00,0.00,0.00,'',0.00,44800.00,44800.00,'PUR20140201144242','2014-02-01 14:42:42',1),(41,'\0','\0',5,'2014-02-01 15:58:14',283790.00,0.00,0.00,'',0.00,283790.00,283790.00,'PUR20140201153509','2014-02-01 15:35:09',1),(42,'\0','\0',5,'2014-02-01 16:07:19',24590.00,0.00,0.00,'',0.00,24590.00,24590.00,'PUR20140201160140','2014-02-01 16:01:40',1),(43,'\0','\0',5,'2014-02-01 16:14:47',19950.00,0.00,0.00,'',0.00,19950.00,19950.00,'PUR20140201161107','2014-02-01 16:11:07',1),(44,'\0','\0',5,'2014-02-01 16:28:59',33600.00,0.00,0.00,'',0.00,33600.00,33600.00,'PUR20140201162554','2014-02-01 16:25:54',1),(45,'\0','\0',5,'2014-02-01 16:54:54',219450.00,0.00,0.00,'',0.00,219450.00,219450.00,'PUR20140201163752','2014-02-01 16:37:52',1),(46,'\0','\0',5,'2014-02-01 17:15:51',247800.00,0.00,0.00,'',0.00,247800.00,247800.00,'PUR20140201165625','2014-02-01 16:56:25',1),(47,'\0','\0',5,'2014-02-01 17:46:22',320950.00,0.00,0.00,'',0.00,320950.00,320950.00,'PUR20140201171726','2014-02-01 17:17:26',1),(48,'\0','\0',5,'2014-02-01 18:06:34',23100.00,0.00,0.00,'',0.00,23100.00,23100.00,'PUR20140201180239','2014-02-01 18:02:39',1),(49,'\0','\0',4,'2014-02-01 18:40:48',14700.00,0.00,0.00,'',0.00,14700.00,14700.00,'PUR20140201183355','2014-02-01 18:33:55',1);
/*!40000 ALTER TABLE `purchase_headers` ENABLE KEYS */;
UNLOCK TABLES;

--
-- Table structure for table `purchase_return_details`
--

DROP TABLE IF EXISTS `purchase_return_details`;
/*!40101 SET @saved_cs_client     = @@character_set_client */;
/*!40101 SET character_set_client = utf8 */;
CREATE TABLE `purchase_return_details` (
  `ID` int(11) NOT NULL AUTO_INCREMENT,
  `DELETED` bit(1) NOT NULL,
  `DISABLED` bit(1) NOT NULL,
  `LAST_UPDATED_BY` int(11) NOT NULL,
  `LAST_UPDATED_TIMESTAMP` datetime NOT NULL,
  `ITEM_CODE` varchar(255) NOT NULL,
  `ITEM_NAME` varchar(255) NOT NULL,
  `ORDER_NUM` int(11) NOT NULL,
  `PRICE_PER_UNIT` decimal(19,2) NOT NULL,
  `PURCHASE_TRANSACTION_NUMBER` varchar(255) NOT NULL,
  `PURCHASE_TRANSACTION_TIMESTAMP` datetime NOT NULL,
  `QUANTITY` int(11) NOT NULL,
  `TOTAL_AMOUNT` decimal(19,2) NOT NULL,
  `UNIT` varchar(255) NOT NULL,
  `PURCHASE_RETURN_HEADER_ID` int(11) NOT NULL,
  PRIMARY KEY (`ID`),
  KEY `FKA82FDD112C6F059A` (`PURCHASE_RETURN_HEADER_ID`),
  CONSTRAINT `FKA82FDD112C6F059A` FOREIGN KEY (`PURCHASE_RETURN_HEADER_ID`) REFERENCES `purchase_return_headers` (`ID`)
) ENGINE=InnoDB DEFAULT CHARSET=latin1;
/*!40101 SET character_set_client = @saved_cs_client */;

--
-- Dumping data for table `purchase_return_details`
--

LOCK TABLES `purchase_return_details` WRITE;
/*!40000 ALTER TABLE `purchase_return_details` DISABLE KEYS */;
/*!40000 ALTER TABLE `purchase_return_details` ENABLE KEYS */;
UNLOCK TABLES;

--
-- Table structure for table `purchase_return_headers`
--

DROP TABLE IF EXISTS `purchase_return_headers`;
/*!40101 SET @saved_cs_client     = @@character_set_client */;
/*!40101 SET character_set_client = utf8 */;
CREATE TABLE `purchase_return_headers` (
  `ID` int(11) NOT NULL AUTO_INCREMENT,
  `DELETED` bit(1) NOT NULL,
  `DISABLED` bit(1) NOT NULL,
  `LAST_UPDATED_BY` int(11) NOT NULL,
  `LAST_UPDATED_TIMESTAMP` datetime NOT NULL,
  `AMOUNT_RETURNED` decimal(19,2) NOT NULL,
  `DEBT_CUT` decimal(19,2) NOT NULL,
  `DISCOUNT_RETURNED` decimal(19,2) NOT NULL,
  `EXPENSES` decimal(19,2) NOT NULL,
  `REMAINING_RETURN_AMOUNT` decimal(19,2) NOT NULL,
  `RETURNED_IN_FULL_FLAG` bit(1) NOT NULL,
  `SUB_TOTAL_AMOUNT` decimal(19,2) NOT NULL,
  `TOTAL_RETURN_AMOUNT` decimal(19,2) NOT NULL,
  `TRANSACTION_NUMBER` varchar(255) NOT NULL,
  `TRANSACTION_TIMESTAMP` datetime NOT NULL,
  `SUPPLIER_ID` int(11) NOT NULL,
  PRIMARY KEY (`ID`),
  UNIQUE KEY `TRANSACTION_NUMBER` (`TRANSACTION_NUMBER`),
  KEY `FK7ABE5A552FFD91A` (`SUPPLIER_ID`),
  CONSTRAINT `FK7ABE5A552FFD91A` FOREIGN KEY (`SUPPLIER_ID`) REFERENCES `suppliers` (`ID`)
) ENGINE=InnoDB DEFAULT CHARSET=latin1;
/*!40101 SET character_set_client = @saved_cs_client */;

--
-- Dumping data for table `purchase_return_headers`
--

LOCK TABLES `purchase_return_headers` WRITE;
/*!40000 ALTER TABLE `purchase_return_headers` DISABLE KEYS */;
/*!40000 ALTER TABLE `purchase_return_headers` ENABLE KEYS */;
UNLOCK TABLES;

--
-- Table structure for table `receivable_summaries`
--

DROP TABLE IF EXISTS `receivable_summaries`;
/*!40101 SET @saved_cs_client     = @@character_set_client */;
/*!40101 SET character_set_client = utf8 */;
CREATE TABLE `receivable_summaries` (
  `ID` int(11) NOT NULL AUTO_INCREMENT,
  `DELETED` bit(1) NOT NULL,
  `DISABLED` bit(1) NOT NULL,
  `LAST_UPDATED_BY` int(11) NOT NULL,
  `LAST_UPDATED_TIMESTAMP` datetime NOT NULL,
  `CLIENT_ID` int(11) NOT NULL,
  `LAST_RECEIVABLE_TRANSACTION_ID` int(11) NOT NULL,
  `REMAINING_AMOUNT` decimal(19,2) NOT NULL,
  PRIMARY KEY (`ID`),
  UNIQUE KEY `CLIENT_ID` (`CLIENT_ID`)
) ENGINE=InnoDB DEFAULT CHARSET=latin1;
/*!40101 SET character_set_client = @saved_cs_client */;

--
-- Dumping data for table `receivable_summaries`
--

LOCK TABLES `receivable_summaries` WRITE;
/*!40000 ALTER TABLE `receivable_summaries` DISABLE KEYS */;
/*!40000 ALTER TABLE `receivable_summaries` ENABLE KEYS */;
UNLOCK TABLES;

--
-- Table structure for table `receivable_transactions`
--

DROP TABLE IF EXISTS `receivable_transactions`;
/*!40101 SET @saved_cs_client     = @@character_set_client */;
/*!40101 SET character_set_client = utf8 */;
CREATE TABLE `receivable_transactions` (
  `ID` int(11) NOT NULL AUTO_INCREMENT,
  `DELETED` bit(1) NOT NULL,
  `DISABLED` bit(1) NOT NULL,
  `LAST_UPDATED_BY` int(11) NOT NULL,
  `LAST_UPDATED_TIMESTAMP` datetime NOT NULL,
  `ACCOUNT_ACTION` varchar(255) NOT NULL,
  `ACTION_TIMESTAMP` datetime NOT NULL,
  `AMOUNT` decimal(19,2) NOT NULL,
  `DESCRIPTION` varchar(255) NOT NULL,
  `MATURITY_DATE` datetime NOT NULL,
  `REFF_NUMBER` varchar(255) NOT NULL,
  `RECEIVABLE_SUMMARY_ID` int(11) NOT NULL,
  PRIMARY KEY (`ID`),
  UNIQUE KEY `REFF_NUMBER` (`REFF_NUMBER`),
  KEY `FK210C929841939161` (`RECEIVABLE_SUMMARY_ID`),
  CONSTRAINT `FK210C929841939161` FOREIGN KEY (`RECEIVABLE_SUMMARY_ID`) REFERENCES `receivable_summaries` (`ID`)
) ENGINE=InnoDB DEFAULT CHARSET=latin1;
/*!40101 SET character_set_client = @saved_cs_client */;

--
-- Dumping data for table `receivable_transactions`
--

LOCK TABLES `receivable_transactions` WRITE;
/*!40000 ALTER TABLE `receivable_transactions` DISABLE KEYS */;
/*!40000 ALTER TABLE `receivable_transactions` ENABLE KEYS */;
UNLOCK TABLES;

--
-- Table structure for table `roles`
--

DROP TABLE IF EXISTS `roles`;
/*!40101 SET @saved_cs_client     = @@character_set_client */;
/*!40101 SET character_set_client = utf8 */;
CREATE TABLE `roles` (
  `ID` int(11) NOT NULL AUTO_INCREMENT,
  `DELETED` bit(1) NOT NULL,
  `DISABLED` bit(1) NOT NULL,
  `LAST_UPDATED_BY` int(11) NOT NULL,
  `LAST_UPDATED_TIMESTAMP` datetime NOT NULL,
  `DESCRIPTION` varchar(255) DEFAULT NULL,
  `NAME` varchar(255) NOT NULL,
  PRIMARY KEY (`ID`),
  UNIQUE KEY `NAME` (`NAME`)
) ENGINE=InnoDB DEFAULT CHARSET=latin1;
/*!40101 SET character_set_client = @saved_cs_client */;

--
-- Dumping data for table `roles`
--

LOCK TABLES `roles` WRITE;
/*!40000 ALTER TABLE `roles` DISABLE KEYS */;
/*!40000 ALTER TABLE `roles` ENABLE KEYS */;
UNLOCK TABLES;

--
-- Table structure for table `sale_details`
--

DROP TABLE IF EXISTS `sale_details`;
/*!40101 SET @saved_cs_client     = @@character_set_client */;
/*!40101 SET character_set_client = utf8 */;
CREATE TABLE `sale_details` (
  `ID` int(11) NOT NULL AUTO_INCREMENT,
  `DELETED` bit(1) NOT NULL,
  `DISABLED` bit(1) NOT NULL,
  `LAST_UPDATED_BY` int(11) NOT NULL,
  `LAST_UPDATED_TIMESTAMP` datetime NOT NULL,
  `DISCOUNT_PERCENT` decimal(19,2) NOT NULL,
  `ITEM_CODE` varchar(255) NOT NULL,
  `ITEM_NAME` varchar(255) NOT NULL,
  `ORDER_NUM` int(11) NOT NULL,
  `PRICE_PER_UNIT` decimal(19,2) NOT NULL,
  `QUANTITY` int(11) NOT NULL,
  `TOTAL_AMOUNT` decimal(19,2) NOT NULL,
  `UNIT` varchar(255) NOT NULL,
  `SALE_HEADER_ID` int(11) NOT NULL,
  PRIMARY KEY (`ID`),
  KEY `FKDD1DA62A7BC0C6A9` (`SALE_HEADER_ID`),
  CONSTRAINT `FKDD1DA62A7BC0C6A9` FOREIGN KEY (`SALE_HEADER_ID`) REFERENCES `sale_headers` (`ID`)
) ENGINE=InnoDB AUTO_INCREMENT=25 DEFAULT CHARSET=latin1;
/*!40101 SET character_set_client = @saved_cs_client */;

--
-- Dumping data for table `sale_details`
--

LOCK TABLES `sale_details` WRITE;
/*!40000 ALTER TABLE `sale_details` DISABLE KEYS */;
INSERT INTO `sale_details` VALUES (6,'\0','\0',5,'2014-01-30 18:51:07',0.00,'ITEM-0194','VITACIMIN SWEETLET 2@BKS',1,2000.00,1,2000.00,'PCS',6),(7,'\0','\0',5,'2014-01-30 18:53:10',0.00,'ITEM-0035','PULPY ORANGE 350 ML',1,7000.00,1,7000.00,'BTL',7),(8,'\0','\0',4,'2014-02-01 07:41:02',0.00,'ITEM-0254','CITRA PEARLY WHITE UV 250 ML ',1,18500.00,3,55500.00,'BTL',8),(9,'\0','\0',4,'2014-02-01 10:49:19',0.00,'ITEM-0042','LARUTAN PENYEGAR STROBERI 320 ML',1,6000.00,1,6000.00,'KALENG',9),(10,'\0','\0',4,'2014-02-01 10:56:07',0.00,'ITEM-0138','SALE PISANG ORIGINAL',1,10000.00,2,20000.00,'BKS',10),(11,'\0','\0',4,'2014-02-01 10:56:07',0.00,'ITEM-0143','KERIPIK SANJAI PADANG PJ.BESAR',2,15000.00,1,15000.00,'BKS',10),(12,'\0','\0',4,'2014-02-01 11:00:10',0.00,'ITEM-0084','AQUA 1500 ML ',1,6000.00,1,6000.00,'BTL',11),(13,'\0','\0',4,'2014-02-01 11:00:10',0.00,'ITEM-0091','OT MINTZ DOUBLEMINT 125 GR',2,5500.00,1,5500.00,'BKS',11),(14,'\0','\0',5,'2014-02-01 12:36:14',0.00,'ITEM-0081','AQUA 600 ML',1,3500.00,1,3500.00,'BOTOL',12),(15,'\0','\0',5,'2014-02-01 12:38:30',0.00,'ITEM-0188','SAGON KELAPA',1,12000.00,1,12000.00,'BKS',13),(16,'\0','\0',5,'2014-02-01 13:02:05',0.00,'ITEM-0080','ALFA ONE 600 ML',1,3000.00,2,6000.00,'BOTOL',14),(17,'\0','\0',5,'2014-02-01 13:02:05',0.00,'ITEM-0081','AQUA 600 ML',2,3500.00,1,3500.00,'BOTOL',14),(18,'\0','\0',5,'2014-02-01 13:02:05',0.00,'ITEM-0043','LARUTAN CAP KAKI TIGA 200 ML',3,3000.00,1,3000.00,'BTL',14),(19,'\0','\0',5,'2014-02-01 13:02:05',0.00,'ITEM-0220','MONDE SERENA SNACK 50 GR',4,4000.00,1,4000.00,'BKS',14),(20,'\0','\0',5,'2014-02-01 13:02:05',0.00,'ITEM-0089','KHONG GUAN CREAM WAFERS CHOCOLATE 240 GR',5,12500.00,1,12500.00,'BKS',14),(21,'\0','\0',5,'2014-02-01 14:53:16',0.00,'ITEM-0035','PULPY ORANGE 350 ML',1,7000.00,4,28000.00,'BTL',15),(22,'\0','\0',5,'2014-02-01 15:03:06',0.00,'ITEM-0233','KAPAL API GRANDE 3@20G',1,4000.00,1,4000.00,'BKS',16),(23,'\0','\0',5,'2014-02-01 15:04:28',0.00,'ITEM-0035','PULPY ORANGE 350 ML',1,7000.00,1,7000.00,'BTL',17),(24,'\0','\0',5,'2014-02-01 16:15:21',0.00,'ITEM-028134','NICE FACIAL TISSUE JERUK 200 SHEETS ',1,9500.00,1,9500.00,'BKS',18);
/*!40000 ALTER TABLE `sale_details` ENABLE KEYS */;
UNLOCK TABLES;

--
-- Table structure for table `sale_headers`
--

DROP TABLE IF EXISTS `sale_headers`;
/*!40101 SET @saved_cs_client     = @@character_set_client */;
/*!40101 SET character_set_client = utf8 */;
CREATE TABLE `sale_headers` (
  `ID` int(11) NOT NULL AUTO_INCREMENT,
  `DELETED` bit(1) NOT NULL,
  `DISABLED` bit(1) NOT NULL,
  `LAST_UPDATED_BY` int(11) NOT NULL,
  `LAST_UPDATED_TIMESTAMP` datetime NOT NULL,
  `MONEY_CHANGE` decimal(19,2) NOT NULL,
  `PAY` decimal(19,2) NOT NULL,
  `SUB_TOTAL_AMOUNT` decimal(19,2) NOT NULL,
  `TAX_AMOUNT` decimal(19,2) NOT NULL,
  `TAX_PERCENT` decimal(19,2) NOT NULL,
  `TOTAL_AMOUNT` decimal(19,2) NOT NULL,
  `TRANSACTION_NUMBER` varchar(255) NOT NULL,
  `TRANSACTION_TIMESTAMP` datetime NOT NULL,
  `CUSTOMER_ID` int(11) NOT NULL,
  PRIMARY KEY (`ID`),
  UNIQUE KEY `TRANSACTION_NUMBER` (`TRANSACTION_NUMBER`),
  KEY `FKAFAC236E3DD247DA` (`CUSTOMER_ID`),
  CONSTRAINT `FKAFAC236E3DD247DA` FOREIGN KEY (`CUSTOMER_ID`) REFERENCES `customers` (`ID`)
) ENGINE=InnoDB AUTO_INCREMENT=19 DEFAULT CHARSET=latin1;
/*!40101 SET character_set_client = @saved_cs_client */;

--
-- Dumping data for table `sale_headers`
--

LOCK TABLES `sale_headers` WRITE;
/*!40000 ALTER TABLE `sale_headers` DISABLE KEYS */;
INSERT INTO `sale_headers` VALUES (6,'\0','\0',5,'2014-01-30 18:51:07',0.00,2000.00,2000.00,0.00,0.00,2000.00,'PUR20140130185039','2014-01-30 18:50:39',0),(7,'\0','\0',5,'2014-01-30 18:53:10',3000.00,10000.00,7000.00,0.00,0.00,7000.00,'PUR20140130185152','2014-01-30 18:51:52',0),(8,'\0','\0',4,'2014-02-01 07:41:02',0.00,0.00,55500.00,0.00,0.00,55500.00,'PUR20140201073904','2014-02-01 07:39:04',0),(9,'\0','\0',4,'2014-02-01 10:49:19',4000.00,10000.00,6000.00,0.00,0.00,6000.00,'PUR20140201104807','2014-02-01 10:48:07',0),(10,'\0','\0',4,'2014-02-01 10:56:07',0.00,35000.00,35000.00,0.00,0.00,35000.00,'PUR20140201105054','2014-02-01 10:50:54',0),(11,'\0','\0',4,'2014-02-01 11:00:10',9000.00,20500.00,11500.00,0.00,0.00,11500.00,'PUR20140201105807','2014-02-01 10:58:07',0),(12,'\0','\0',5,'2014-02-01 12:36:14',6500.00,10000.00,3500.00,0.00,0.00,3500.00,'PUR20140201123510','2014-02-01 12:35:10',0),(13,'\0','\0',5,'2014-02-01 12:38:30',0.00,12000.00,12000.00,0.00,0.00,12000.00,'PUR20140201123636','2014-02-01 12:36:36',0),(14,'\0','\0',5,'2014-02-01 13:02:05',11000.00,40000.00,29000.00,0.00,0.00,29000.00,'PUR20140201125902','2014-02-01 12:59:02',0),(15,'\0','\0',5,'2014-02-01 14:53:16',22000.00,50000.00,28000.00,0.00,0.00,28000.00,'PUR20140201145229','2014-02-01 14:52:29',0),(16,'\0','\0',5,'2014-02-01 15:03:06',16000.00,20000.00,4000.00,0.00,0.00,4000.00,'PUR20140201150023','2014-02-01 15:00:23',0),(17,'\0','\0',5,'2014-02-01 15:04:28',13000.00,20000.00,7000.00,0.00,0.00,7000.00,'PUR20140201150332','2014-02-01 15:03:32',0),(18,'\0','\0',5,'2014-02-01 16:15:21',500.00,10000.00,9500.00,0.00,0.00,9500.00,'PUR20140201161501','2014-02-01 16:15:01',0);
/*!40000 ALTER TABLE `sale_headers` ENABLE KEYS */;
UNLOCK TABLES;

--
-- Table structure for table `sale_return_details`
--

DROP TABLE IF EXISTS `sale_return_details`;
/*!40101 SET @saved_cs_client     = @@character_set_client */;
/*!40101 SET character_set_client = utf8 */;
CREATE TABLE `sale_return_details` (
  `ID` int(11) NOT NULL AUTO_INCREMENT,
  `DELETED` bit(1) NOT NULL,
  `DISABLED` bit(1) NOT NULL,
  `LAST_UPDATED_BY` int(11) NOT NULL,
  `LAST_UPDATED_TIMESTAMP` datetime NOT NULL,
  `DISCOUNT_PERCENT` decimal(19,2) NOT NULL,
  `ITEM_CODE` varchar(255) NOT NULL,
  `ITEM_NAME` varchar(255) NOT NULL,
  `ORDER_NUM` int(11) NOT NULL,
  `PRICE_PER_UNIT` decimal(19,2) NOT NULL,
  `QUANTITY` int(11) NOT NULL,
  `SALE_TRANSACTION_NUMBER` varchar(255) NOT NULL,
  `SALE_TRANSACTION_TIMESTAMP` datetime NOT NULL,
  `TOTAL_AMOUNT` decimal(19,2) NOT NULL,
  `UNIT` varchar(255) NOT NULL,
  `SALE_RETURN_HEADER_ID` int(11) NOT NULL,
  PRIMARY KEY (`ID`),
  KEY `FKC79C650B9303F15A` (`SALE_RETURN_HEADER_ID`),
  CONSTRAINT `FKC79C650B9303F15A` FOREIGN KEY (`SALE_RETURN_HEADER_ID`) REFERENCES `sale_return_headers` (`ID`)
) ENGINE=InnoDB DEFAULT CHARSET=latin1;
/*!40101 SET character_set_client = @saved_cs_client */;

--
-- Dumping data for table `sale_return_details`
--

LOCK TABLES `sale_return_details` WRITE;
/*!40000 ALTER TABLE `sale_return_details` DISABLE KEYS */;
/*!40000 ALTER TABLE `sale_return_details` ENABLE KEYS */;
UNLOCK TABLES;

--
-- Table structure for table `sale_return_headers`
--

DROP TABLE IF EXISTS `sale_return_headers`;
/*!40101 SET @saved_cs_client     = @@character_set_client */;
/*!40101 SET character_set_client = utf8 */;
CREATE TABLE `sale_return_headers` (
  `ID` int(11) NOT NULL AUTO_INCREMENT,
  `DELETED` bit(1) NOT NULL,
  `DISABLED` bit(1) NOT NULL,
  `LAST_UPDATED_BY` int(11) NOT NULL,
  `LAST_UPDATED_TIMESTAMP` datetime NOT NULL,
  `SUB_TOTAL_AMOUNT` decimal(19,2) NOT NULL,
  `TAX_AMOUNT` decimal(19,2) NOT NULL,
  `TAX_PERCENT` decimal(19,2) NOT NULL,
  `TOTAL_RETURN_AMOUNT` decimal(19,2) NOT NULL,
  `TRANSACTION_NUMBER` varchar(255) NOT NULL,
  `TRANSACTION_TIMESTAMP` datetime NOT NULL,
  `CUSTOMER_ID` int(11) NOT NULL,
  PRIMARY KEY (`ID`),
  UNIQUE KEY `TRANSACTION_NUMBER` (`TRANSACTION_NUMBER`),
  KEY `FK9A2AE24F3DD247DA` (`CUSTOMER_ID`),
  CONSTRAINT `FK9A2AE24F3DD247DA` FOREIGN KEY (`CUSTOMER_ID`) REFERENCES `customers` (`ID`)
) ENGINE=InnoDB DEFAULT CHARSET=latin1;
/*!40101 SET character_set_client = @saved_cs_client */;

--
-- Dumping data for table `sale_return_headers`
--

LOCK TABLES `sale_return_headers` WRITE;
/*!40000 ALTER TABLE `sale_return_headers` DISABLE KEYS */;
/*!40000 ALTER TABLE `sale_return_headers` ENABLE KEYS */;
UNLOCK TABLES;

--
-- Table structure for table `stock_opname_details`
--

DROP TABLE IF EXISTS `stock_opname_details`;
/*!40101 SET @saved_cs_client     = @@character_set_client */;
/*!40101 SET character_set_client = utf8 */;
CREATE TABLE `stock_opname_details` (
  `ID` int(11) NOT NULL AUTO_INCREMENT,
  `DELETED` bit(1) NOT NULL,
  `DISABLED` bit(1) NOT NULL,
  `LAST_UPDATED_BY` int(11) NOT NULL,
  `LAST_UPDATED_TIMESTAMP` datetime NOT NULL,
  `LAST_STOCK_AMOUNT` decimal(19,2) NOT NULL,
  `LOSS_AMOUNT` decimal(19,2) NOT NULL,
  `LOSS_COUNT` int(11) NOT NULL,
  `OVER_AMOUNT` decimal(19,2) NOT NULL,
  `OVER_COUNT` int(11) NOT NULL,
  `QUANTITY_MANUAL` int(11) NOT NULL,
  `QUANTITY_SYSTEM` int(11) NOT NULL,
  `ITEM_STOCK_ID` int(11) NOT NULL,
  `STOCK_OPNAME_HEADER_ID` int(11) NOT NULL,
  PRIMARY KEY (`ID`),
  KEY `FKB05501384571FE72` (`STOCK_OPNAME_HEADER_ID`),
  KEY `FKB0550138E31B2773` (`ITEM_STOCK_ID`),
  CONSTRAINT `FKB05501384571FE72` FOREIGN KEY (`STOCK_OPNAME_HEADER_ID`) REFERENCES `stock_opname_headers` (`ID`),
  CONSTRAINT `FKB0550138E31B2773` FOREIGN KEY (`ITEM_STOCK_ID`) REFERENCES `item_stocks` (`ID`)
) ENGINE=InnoDB DEFAULT CHARSET=latin1;
/*!40101 SET character_set_client = @saved_cs_client */;

--
-- Dumping data for table `stock_opname_details`
--

LOCK TABLES `stock_opname_details` WRITE;
/*!40000 ALTER TABLE `stock_opname_details` DISABLE KEYS */;
/*!40000 ALTER TABLE `stock_opname_details` ENABLE KEYS */;
UNLOCK TABLES;

--
-- Table structure for table `stock_opname_headers`
--

DROP TABLE IF EXISTS `stock_opname_headers`;
/*!40101 SET @saved_cs_client     = @@character_set_client */;
/*!40101 SET character_set_client = utf8 */;
CREATE TABLE `stock_opname_headers` (
  `ID` int(11) NOT NULL AUTO_INCREMENT,
  `DELETED` bit(1) NOT NULL,
  `DISABLED` bit(1) NOT NULL,
  `LAST_UPDATED_BY` int(11) NOT NULL,
  `LAST_UPDATED_TIMESTAMP` datetime NOT NULL,
  `PERFORMED_BEGIN_TIMESTAMP` datetime NOT NULL,
  `PERFORMED_END_TIMESTAMP` datetime NOT NULL,
  `PERFORMED_BY` int(11) NOT NULL,
  PRIMARY KEY (`ID`),
  KEY `FK82E37E7CEAABB726` (`PERFORMED_BY`),
  CONSTRAINT `FK82E37E7CEAABB726` FOREIGN KEY (`PERFORMED_BY`) REFERENCES `users` (`ID`)
) ENGINE=InnoDB DEFAULT CHARSET=latin1;
/*!40101 SET character_set_client = @saved_cs_client */;

--
-- Dumping data for table `stock_opname_headers`
--

LOCK TABLES `stock_opname_headers` WRITE;
/*!40000 ALTER TABLE `stock_opname_headers` DISABLE KEYS */;
/*!40000 ALTER TABLE `stock_opname_headers` ENABLE KEYS */;
UNLOCK TABLES;

--
-- Table structure for table `suppliers`
--

DROP TABLE IF EXISTS `suppliers`;
/*!40101 SET @saved_cs_client     = @@character_set_client */;
/*!40101 SET character_set_client = utf8 */;
CREATE TABLE `suppliers` (
  `ID` int(11) NOT NULL AUTO_INCREMENT,
  `DELETED` bit(1) NOT NULL,
  `DISABLED` bit(1) NOT NULL,
  `LAST_UPDATED_BY` int(11) NOT NULL,
  `LAST_UPDATED_TIMESTAMP` datetime NOT NULL,
  `ADDRESS_1` varchar(255) DEFAULT NULL,
  `ADDRESS_2` varchar(255) DEFAULT NULL,
  `CODE` varchar(255) NOT NULL,
  `CONTACT_PERSON_1` varchar(255) DEFAULT NULL,
  `CONTACT_PERSON_1_EMAIL` varchar(255) DEFAULT NULL,
  `CONTACT_PERSON_1_PHONE` varchar(255) DEFAULT NULL,
  `CONTACT_PERSON_2` varchar(255) DEFAULT NULL,
  `CONTACT_PERSON_2_EMAIL` varchar(255) DEFAULT NULL,
  `CONTACT_PERSON_2_PHONE` varchar(255) DEFAULT NULL,
  `DESCRIPTION` varchar(255) DEFAULT NULL,
  `EMAIL_1` varchar(255) DEFAULT NULL,
  `EMAIL_2` varchar(255) DEFAULT NULL,
  `NAME` varchar(255) NOT NULL,
  `PHONE_1` varchar(255) DEFAULT NULL,
  `PHONE_2` varchar(255) DEFAULT NULL,
  PRIMARY KEY (`ID`),
  UNIQUE KEY `CODE` (`CODE`),
  UNIQUE KEY `NAME` (`NAME`)
) ENGINE=InnoDB AUTO_INCREMENT=2 DEFAULT CHARSET=latin1;
/*!40101 SET character_set_client = @saved_cs_client */;

--
-- Dumping data for table `suppliers`
--

LOCK TABLES `suppliers` WRITE;
/*!40000 ALTER TABLE `suppliers` DISABLE KEYS */;
INSERT INTO `suppliers` VALUES (1,'\0','\0',1,'2014-01-26 12:09:57','','','SU-001','','','','','','','BELI SENDIRI TANPA SUPPLIER','','','<TIDAK ADA>','','');
/*!40000 ALTER TABLE `suppliers` ENABLE KEYS */;
UNLOCK TABLES;

--
-- Table structure for table `taxes`
--

DROP TABLE IF EXISTS `taxes`;
/*!40101 SET @saved_cs_client     = @@character_set_client */;
/*!40101 SET character_set_client = utf8 */;
CREATE TABLE `taxes` (
  `ID` int(11) NOT NULL AUTO_INCREMENT,
  `DELETED` bit(1) NOT NULL,
  `DISABLED` bit(1) NOT NULL,
  `LAST_UPDATED_BY` int(11) NOT NULL,
  `LAST_UPDATED_TIMESTAMP` datetime NOT NULL,
  `CODE` varchar(255) NOT NULL,
  `DESCRIPTION` varchar(255) DEFAULT NULL,
  `NAME` varchar(255) DEFAULT NULL,
  `TAX_PERCENT` decimal(19,2) NOT NULL,
  PRIMARY KEY (`ID`),
  UNIQUE KEY `CODE` (`CODE`),
  UNIQUE KEY `TAX_PERCENT` (`TAX_PERCENT`)
) ENGINE=InnoDB AUTO_INCREMENT=2 DEFAULT CHARSET=latin1;
/*!40101 SET character_set_client = @saved_cs_client */;

--
-- Dumping data for table `taxes`
--

LOCK TABLES `taxes` WRITE;
/*!40000 ALTER TABLE `taxes` DISABLE KEYS */;
INSERT INTO `taxes` VALUES (1,'\0','\0',0,'2014-01-19 14:44:02','PPN','Nilai default untuk PPN','Pajak Pertambahan Nilai',0.00);
/*!40000 ALTER TABLE `taxes` ENABLE KEYS */;
UNLOCK TABLES;

--
-- Table structure for table `user_role_links`
--

DROP TABLE IF EXISTS `user_role_links`;
/*!40101 SET @saved_cs_client     = @@character_set_client */;
/*!40101 SET character_set_client = utf8 */;
CREATE TABLE `user_role_links` (
  `DELETED` bit(1) NOT NULL,
  `DISABLED` bit(1) NOT NULL,
  `LAST_UPDATED_BY` int(11) NOT NULL,
  `LAST_UPDATED_TIMESTAMP` datetime NOT NULL,
  `ROLE_ID` int(11) NOT NULL,
  `USER_ID` int(11) NOT NULL,
  PRIMARY KEY (`ROLE_ID`,`USER_ID`),
  KEY `FKD1D23784EBE9281F` (`ROLE_ID`),
  KEY `FKD1D237849113EBFF` (`USER_ID`),
  CONSTRAINT `FKD1D237849113EBFF` FOREIGN KEY (`USER_ID`) REFERENCES `users` (`ID`),
  CONSTRAINT `FKD1D23784EBE9281F` FOREIGN KEY (`ROLE_ID`) REFERENCES `roles` (`ID`)
) ENGINE=InnoDB DEFAULT CHARSET=latin1;
/*!40101 SET character_set_client = @saved_cs_client */;

--
-- Dumping data for table `user_role_links`
--

LOCK TABLES `user_role_links` WRITE;
/*!40000 ALTER TABLE `user_role_links` DISABLE KEYS */;
/*!40000 ALTER TABLE `user_role_links` ENABLE KEYS */;
UNLOCK TABLES;

--
-- Table structure for table `users`
--

DROP TABLE IF EXISTS `users`;
/*!40101 SET @saved_cs_client     = @@character_set_client */;
/*!40101 SET character_set_client = utf8 */;
CREATE TABLE `users` (
  `ID` int(11) NOT NULL AUTO_INCREMENT,
  `DELETED` bit(1) NOT NULL,
  `DISABLED` bit(1) NOT NULL,
  `LAST_UPDATED_BY` int(11) NOT NULL,
  `LAST_UPDATED_TIMESTAMP` datetime NOT NULL,
  `LOGIN` varchar(255) NOT NULL,
  `NAME` varchar(255) NOT NULL,
  `PASSWORD` varchar(255) NOT NULL,
  PRIMARY KEY (`ID`),
  UNIQUE KEY `LOGIN` (`LOGIN`)
) ENGINE=InnoDB AUTO_INCREMENT=6 DEFAULT CHARSET=latin1;
/*!40101 SET character_set_client = @saved_cs_client */;

--
-- Dumping data for table `users`
--

LOCK TABLES `users` WRITE;
/*!40000 ALTER TABLE `users` DISABLE KEYS */;
INSERT INTO `users` VALUES (1,'\0','\0',0,'2014-01-01 01:51:09','admin','Administrator','admin'),(2,'\0','',2,'2014-02-08 14:07:33','MILKA','MILKA EFLIN',''),(3,'\0','\0',2,'2014-02-08 14:11:29','SDF','ASDF','123456'),(4,'\0','\0',2,'2014-01-27 17:32:09','KARIS','KARIS','KARIS'),(5,'\0','\0',2,'2014-01-27 17:32:37','IKA','IKA','IKA');
/*!40000 ALTER TABLE `users` ENABLE KEYS */;
UNLOCK TABLES;
/*!40103 SET TIME_ZONE=@OLD_TIME_ZONE */;

/*!40101 SET SQL_MODE=@OLD_SQL_MODE */;
/*!40014 SET FOREIGN_KEY_CHECKS=@OLD_FOREIGN_KEY_CHECKS */;
/*!40014 SET UNIQUE_CHECKS=@OLD_UNIQUE_CHECKS */;
/*!40101 SET CHARACTER_SET_CLIENT=@OLD_CHARACTER_SET_CLIENT */;
/*!40101 SET CHARACTER_SET_RESULTS=@OLD_CHARACTER_SET_RESULTS */;
/*!40101 SET COLLATION_CONNECTION=@OLD_COLLATION_CONNECTION */;
/*!40111 SET SQL_NOTES=@OLD_SQL_NOTES */;

-- Dump completed on 2014-02-18 20:45:56